patch	name	type	partial_mask	partial	block_addr	region_off	fine	set	vsel_addr	vel_splits	set_idx_per_velzone
0	     Piano      	10	05	0	05253A	3253A	00	01	076ABA	7F/7F/7F	1/1/1/1
0	     Piano      	10	05	1	05258B	3258B	00	05	076AC5	7F/7F/7F	2/2/2/2
1	  Bright Piano  	10	05	0	052642	32642	00	01	076ABA	7F/7F/7F	1/1/1/1
1	  Bright Piano  	10	05	1	052693	32693	00	05	076AC5	7F/7F/7F	2/2/2/2
2	  Mellow Piano  	10	05	0	05274A	3274A	00	01	076ABA	7F/7F/7F	1/1/1/1
2	  Mellow Piano  	10	05	1	05279B	3279B	00	05	076AC5	7F/7F/7F	2/2/2/2
3	 Piano 1 Octave 	10	05	0	052852	32852	00	00	076AA4	7F/7F/7F	0/0/0/0
3	 Piano 1 Octave 	10	05	1	0528A3	328A3	00	00	076AA4	7F/7F/7F	0/0/0/0
4	 Piano 2 Octave 	10	05	0	05295A	3295A	00	00	076AA4	7F/7F/7F	0/0/0/0
4	 Piano 2 Octave 	10	05	1	0529AB	329AB	00	00	076AA4	7F/7F/7F	0/0/0/0
5	   Rock Piano   	10	01	0	052A62	32A62	01	04	076AE6	7F/7F/7F	6/6/6/6
6	Honky-Tonk Piano	10	05	0	052B19	32B19	00	00	076AA4	7F/7F/7F	0/0/0/0
6	Honky-Tonk Piano	10	05	1	052B6A	32B6A	00	00	076AA4	7F/7F/7F	0/0/0/0
7	 Electric Grand 	10	05	0	052C21	32C21	03	00	076AFC	7F/7F/7F	8/8/8/8
7	 Electric Grand 	10	05	1	052C72	32C72	03	00	076AFC	7F/7F/7F	8/8/8/8
8	   Midi Grand   	10	15	0	052D29	32D29	00	00	076AA4	7F/7F/7F	0/0/0/0
8	   Midi Grand   	10	15	1	052D7A	32D7A	06	00	076B49	3B/4F/63	22/23/19/24
8	   Midi Grand   	10	15	2	052DCB	32DCB	06	00	076B49	3B/4F/63	22/23/19/24
9	   E.Piano 1    	10	01	0	052E82	32E82	05	00	076B12	3C/50/64	13/15/11/16
10	   E.Piano 2    	10	01	0	052F39	32F39	05	01	076B28	59/7F/7F	14/12/12/12
11	 Suitcase E.P.  	10	01	0	052FF0	32FF0	04	00	076B07	59/6D/7F	9/10/12/9
12	Tremolo E.Piano 	10	05	0	0530A7	330A7	04	00	076B07	59/6D/7F	9/10/12/9
12	Tremolo E.Piano 	10	05	1	0530F8	330F8	04	00	076B07	59/6D/7F	9/10/12/9
13	 Wurly E.Piano  	10	11	0	0531AF	331AF	04	00	076B07	59/6D/7F	9/10/12/9
13	 Wurly E.Piano  	10	11	1	053200	33200	7A	07	077885	4B/66/7F	324/325/327/327
14	  Modern E.P.1  	10	01	0	0532B7	332B7	06	00	076B49	3B/4F/63	22/23/19/24
15	  Modern E.P.2  	10	05	0	05336E	3336E	06	01	076B54	7F/7F/7F	20/20/20/20
15	  Modern E.P.2  	10	05	1	0533BF	333BF	06	00	076B49	3B/4F/63	22/23/19/24
16	  Harpsichord   	00	45	0	053476	33476	10	02	076C30	7F/7F/7F	42/42/42/42
16	  Harpsichord   	00	45	1	0534C7	334C7	10	00	076C1A	7F/7F/7F	41/41/41/41
16	  Harpsichord   	00	45	2	053518	33518	1F	80	076DA6	7F/7F/7F	81/81/81/81
17	    Cembalo     	00	55	0	0535CF	335CF	10	00	076C1A	7F/7F/7F	41/41/41/41
17	    Cembalo     	00	55	1	053620	33620	10	02	076C30	7F/7F/7F	42/42/42/42
17	    Cembalo     	00	55	2	053671	33671	10	00	076C1A	7F/7F/7F	41/41/41/41
17	    Cembalo     	00	55	3	0536C2	336C2	1F	80	076DA6	7F/7F/7F	81/81/81/81
18	     Clavi      	30	41	0	053779	33779	11	00	076C3B	7F/7F/7F	45/45/45/45
18	     Clavi      	30	41	1	0537CA	337CA	1F	84	076DD2	7F/7F/7F	82/82/82/82
19	  Synth Clavi   	30	01	0	053881	33881	73	00	077767	7F/7F/7F	303/303/303/303
20	  Glockenspiel  	00	11	0	053938	33938	09	00	076B96	7F/7F/7F	29/29/29/29
20	  Glockenspiel  	00	11	1	053989	33989	57	80	0774E9	7F/7F/7F	245/245/245/245
21	   Vibraphone   	00	11	0	053A40	33A40	08	00	076B8B	7F/7F/7F	28/28/28/28
21	   Vibraphone   	00	11	1	053A91	33A91	0E	01	076BEE	7F/7F/7F	37/37/37/37
22	Vibes&JazzGuitar	00	05	0	053B48	33B48	08	00	076B8B	7F/7F/7F	28/28/28/28
22	Vibes&JazzGuitar	00	05	1	053B99	33B99	19	00	076D01	7F/7F/7F	63/63/63/63
23	    Marimba     	00	01	0	053C50	33C50	0A	00	076BA1	7F/7F/7F	30/30/30/30
24	   Xylophone    	00	01	0	053D07	33D07	0B	00	076BAC	7F/7F/7F	31/31/31/31
25	    Celesta     	00	01	0	053DBE	33DBE	0C	00	076BB7	7F/7F/7F	32/32/32/32
26	 Tubular Bells  	10	01	0	053E75	33E75	0E	00	076BE3	7F/7F/7F	36/36/36/36
27	    Carillon    	10	01	0	053F2C	33F2C	0E	04	076BF9	7F/7F/7F	38/38/38/38
28	   Wind Chime   	10	05	0	053FE3	33FE3	0E	01	076BEE	7F/7F/7F	37/37/37/37
28	   Wind Chime   	10	05	1	054034	34034	0E	01	076BEE	7F/7F/7F	37/37/37/37
29	 Bottle Marimba 	00	01	0	0540EB	340EB	0D	00	076BD8	7F/7F/7F	35/35/35/35
30	 African Mallet 	00	11	0	0541A2	341A2	71	00	077751	7F/7F/7F	301/301/301/301
30	 African Mallet 	00	11	1	0541F3	341F3	5A	80	077520	7F/7F/7F	250/250/250/250
31	Caribbean Mallet	00	15	0	0542AA	342AA	0B	00	076BAC	7F/7F/7F	31/31/31/31
31	Caribbean Mallet	00	15	1	0542FB	342FB	0D	00	076BD8	7F/7F/7F	35/35/35/35
31	Caribbean Mallet	00	15	2	05434C	3434C	70	02	077725	7F/7F/7F	296/296/296/296
32	   Music Box    	00	01	0	054403	34403	07	00	076B6A	7F/7F/7F	25/25/25/25
33	      Harp      	00	11	0	0544BA	344BA	20	00	076DDD	7F/7F/7F	83/83/83/83
33	      Harp      	00	11	1	05450B	3450B	14	00	076C67	7F/7F/7F	49/49/49/49
34	 Orchestra Hit  	10	01	0	0545C2	345C2	7F	01	0778E8	7F/7F/7F	336/336/336/336
35	  Dance Hit 1   	10	01	0	054679	34679	7F	04	0778FE	7F/7F/7F	337/337/337/337
36	  Dance Hit 2   	10	01	0	054730	34730	7F	05	077909	7F/7F/7F	338/338/338/338
37	    Timpani     	30	01	0	0547E7	347E7	7E	00	0778C7	7F/7F/7F	334/334/334/334
38	  Sleigh Bell   	10	05	0	05489E	3489E	53	80	077470	7F/7F/7F	235/235/235/235
38	  Sleigh Bell   	10	05	1	0548EF	348EF	53	80	077470	7F/7F/7F	235/235/235/235
39	      Gong      	10	01	0	0549A6	349A6	5F	84	0775BA	7F/7F/7F	264/264/264/264
40	Classical Guitar	30	01	0	054A5D	34A5D	14	00	076C67	7F/7F/7F	49/49/49/49
41	 Spanish Guitar 	30	01	0	054B14	34B14	14	01	076C72	7F/7F/7F	50/50/50/50
42	 Jazz Ac.Guitar 	30	01	0	054BCB	34BCB	15	00	076C88	7F/7F/7F	52/52/52/52
43	  Bossa Guitar  	30	01	0	054C82	34C82	14	04	076C7D	7F/7F/7F	51/51/51/51
44	Guitar Harmonics	20	11	0	054D39	34D39	1B	03	076D64	7F/7F/7F	72/72/72/72
44	Guitar Harmonics	20	11	1	054D8A	34D8A	12	80	076C51	7F/7F/7F	47/47/47/47
45	  Folk Guitar   	30	11	0	054E41	34E41	16	00	076C9E	7F/7F/7F	54/54/54/54
45	  Folk Guitar   	30	11	1	054E92	34E92	0F	80	076C0F	7F/7F/7F	40/40/40/40
46	12 String Guitar	30	55	0	054F49	34F49	16	00	076C9E	7F/7F/7F	54/54/54/54
46	12 String Guitar	30	55	1	054F9A	34F9A	16	00	076C9E	7F/7F/7F	54/54/54/54
46	12 String Guitar	30	55	2	054FEB	34FEB	0F	80	076C0F	7F/7F/7F	40/40/40/40
46	12 String Guitar	30	55	3	05503C	3503C	16	00	076C9E	7F/7F/7F	54/54/54/54
47	ElectroAc.Guitar	30	01	0	0550F3	350F3	19	01	076D17	7F/7F/7F	64/64/64/64
48	 Jazz Guitar 1  	30	01	0	0551AA	351AA	19	00	076D01	7F/7F/7F	63/63/63/63
49	 Jazz Guitar 2  	30	01	0	055261	35261	18	00	076CEB	7F/7F/7F	61/61/61/61
50	Bright Solid Gtr	30	11	0	055318	35318	1A	00	076D22	7F/7F/7F	66/66/66/66
50	Bright Solid Gtr	30	11	1	055369	35369	10	80	076C25	60/7F/7F	43/44/43/43
51	Mellow Solid Gtr	30	01	0	055420	35420	1C	00	076D6F	7F/7F/7F	73/73/73/73
52	Clean Solid Gtr 	30	11	0	0554D7	354D7	1A	01	076D38	7F/7F/7F	67/67/67/67
52	Clean Solid Gtr 	30	11	1	055528	35528	10	80	076C25	60/7F/7F	43/44/43/43
53	Fusion Solid Gtr	30	01	0	0555DF	355DF	1A	02	076D43	7F/7F/7F	68/68/68/68
54	  Mute Guitar   	30	51	0	055696	35696	1D	00	076D7A	7F/7F/7F	74/74/74/74
54	  Mute Guitar   	30	51	1	0556E7	356E7	10	80	076C25	60/7F/7F	43/44/43/43
54	  Mute Guitar   	30	51	2	055738	35738	11	80	076C46	7F/7F/7F	46/46/46/46
55	Funk Mute Guitar	30	41	0	0557EF	357EF	1D	02	076D85	7F/7F/7F	75/75/75/75
55	Funk Mute Guitar	30	41	1	055840	35840	11	80	076C46	7F/7F/7F	46/46/46/46
56	 Distortion Gtr 	20	01	0	0558F7	358F7	1E	00	076D90	7F/7F/7F	76/76/76/76
57	Overdrive Guitar	20	11	0	0559AE	359AE	1B	02	076D59	7F/7F/7F	71/71/71/71
57	Overdrive Guitar	20	11	1	0559FF	359FF	5E	01	077599	7F/7F/7F	260/260/260/260
58	 Country Guitar 	30	01	0	055AB6	35AB6	1F	01	076DB1	7F/7F/7F	78/78/78/78
59	Nashville Steel 	20	01	0	055B6D	35B6D	1F	02	076DBC	7F/7F/7F	79/79/79/79
60	     Banjo      	20	01	0	055C24	35C24	21	00	076DFE	7F/7F/7F	86/86/86/86
61	    Mandolin    	20	01	0	055CDB	35CDB	23	00	076E2A	7F/7F/7F	90/90/90/90
62	Hawaiian Guitar1	20	01	0	055D92	35D92	1F	00	076D9B	7F/7F/7F	77/77/77/77
63	Hawaiian Guitar2	20	01	0	055E49	35E49	1F	03	076DC7	7F/7F/7F	80/80/80/80
64	      Koto      	30	01	0	055F00	35F00	25	00	076E56	7F/7F/7F	94/94/94/94
65	    Shamisen    	30	01	0	055FB7	35FB7	24	00	076E4B	7F/7F/7F	93/93/93/93
66	    Kalimba     	00	11	0	05606E	3606E	27	00	076E8D	7F/7F/7F	99/99/99/99
66	    Kalimba     	00	11	1	0560BF	360BF	59	80	077515	7F/7F/7F	249/249/249/249
67	 Metal Kalimba  	00	05	0	056176	36176	27	00	076E8D	7F/7F/7F	99/99/99/99
67	 Metal Kalimba  	00	05	1	0561C7	361C7	59	80	077515	7F/7F/7F	249/249/249/249
68	     Sitar      	30	01	0	05627E	3627E	26	00	076E6C	7F/7F/7F	96/96/96/96
69	   Steel Drum   	00	11	0	056335	36335	0F	00	076C04	7F/7F/7F	39/39/39/39
69	   Steel Drum   	00	11	1	056386	36386	46	80	0772AD	7F/7F/7F	193/193/193/193
70	     Bonang     	10	01	0	05643D	3643D	70	04	07773B	7F/7F/7F	298/298/298/298
71	    Sarrons     	10	01	0	0564F4	364F4	70	03	077730	7F/7F/7F	297/297/297/297
72	     Kenong     	10	01	0	0565AB	365AB	70	00	07770F	7F/7F/7F	295/295/295/295
73	    Slentem     	10	01	0	056662	36662	70	05	077746	7F/7F/7F	299/299/299/299
74	    Dulcimer    	20	05	0	056719	36719	26	01	076E77	7F/7F/7F	97/97/97/97
74	    Dulcimer    	20	05	1	05676A	3676A	26	01	076E77	7F/7F/7F	97/97/97/97
75	     Kanun      	20	15	0	056821	36821	25	00	076E56	7F/7F/7F	94/94/94/94
75	     Kanun      	20	15	1	056872	36872	25	00	076E56	7F/7F/7F	94/94/94/94
75	     Kanun      	20	15	2	0568C3	368C3	25	00	076E56	7F/7F/7F	94/94/94/94
76	     Cumbus     	20	15	0	05697A	3697A	2D	00	076FB6	7F/7F/7F	124/124/124/124
76	     Cumbus     	20	15	1	0569CB	369CB	2D	00	076FB6	7F/7F/7F	124/124/124/124
76	     Cumbus     	20	15	2	056A1C	36A1C	29	00	076F06	7F/7F/7F	110/110/110/110
77	    Ukulele     	30	11	0	056AD3	36AD3	16	00	076C9E	7F/7F/7F	54/54/54/54
77	    Ukulele     	30	11	1	056B24	36B24	0F	80	076C0F	7F/7F/7F	40/40/40/40
78	    Bouzouki    	30	45	0	056BDB	36BDB	23	04	076E40	7F/7F/7F	91/91/91/91
78	    Bouzouki    	30	45	1	056C2C	36C2C	23	04	076E40	7F/7F/7F	91/91/91/91
78	    Bouzouki    	30	45	2	056C7D	36C7D	23	04	076E40	7F/7F/7F	91/91/91/91
79	  Talking Drum  	10	05	0	056D34	36D34	40	80	0771FD	7F/7F/7F	178/178/178/178
79	  Talking Drum  	10	05	1	056D85	36D85	41	80	077229	7F/7F/7F	182/182/182/182
80	SymphonicStrings	20	05	0	056E3C	36E3C	64	00	07761D	7F/7F/7F	273/273/273/273
80	SymphonicStrings	20	05	1	056E8D	36E8D	64	04	077633	7F/7F/7F	275/275/275/275
81	Concert Strings 	20	05	0	056F44	36F44	65	00	077649	7F/7F/7F	277/277/277/277
81	Concert Strings 	20	05	1	056F95	36F95	65	01	077654	7F/7F/7F	278/278/278/278
82	ClassicalStrings	20	01	0	05704C	3704C	64	00	07761D	7F/7F/7F	273/273/273/273
83	Marcato Strings 	20	01	0	057103	37103	64	04	077633	7F/7F/7F	275/275/275/275
84	Violin Ensemble 	20	01	0	0571BA	371BA	66	00	07765F	7F/7F/7F	279/279/279/279
85	 Viola Ensemble 	20	01	0	057271	37271	66	04	077675	7F/7F/7F	280/280/280/280
86	 Cello Ensemble 	20	01	0	057328	37328	67	00	077680	7F/7F/7F	282/282/282/282
87	 Bass Ensemble  	20	01	0	0573DF	373DF	67	04	07768B	7F/7F/7F	283/283/283/283
88	  Slow Strings  	20	01	0	057496	37496	64	00	07761D	7F/7F/7F	273/273/273/273
89	 Octave Strings 	20	05	0	05754D	3754D	64	04	077633	7F/7F/7F	275/275/275/275
89	 Octave Strings 	20	05	1	05759E	3759E	64	00	07761D	7F/7F/7F	273/273/273/273
90	  Bass Strings  	20	11	0	057655	37655	62	00	0775FC	7F/7F/7F	270/270/270/270
90	  Bass Strings  	20	11	1	0576A6	376A6	64	04	077633	7F/7F/7F	275/275/275/275
91	Tremolo Strings 	00	05	0	05775D	3775D	64	00	07761D	7F/7F/7F	273/273/273/273
91	Tremolo Strings 	00	05	1	0577AE	377AE	64	04	077633	7F/7F/7F	275/275/275/275
92	 Pizzicato Str. 	00	05	0	057865	37865	63	00	077612	7F/7F/7F	272/272/272/272
92	 Pizzicato Str. 	00	05	1	0578B6	378B6	63	00	077612	7F/7F/7F	272/272/272/272
93	Synth Strings 1 	20	15	0	05796D	3796D	78	00	077801	7F/7F/7F	317/317/317/317
93	Synth Strings 1 	20	15	1	0579BE	379BE	76	00	077788	7F/7F/7F	306/306/306/306
93	Synth Strings 1 	20	15	2	057A0F	37A0F	64	04	077633	7F/7F/7F	275/275/275/275
94	Synth Strings 2 	20	05	0	057AC6	37AC6	6B	01	0776D8	7F/7F/7F	289/289/289/289
94	Synth Strings 2 	20	05	1	057B17	37B17	76	00	077788	7F/7F/7F	306/306/306/306
95	     Violin     	20	01	0	057BCE	37BCE	60	00	0775C5	7F/7F/7F	265/265/265/265
96	  Jazz Violin   	20	01	0	057C85	37C85	60	01	0775D0	7F/7F/7F	266/266/266/266
97	 Country Fiddle 	20	05	0	057D3C	37D3C	60	00	0775C5	7F/7F/7F	265/265/265/265
97	 Country Fiddle 	20	05	1	057D8D	37D8D	60	01	0775D0	7F/7F/7F	266/266/266/266
98	     Viola      	20	01	0	057E44	37E44	61	01	0775F1	7F/7F/7F	268/268/268/268
99	     Cello      	20	01	0	057EFB	37EFB	61	00	0775DB	7F/7F/7F	267/267/267/267
100	   Bowed Bass   	20	01	0	057FB2	37FB2	62	00	0775FC	7F/7F/7F	270/270/270/270
101	    Vocal Ah    	20	01	0	058069	38069	68	04	0776AC	7F/7F/7F	286/286/286/286
102	  Pop Vocal Ah  	20	01	0	058120	38120	68	02	0776A1	7F/7F/7F	285/285/285/285
103	Stereo Vocal Ah 	20	05	0	0581D7	381D7	68	04	0776AC	7F/7F/7F	286/286/286/286
103	Stereo Vocal Ah 	20	05	1	058228	38228	68	02	0776A1	7F/7F/7F	285/285/285/285
104	   Vocal Ooh    	20	01	0	0582DF	382DF	68	01	077696	7F/7F/7F	284/284/284/284
105	    Humming     	20	11	0	058396	38396	69	00	0776C2	7F/7F/7F	288/288/288/288
105	    Humming     	20	11	1	0583E7	383E7	68	04	0776AC	7F/7F/7F	286/286/286/286
106	  Synth Vocal   	20	11	0	05849E	3849E	68	01	077696	7F/7F/7F	284/284/284/284
106	  Synth Vocal   	20	11	1	0584EF	384EF	6B	01	0776D8	7F/7F/7F	289/289/289/289
107	    Air Vox     	20	11	0	0585A6	385A6	48	00	0772B8	7F/7F/7F	194/194/194/194
107	    Air Vox     	20	11	1	0585F7	385F7	68	04	0776AC	7F/7F/7F	286/286/286/286
108	   Vocal Doo    	20	05	0	0586AE	386AE	6D	00	0776EE	7F/7F/7F	292/292/292/292
108	   Vocal Doo    	20	05	1	0586FF	386FF	68	01	077696	7F/7F/7F	284/284/284/284
109	   Vocal Daa    	20	05	0	0587B6	387B6	6D	01	0776F9	7F/7F/7F	293/293/293/293
109	   Vocal Daa    	20	05	1	058807	38807	68	02	0776A1	7F/7F/7F	285/285/285/285
110	 German Acdn 1  	00	05	0	0588BE	388BE	51	02	07740D	7F/7F/7F	224/224/224/224
110	 German Acdn 1  	00	05	1	05890F	3890F	51	03	077418	7F/7F/7F	225/225/225/225
111	 German Acdn 2  	00	15	0	0589C6	389C6	51	01	077402	7F/7F/7F	223/223/223/223
111	 German Acdn 2  	00	15	1	058A17	38A17	51	02	07740D	7F/7F/7F	224/224/224/224
111	 German Acdn 2  	00	15	2	058A68	38A68	51	03	077418	7F/7F/7F	225/225/225/225
112	 German Acdn 3  	00	11	0	058B1F	38B1F	51	01	077402	7F/7F/7F	223/223/223/223
112	 German Acdn 3  	00	11	1	058B70	38B70	51	03	077418	7F/7F/7F	225/225/225/225
113	 German Acdn 4  	00	55	0	058C27	38C27	51	05	07742E	7F/7F/7F	227/227/227/227
113	 German Acdn 4  	00	55	1	058C78	38C78	51	03	077418	7F/7F/7F	225/225/225/225
113	 German Acdn 4  	00	55	2	058CC9	38CC9	51	05	07742E	7F/7F/7F	227/227/227/227
113	 German Acdn 4  	00	55	3	058D1A	38D1A	51	05	07742E	7F/7F/7F	227/227/227/227
114	 German Acdn 5  	00	15	0	058DD1	38DD1	51	03	077418	7F/7F/7F	225/225/225/225
114	 German Acdn 5  	00	15	1	058E22	38E22	51	03	077418	7F/7F/7F	225/225/225/225
114	 German Acdn 5  	00	15	2	058E73	38E73	51	03	077418	7F/7F/7F	225/225/225/225
115	 German Acdn 6  	00	15	0	058F2A	38F2A	51	03	077418	7F/7F/7F	225/225/225/225
115	 German Acdn 6  	00	15	1	058F7B	38F7B	51	02	07740D	7F/7F/7F	224/224/224/224
115	 German Acdn 6  	00	15	2	058FCC	38FCC	51	03	077418	7F/7F/7F	225/225/225/225
116	 German Acdn 7  	00	11	0	059083	39083	51	02	07740D	7F/7F/7F	224/224/224/224
116	 German Acdn 7  	00	11	1	0590D4	390D4	51	03	077418	7F/7F/7F	225/225/225/225
117	 German Acdn 8  	00	01	0	05918B	3918B	51	02	07740D	7F/7F/7F	224/224/224/224
118	German Acdn Bs1 	00	15	0	059242	39242	51	04	077423	7F/7F/7F	226/226/226/226
118	German Acdn Bs1 	00	15	1	059293	39293	51	03	077418	7F/7F/7F	225/225/225/225
118	German Acdn Bs1 	00	15	2	0592E4	392E4	51	03	077418	7F/7F/7F	225/225/225/225
119	German Acdn Bs2 	00	15	0	05939B	3939B	51	00	0773EC	7F/7F/7F	222/222/222/222
119	German Acdn Bs2 	00	15	1	0593EC	393EC	51	05	07742E	7F/7F/7F	227/227/227/227
119	German Acdn Bs2 	00	15	2	05943D	3943D	50	03	0773D6	7F/7F/7F	219/219/219/219
120	 Italian Acdn 1 	00	01	0	0594F4	394F4	50	01	0773C0	7F/7F/7F	217/217/217/217
121	 Italian Acdn 2 	00	05	0	0595AB	395AB	50	01	0773C0	7F/7F/7F	217/217/217/217
121	 Italian Acdn 2 	00	05	1	0595FC	395FC	50	02	0773CB	7F/7F/7F	218/218/218/218
122	 Italian Acdn 3 	00	05	0	0596B3	396B3	50	01	0773C0	7F/7F/7F	217/217/217/217
122	 Italian Acdn 3 	00	05	1	059704	39704	50	03	0773D6	7F/7F/7F	219/219/219/219
123	 Italian Acdn 4 	00	55	0	0597BB	397BB	50	01	0773C0	7F/7F/7F	217/217/217/217
123	 Italian Acdn 4 	00	55	1	05980C	3980C	50	03	0773D6	7F/7F/7F	219/219/219/219
123	 Italian Acdn 4 	00	55	2	05985D	3985D	50	05	0773E1	7F/7F/7F	220/220/220/220
123	 Italian Acdn 4 	00	55	3	0598AE	398AE	50	02	0773CB	7F/7F/7F	218/218/218/218
124	 Italian Acdn 5 	00	15	0	059965	39965	50	01	0773C0	7F/7F/7F	217/217/217/217
124	 Italian Acdn 5 	00	15	1	0599B6	399B6	50	02	0773CB	7F/7F/7F	218/218/218/218
124	 Italian Acdn 5 	00	15	2	059A07	39A07	50	03	0773D6	7F/7F/7F	219/219/219/219
125	 Italian Acdn 6 	00	05	0	059ABE	39ABE	50	02	0773CB	7F/7F/7F	218/218/218/218
125	 Italian Acdn 6 	00	05	1	059B0F	39B0F	50	03	0773D6	7F/7F/7F	219/219/219/219
126	 Italian Acdn 7 	00	05	0	059BC6	39BC6	50	02	0773CB	7F/7F/7F	218/218/218/218
126	 Italian Acdn 7 	00	05	1	059C17	39C17	50	03	0773D6	7F/7F/7F	219/219/219/219
127	 Italian Acdn 8 	00	01	0	059CCE	39CCE	50	02	0773CB	7F/7F/7F	218/218/218/218
128	Italian Acdn Bs1	00	15	0	059D85	39D85	50	01	0773C0	7F/7F/7F	217/217/217/217
128	Italian Acdn Bs1	00	15	1	059DD6	39DD6	50	02	0773CB	7F/7F/7F	218/218/218/218
128	Italian Acdn Bs1	00	15	2	059E27	39E27	50	03	0773D6	7F/7F/7F	219/219/219/219
129	Italian Acdn Bs2	00	15	0	059EDE	39EDE	50	01	0773C0	7F/7F/7F	217/217/217/217
129	Italian Acdn Bs2	00	15	1	059F2F	39F2F	50	03	0773D6	7F/7F/7F	219/219/219/219
129	Italian Acdn Bs2	00	15	2	059F80	39F80	50	05	0773E1	7F/7F/7F	220/220/220/220
130	   Perc Organ   	20	01	0	05A037	3A037	58	00	0774F4	7F/7F/7F	246/246/246/246
131	 Full Drawbars  	20	01	0	05A0EE	3A0EE	59	00	07750A	7F/7F/7F	248/248/248/248
132	 Jazz Drawbars  	20	01	0	05A1A5	3A1A5	5D	00	077578	7F/7F/7F	258/258/258/258
133	    16' & 1'    	20	01	0	05A25C	3A25C	5B	00	07752B	7F/7F/7F	251/251/251/251
134	Accomp Drawbars 	20	51	0	05A313	3A313	5B	01	077541	7F/7F/7F	252/252/252/252
134	Accomp Drawbars 	20	51	1	05A364	3A364	5E	01	077599	7F/7F/7F	260/260/260/260
134	Accomp Drawbars 	20	51	2	05A3B5	3A3B5	18	80	076CF6	7F/7F/7F	62/62/62/62
135	   Pop Organ    	20	51	0	05A46C	3A46C	5B	01	077541	7F/7F/7F	252/252/252/252
135	   Pop Organ    	20	51	1	05A4BD	3A4BD	5E	01	077599	7F/7F/7F	260/260/260/260
135	   Pop Organ    	20	51	2	05A50E	3A50E	18	80	076CF6	7F/7F/7F	62/62/62/62
136	   Soul Organ   	20	51	0	05A5C5	3A5C5	5B	02	077557	7F/7F/7F	253/253/253/253
136	   Soul Organ   	20	51	1	05A616	3A616	5B	02	077557	7F/7F/7F	253/253/253/253
136	   Soul Organ   	20	51	2	05A667	3A667	18	80	076CF6	7F/7F/7F	62/62/62/62
137	   Rock Organ   	20	15	0	05A71E	3A71E	59	00	07750A	7F/7F/7F	248/248/248/248
137	   Rock Organ   	20	15	1	05A76F	3A76F	59	00	07750A	7F/7F/7F	248/248/248/248
137	   Rock Organ   	20	15	2	05A7C0	3A7C0	18	80	076CF6	7F/7F/7F	62/62/62/62
138	   Organ Bass   	00	05	0	05A877	3A877	5B	02	077557	7F/7F/7F	253/253/253/253
138	   Organ Bass   	00	05	1	05A8C8	3A8C8	5B	02	077557	7F/7F/7F	253/253/253/253
139	  Chapel Organ  	00	15	0	05A97F	3A97F	55	05	0774B2	7F/7F/7F	239/239/239/239
139	  Chapel Organ  	00	15	1	05A9D0	3A9D0	55	04	0774A7	7F/7F/7F	238/238/238/238
139	  Chapel Organ  	00	15	2	05AA21	3AA21	48	00	0772B8	7F/7F/7F	194/194/194/194
140	   Full Organ   	00	15	0	05AAD8	3AAD8	54	00	077486	7F/7F/7F	236/236/236/236
140	   Full Organ   	00	15	1	05AB29	3AB29	54	00	077486	7F/7F/7F	236/236/236/236
140	   Full Organ   	00	15	2	05AB7A	3AB7A	55	04	0774A7	7F/7F/7F	238/238/238/238
141	Cathedral Organ 	00	15	0	05AC31	3AC31	56	05	0774DE	7F/7F/7F	242/242/242/242
141	Cathedral Organ 	00	15	1	05AC82	3AC82	56	04	0774D3	7F/7F/7F	241/241/241/241
141	Cathedral Organ 	00	15	2	05ACD3	3ACD3	54	00	077486	7F/7F/7F	236/236/236/236
142	 Theatre Organ  	00	15	0	05AD8A	3AD8A	56	05	0774DE	7F/7F/7F	242/242/242/242
142	 Theatre Organ  	00	15	1	05ADDB	3ADDB	78	01	07780C	7F/7F/7F	318/318/318/318
142	 Theatre Organ  	00	15	2	05AE2C	3AE2C	49	00	0772D9	7F/7F/7F	197/197/197/197
143	 Theatre Accomp 	00	15	0	05AEE3	3AEE3	78	01	07780C	7F/7F/7F	318/318/318/318
143	 Theatre Accomp 	00	15	1	05AF34	3AF34	78	01	07780C	7F/7F/7F	318/318/318/318
143	 Theatre Accomp 	00	15	2	05AF85	3AF85	55	04	0774A7	7F/7F/7F	238/238/238/238
144	Theatre Novelty 	00	15	0	05B03C	3B03C	5E	01	077599	7F/7F/7F	260/260/260/260
144	Theatre Novelty 	00	15	1	05B08D	3B08D	5E	01	077599	7F/7F/7F	260/260/260/260
144	Theatre Novelty 	00	15	2	05B0DE	3B0DE	49	00	0772D9	7F/7F/7F	197/197/197/197
145	Bright Accordion	00	01	0	05B195	3B195	50	00	0773AA	7F/7F/7F	216/216/216/216
146	Mellow Accordion	00	01	0	05B24C	3B24C	51	00	0773EC	7F/7F/7F	222/222/222/222
147	    Musette     	00	01	0	05B303	3B303	52	00	077439	7F/7F/7F	229/229/229/229
148	   Bandoneon    	00	05	0	05B3BA	3B3BA	51	00	0773EC	7F/7F/7F	222/222/222/222
148	   Bandoneon    	00	05	1	05B40B	3B40B	51	00	0773EC	7F/7F/7F	222/222/222/222
149	 Folk Accordion 	00	55	0	05B4C2	3B4C2	52	04	07744F	7F/7F/7F	230/230/230/230
149	 Folk Accordion 	00	55	1	05B513	3B513	52	00	077439	7F/7F/7F	229/229/229/229
149	 Folk Accordion 	00	55	2	05B564	3B564	52	05	07745A	7F/7F/7F	231/231/231/231
149	 Folk Accordion 	00	55	3	05B5B5	3B5B5	51	05	07742E	7F/7F/7F	227/227/227/227
150	 Bigband Brass  	20	01	0	05B66C	3B66C	38	00	077121	7F/7F/7F	157/157/157/157
151	 Marching Brass 	20	01	0	05B723	3B723	39	00	077137	7F/7F/7F	159/159/159/159
152	 Brass & Synth  	20	15	0	05B7DA	3B7DA	38	00	077121	7F/7F/7F	157/157/157/157
152	 Brass & Synth  	20	15	1	05B82B	3B82B	38	00	077121	7F/7F/7F	157/157/157/157
152	 Brass & Synth  	20	15	2	05B87C	3B87C	3C	01	0771A5	7F/7F/7F	168/168/168/168
153	  Octave Brass  	20	15	0	05B933	3B933	38	00	077121	7F/7F/7F	157/157/157/157
153	  Octave Brass  	20	15	1	05B984	3B984	38	00	077121	7F/7F/7F	157/157/157/157
153	  Octave Brass  	20	15	2	05B9D5	3B9D5	30	00	07705B	7F/7F/7F	139/139/139/139
154	  Octave Horns  	20	15	0	05BA8C	3BA8C	3B	00	077184	7F/7F/7F	166/166/166/166
154	  Octave Horns  	20	15	1	05BADD	3BADD	30	00	07705B	7F/7F/7F	139/139/139/139
154	  Octave Horns  	20	15	2	05BB2E	3BB2E	38	00	077121	7F/7F/7F	157/157/157/157
155	 Synth Brass 1  	20	05	0	05BBE5	3BBE5	78	00	077801	7F/7F/7F	317/317/317/317
155	 Synth Brass 1  	20	05	1	05BC36	3BC36	78	00	077801	7F/7F/7F	317/317/317/317
156	 Synth Brass 2  	20	05	0	05BCED	3BCED	3C	01	0771A5	7F/7F/7F	168/168/168/168
156	 Synth Brass 2  	20	05	1	05BD3E	3BD3E	76	00	077788	7F/7F/7F	306/306/306/306
157	    Trumpet     	20	01	0	05BDF5	3BDF5	30	00	07705B	7F/7F/7F	139/139/139/139
158	  Solo Trumpet  	20	01	0	05BEAC	3BEAC	30	02	07707C	7F/7F/7F	141/141/141/141
159	Orchest.Trumpet 	20	01	0	05BF63	3BF63	30	01	077071	7F/7F/7F	140/140/140/140
160	Harmon Mute Tpt 	20	01	0	05C01A	3C01A	32	00	077087	7F/7F/7F	143/143/143/143
161	StraightMuteTpt 	20	01	0	05C0D1	3C0D1	32	01	077092	7F/7F/7F	144/144/144/144
162	  Flugel Horn   	20	01	0	05C188	3C188	33	00	07709D	7F/7F/7F	145/145/145/145
163	Bright Trombone 	20	01	0	05C23F	3C23F	34	00	0770B3	7F/7F/7F	147/147/147/147
164	Mellow Trombone 	20	01	0	05C2F6	3C2F6	35	00	0770D4	7F/7F/7F	150/150/150/150
165	CupMuteTrombone 	20	01	0	05C3AD	3C3AD	34	03	0770C9	7F/7F/7F	148/148/148/148
166	 Closed Fr.Horn 	20	01	0	05C464	3C464	36	00	0770EA	7F/7F/7F	152/152/152/152
167	  Open Fr.Horn  	20	01	0	05C51B	3C51B	36	01	0770F5	7F/7F/7F	153/153/153/153
168	 Marching Tuba  	20	05	0	05C5D2	3C5D2	35	00	0770D4	7F/7F/7F	150/150/150/150
168	 Marching Tuba  	20	05	1	05C623	3C623	30	02	07707C	7F/7F/7F	141/141/141/141
169	   Brass Fall   	20	01	0	05C6DA	3C6DA	3A	00	07714D	7F/7F/7F	161/161/161/161
170	  Soprano Sax   	20	11	0	05C791	3C791	4C	00	077326	7F/7F/7F	204/204/204/204
170	  Soprano Sax   	20	11	1	05C7E2	3C7E2	07	80	076B75	7F/7F/7F	26/26/26/26
171	    Alto Sax    	20	11	0	05C899	3C899	4D	00	077347	7F/7F/7F	207/207/207/207
171	    Alto Sax    	20	11	1	05C8EA	3C8EA	07	80	076B75	7F/7F/7F	26/26/26/26
172	Mellow Alto Sax 	20	11	0	05C9A1	3C9A1	4C	01	07733C	7F/7F/7F	205/205/205/205
172	Mellow Alto Sax 	20	11	1	05C9F2	3C9F2	07	81	076B80	7F/7F/7F	27/27/27/27
173	  Tenor Sax 1   	20	11	0	05CAA9	3CAA9	4E	01	077373	7F/7F/7F	210/210/210/210
173	  Tenor Sax 1   	20	11	1	05CAFA	3CAFA	07	81	076B80	7F/7F/7F	27/27/27/27
174	  Tenor Sax 2   	20	01	0	05CBB1	3CBB1	4E	02	07737E	7F/7F/7F	211/211/211/211
175	 Breathy Tenor  	20	15	0	05CC68	3CC68	4E	00	07735D	7F/7F/7F	209/209/209/209
175	 Breathy Tenor  	20	15	1	05CCB9	3CCB9	4E	00	07735D	7F/7F/7F	209/209/209/209
175	 Breathy Tenor  	20	15	2	05CD0A	3CD0A	07	81	076B80	7F/7F/7F	27/27/27/27
176	 Rock Tenor Sax 	20	11	0	05CDC1	3CDC1	4F	00	077389	7F/7F/7F	213/213/213/213
176	 Rock Tenor Sax 	20	11	1	05CE12	3CE12	07	81	076B80	7F/7F/7F	27/27/27/27
177	  Baritone Sax  	20	15	0	05CEC9	3CEC9	4F	01	07739F	7F/7F/7F	214/214/214/214
177	  Baritone Sax  	20	15	1	05CF1A	3CF1A	4F	00	077389	7F/7F/7F	213/213/213/213
177	  Baritone Sax  	20	15	2	05CF6B	3CF6B	07	81	076B80	7F/7F/7F	27/27/27/27
178	 Distortion Sax 	20	15	0	05D022	3D022	4F	00	077389	7F/7F/7F	213/213/213/213
178	 Distortion Sax 	20	15	1	05D073	3D073	1E	00	076D90	7F/7F/7F	76/76/76/76
178	 Distortion Sax 	20	15	2	05D0C4	3D0C4	07	80	076B75	7F/7F/7F	26/26/26/26
179	  Unison Saxes  	20	55	0	05D17B	3D17B	4C	01	07733C	7F/7F/7F	205/205/205/205
179	  Unison Saxes  	20	55	1	05D1CC	3D1CC	4D	00	077347	7F/7F/7F	207/207/207/207
179	  Unison Saxes  	20	55	2	05D21D	3D21D	4E	01	077373	7F/7F/7F	210/210/210/210
179	  Unison Saxes  	20	55	3	05D26E	3D26E	4E	00	07735D	7F/7F/7F	209/209/209/209
180	Jazz Clarinet 1 	20	11	0	05D325	3D325	44	00	077260	7F/7F/7F	186/186/186/186
180	Jazz Clarinet 1 	20	11	1	05D376	3D376	07	81	076B80	7F/7F/7F	27/27/27/27
181	Jazz Clarinet 2 	20	15	0	05D42D	3D42D	44	02	077276	50/7F/7F	186/188/188/188
181	Jazz Clarinet 2 	20	15	1	05D47E	3D47E	44	02	077276	50/7F/7F	186/188/188/188
181	Jazz Clarinet 2 	20	15	2	05D4CF	3D4CF	07	80	076B75	7F/7F/7F	26/26/26/26
182	Mellow Clarinet 	20	11	0	05D586	3D586	44	01	07726B	7F/7F/7F	187/187/187/187
182	Mellow Clarinet 	20	11	1	05D5D7	3D5D7	07	81	076B80	7F/7F/7F	27/27/27/27
183	Classic Clarinet	20	01	0	05D68E	3D68E	45	00	077281	7F/7F/7F	189/189/189/189
184	 Bass Clarinet  	20	01	0	05D745	3D745	45	01	077297	7F/7F/7F	190/190/190/190
185	      Oboe      	00	01	0	05D7FC	3D7FC	42	00	07723F	7F/7F/7F	183/183/183/183
186	  English Horn  	00	01	0	05D8B3	3D8B3	43	00	07724A	7F/7F/7F	184/184/184/184
187	    Bassoon     	00	01	0	05D96A	3D96A	46	00	0772A2	7F/7F/7F	192/192/192/192
188	   Harmonica    	20	01	0	05DA21	3DA21	53	00	077465	7F/7F/7F	233/233/233/233
189	Blues Harmonica 	20	01	0	05DAD8	3DAD8	53	01	07747B	7F/7F/7F	234/234/234/234
190	    Piccolo     	20	01	0	05DB8F	3DB8F	40	00	0771F2	7F/7F/7F	176/176/176/176
191	   Jazz Flute   	20	01	0	05DC46	3DC46	41	00	07721E	7F/7F/7F	180/180/180/180
192	Classical Flute 	20	11	0	05DCFD	3DCFD	41	01	077234	7F/7F/7F	181/181/181/181
192	Classical Flute 	20	11	1	05DD4E	3DD4E	05	80	076B1D	7F/7F/7F	17/17/17/17
193	   Alto Flute   	20	11	0	05DE05	3DE05	40	01	077208	7F/7F/7F	177/177/177/177
193	   Alto Flute   	20	11	1	05DE56	3DE56	05	80	076B1D	7F/7F/7F	17/17/17/17
194	 Alto Ensemble  	20	05	0	05DF0D	3DF0D	41	00	07721E	7F/7F/7F	180/180/180/180
194	 Alto Ensemble  	20	05	1	05DF5E	3DF5E	40	01	077208	7F/7F/7F	177/177/177/177
195	 Flutter Flute  	20	11	0	05E015	3E015	41	00	07721E	7F/7F/7F	180/180/180/180
195	 Flutter Flute  	20	11	1	05E066	3E066	05	80	076B1D	7F/7F/7F	17/17/17/17
196	  Pan Flute 1   	20	01	0	05E11D	3E11D	48	00	0772B8	7F/7F/7F	194/194/194/194
197	  Pan Flute 2   	20	11	0	05E1D4	3E1D4	48	00	0772B8	7F/7F/7F	194/194/194/194
197	  Pan Flute 2   	20	11	1	05E225	3E225	05	80	076B1D	7F/7F/7F	17/17/17/17
198	 Synth Calliope 	20	15	0	05E2DC	3E2DC	68	01	077696	7F/7F/7F	284/284/284/284
198	 Synth Calliope 	20	15	1	05E32D	3E32D	48	00	0772B8	7F/7F/7F	194/194/194/194
198	 Synth Calliope 	20	15	2	05E37E	3E37E	05	80	076B1D	7F/7F/7F	17/17/17/17
199	    Recorder    	20	01	0	05E435	3E435	4A	00	0772FA	7F/7F/7F	200/200/200/200
200	    Ocarina     	20	01	0	05E4EC	3E4EC	4A	01	077305	7F/7F/7F	201/201/201/201
201	  Blown Bottle  	20	15	0	05E5A3	3E5A3	48	00	0772B8	7F/7F/7F	194/194/194/194
201	  Blown Bottle  	20	15	1	05E5F4	3E5F4	08	00	076B8B	7F/7F/7F	28/28/28/28
201	  Blown Bottle  	20	15	2	05E645	3E645	05	80	076B1D	7F/7F/7F	17/17/17/17
202	    Whistle     	20	01	0	05E6FC	3E6FC	6F	00	077704	7F/7F/7F	294/294/294/294
203	   Shakuhachi   	20	01	0	05E7B3	3E7B3	4B	00	077310	7F/7F/7F	202/202/202/202
204	     Quena      	20	15	0	05E86A	3E86A	4B	00	077310	7F/7F/7F	202/202/202/202
204	     Quena      	20	15	1	05E8BB	3E8BB	48	00	0772B8	7F/7F/7F	194/194/194/194
204	     Quena      	20	15	2	05E90C	3E90C	05	80	076B1D	7F/7F/7F	17/17/17/17
205	      Ney       	20	11	0	05E9C3	3E9C3	49	02	0772EF	7F/7F/7F	198/198/198/198
205	      Ney       	20	11	1	05EA14	3EA14	05	80	076B1D	7F/7F/7F	17/17/17/17
206	 Chopper Flute  	20	15	0	05EACB	3EACB	41	00	07721E	7F/7F/7F	180/180/180/180
206	 Chopper Flute  	20	15	1	05EB1C	3EB1C	2D	00	076FB6	7F/7F/7F	124/124/124/124
206	 Chopper Flute  	20	15	2	05EB6D	3EB6D	46	80	0772AD	7F/7F/7F	193/193/193/193
207	 Penny Whistle  	20	01	0	05EC24	3EC24	48	04	0772CE	7F/7F/7F	195/195/195/195
208	Marching Whistle	20	55	0	05ECDB	3ECDB	6F	00	077704	7F/7F/7F	294/294/294/294
208	Marching Whistle	20	55	1	05ED2C	3ED2C	6F	00	077704	7F/7F/7F	294/294/294/294
208	Marching Whistle	20	55	2	05ED7D	3ED7D	6F	00	077704	7F/7F/7F	294/294/294/294
208	Marching Whistle	20	55	3	05EDCE	3EDCE	6F	00	077704	7F/7F/7F	294/294/294/294
209	  Chiff Flute   	20	15	0	05EE85	3EE85	41	00	07721E	7F/7F/7F	180/180/180/180
209	  Chiff Flute   	20	15	1	05EED6	3EED6	41	00	07721E	7F/7F/7F	180/180/180/180
209	  Chiff Flute   	20	15	2	05EF27	3EF27	05	80	076B1D	7F/7F/7F	17/17/17/17
210	 Acoustic Bass  	20	01	0	05EFDE	3EFDE	2B	00	076F7F	7F/7F/7F	119/119/119/119
211	 Mellow Ac.Bass 	20	01	0	05F095	3F095	2B	01	076F8A	7F/7F/7F	120/120/120/120
212	 Electric Bass  	20	01	0	05F14C	3F14C	28	00	076EAE	7F/7F/7F	102/102/102/102
213	 Bright E.Bass  	20	01	0	05F203	3F203	28	01	076EC4	7F/7F/7F	103/103/103/103
214	 Fusion E.Bass  	20	01	0	05F2BA	3F2BA	28	04	076EF0	7F/7F/7F	106/106/106/106
215	  Funky E.Bass  	20	01	0	05F371	3F371	28	03	076EE5	7F/7F/7F	105/105/105/105
216	 Fretless Bass  	20	01	0	05F428	3F428	28	02	076EDA	7F/7F/7F	104/104/104/104
217	 Picked E.Bass  	20	01	0	05F4DF	3F4DF	2A	00	076F53	7F/7F/7F	115/115/115/115
218	   Mute Bass    	20	01	0	05F596	3F596	2F	00	077024	7F/7F/7F	134/134/134/134
219	  Slap Bass 1   	20	05	0	05F64D	3F64D	29	00	076F06	7F/7F/7F	110/110/110/110
219	  Slap Bass 1   	20	05	1	05F69E	3F69E	29	04	076F3D	60/7F/7F	110/112/112/112
220	  Slap Bass 2   	20	05	0	05F755	3F755	29	01	076F1C	7F/7F/7F	111/111/111/111
220	  Slap Bass 2   	20	05	1	05F7A6	3F7A6	29	05	076F48	60/7F/7F	111/113/113/113
221	  Killer Bass   	20	01	0	05F85D	3F85D	77	06	0777F6	7F/7F/7F	316/316/316/316
222	  Analog Bass   	20	01	0	05F914	3F914	2E	04	077019	7F/7F/7F	132/132/132/132
223	   Soul Bass    	20	01	0	05F9CB	3F9CB	2D	05	076FE2	7F/7F/7F	127/127/127/127
224	    Wow Bass    	20	01	0	05FA82	3FA82	78	00	077801	7F/7F/7F	317/317/317/317
225	   Dance Bass   	20	05	0	05FB39	3FB39	2F	03	077045	7F/7F/7F	136/136/136/136
225	   Dance Bass   	20	05	1	05FB8A	3FB8A	2D	05	076FE2	7F/7F/7F	127/127/127/127
226	   House Bass   	20	01	0	05FC41	3FC41	2F	02	07703A	7F/7F/7F	135/135/135/135
227	  Plastic Bass  	20	05	0	05FCF8	3FCF8	2E	02	07700E	7F/7F/7F	131/131/131/131
227	  Plastic Bass  	20	05	1	05FD49	3FD49	2D	06	076FED	7F/7F/7F	128/128/128/128
228	Basic Synth Bass	20	05	0	05FE00	3FE00	2D	05	076FE2	7F/7F/7F	127/127/127/127
228	Basic Synth Bass	20	05	1	05FE51	3FE51	2E	04	077019	7F/7F/7F	132/132/132/132
229	  Techno Bass   	20	05	0	05FF08	3FF08	7C	00	0778B1	7F/7F/7F	332/332/332/332
229	  Techno Bass   	20	05	1	05FF59	3FF59	7C	00	0778B1	7F/7F/7F	332/332/332/332
230	     Agogo      	10	01	0	060010	40010	59	80	077515	7F/7F/7F	249/249/249/249
231	   Wood Block   	10	01	0	0600C7	400C7	4B	80	07731B	7F/7F/7F	203/203/203/203
232	   Taiko Drum   	30	01	0	06017E	4017E	40	80	0771FD	7F/7F/7F	178/178/178/178
233	  Melodic Tom   	30	01	0	060235	40235	2A	80	076F5E	7F/7F/7F	118/118/118/118
234	   Synth Drum   	30	01	0	0602EC	402EC	2C	80	076F95	7F/7F/7F	122/122/122/122
235	 Reverse Cymbal 	00	01	0	0603A3	403A3	3F	80	0771DC	7F/7F/7F	174/174/174/174
236	   Fret Noise   	00	01	0	06045A	4045A	15	80	076C93	7F/7F/7F	53/53/53/53
237	  Breath Noise  	00	01	0	060511	40511	05	80	076B1D	7F/7F/7F	17/17/17/17
238	    Seashore    	00	55	0	0605C8	405C8	76	80	077793	7F/7F/7F	310/310/310/310
238	    Seashore    	00	55	1	060619	40619	76	80	077793	7F/7F/7F	310/310/310/310
238	    Seashore    	00	55	2	06066A	4066A	76	83	0777BF	7F/7F/7F	313/313/313/313
238	    Seashore    	00	55	3	0606BB	406BB	76	84	0777D5	7F/7F/7F	314/314/314/314
239	   Bird Tweet   	00	05	0	060772	40772	62	80	077607	7F/7F/7F	271/271/271/271
239	   Bird Tweet   	00	05	1	0607C3	407C3	61	80	0775E6	7F/7F/7F	269/269/269/269
240	   Telephone    	00	01	0	06087A	4087A	72	80	07775C	7F/7F/7F	302/302/302/302
241	   Helicopter   	00	01	0	060931	40931	70	80	07771A	7F/7F/7F	300/300/300/300
242	    Applause    	00	05	0	0609E8	409E8	74	80	07777D	7F/7F/7F	305/305/305/305
242	    Applause    	00	05	1	060A39	40A39	74	80	07777D	7F/7F/7F	305/305/305/305
243	    Gun Shot    	10	15	0	060AF0	40AF0	66	80	07766A	7F/7F/7F	281/281/281/281
243	    Gun Shot    	10	15	1	060B41	40B41	66	80	07766A	7F/7F/7F	281/281/281/281
243	    Gun Shot    	10	15	2	060B92	40B92	66	80	07766A	7F/7F/7F	281/281/281/281
244	  Tinkle Bell   	10	05	0	060C49	40C49	70	02	077725	7F/7F/7F	296/296/296/296
244	  Tinkle Bell   	10	05	1	060C9A	40C9A	70	02	077725	7F/7F/7F	296/296/296/296
245	 Rock Harmonics 	20	11	0	060D51	40D51	1B	01	076D4E	7F/7F/7F	70/70/70/70
245	 Rock Harmonics 	20	11	1	060DA2	40DA2	1E	00	076D90	7F/7F/7F	76/76/76/76
246	   Harmonium    	00	05	0	060E59	40E59	51	00	0773EC	7F/7F/7F	222/222/222/222
246	   Harmonium    	00	05	1	060EAA	40EAA	50	00	0773AA	7F/7F/7F	216/216/216/216
247	Orchestral Tuba 	20	01	0	060F61	40F61	37	00	07710B	7F/7F/7F	155/155/155/155
248	    Bagpipe     	00	11	0	061018	41018	49	00	0772D9	7F/7F/7F	197/197/197/197
248	    Bagpipe     	00	11	1	061069	41069	46	00	0772A2	7F/7F/7F	192/192/192/192
249	     Shanai     	20	15	0	061120	41120	7A	01	077864	7F/7F/7F	326/326/326/326
249	     Shanai     	20	15	1	061171	41171	42	00	07723F	7F/7F/7F	183/183/183/183
249	     Shanai     	20	15	2	0611C2	411C2	4F	00	077389	7F/7F/7F	213/213/213/213
250	  Square Lead   	20	05	0	061279	41279	79	01	07784E	7F/7F/7F	324/324/324/324
250	  Square Lead   	20	05	1	0612CA	412CA	79	01	07784E	7F/7F/7F	324/324/324/324
251	    Saw Lead    	20	05	0	061381	41381	7C	00	0778B1	7F/7F/7F	332/332/332/332
251	    Saw Lead    	20	05	1	0613D2	413D2	7C	00	0778B1	7F/7F/7F	332/332/332/332
252	   Sine Lead    	20	05	0	061489	41489	5E	01	077599	7F/7F/7F	260/260/260/260
252	   Sine Lead    	20	05	1	0614DA	414DA	5E	04	0775A4	7F/7F/7F	261/261/261/261
253	  Chiffer Lead  	20	15	0	061591	41591	77	00	0777EB	7F/7F/7F	315/315/315/315
253	  Chiffer Lead  	20	15	1	0615E2	415E2	3C	03	0771B0	7F/7F/7F	169/169/169/169
253	  Chiffer Lead  	20	15	2	061633	41633	76	06	0777E0	7F/7F/7F	309/309/309/309
254	    Charang     	20	15	0	0616EA	416EA	1E	00	076D90	7F/7F/7F	76/76/76/76
254	    Charang     	20	15	1	06173B	4173B	76	00	077788	7F/7F/7F	306/306/306/306
254	    Charang     	20	15	2	06178C	4178C	1B	01	076D4E	7F/7F/7F	70/70/70/70
255	 Metallica Solo 	20	15	0	061843	41843	2C	02	076FAB	7F/7F/7F	121/121/121/121
255	 Metallica Solo 	20	15	1	061894	41894	3D	03	0771C6	7F/7F/7F	171/171/171/171
255	 Metallica Solo 	20	15	2	0618E5	418E5	78	03	077822	7F/7F/7F	320/320/320/320
256	  Talking Lead  	20	15	0	06199C	4199C	1B	02	076D59	7F/7F/7F	71/71/71/71
256	  Talking Lead  	20	15	1	0619ED	419ED	76	00	077788	7F/7F/7F	306/306/306/306
256	  Talking Lead  	20	15	2	061A3E	41A3E	25	00	076E56	7F/7F/7F	94/94/94/94
257	   Digi Stack   	20	15	0	061AF5	41AF5	76	00	077788	7F/7F/7F	306/306/306/306
257	   Digi Stack   	20	15	1	061B46	41B46	16	00	076C9E	7F/7F/7F	54/54/54/54
257	   Digi Stack   	20	15	2	061B97	41B97	74	00	077772	7F/7F/7F	304/304/304/304
258	   80's Solo    	20	15	0	061C4E	41C4E	70	03	077730	7F/7F/7F	297/297/297/297
258	   80's Solo    	20	15	1	061C9F	41C9F	7A	00	077859	7F/7F/7F	325/325/325/325
258	   80's Solo    	20	15	2	061CF0	41CF0	73	00	077767	7F/7F/7F	303/303/303/303
259	  Steamy Keys   	20	15	0	061DA7	41DA7	02	80	076AF1	7F/7F/7F	7/7/7/7
259	  Steamy Keys   	20	15	1	061DF8	41DF8	0C	00	076BB7	7F/7F/7F	32/32/32/32
259	  Steamy Keys   	20	15	2	061E49	41E49	6B	02	0776E3	7F/7F/7F	290/290/290/290
260	  Olymp Synth   	20	11	0	061F00	41F00	77	06	0777F6	7F/7F/7F	316/316/316/316
260	  Olymp Synth   	20	11	1	061F51	41F51	76	00	077788	7F/7F/7F	306/306/306/306
261	   Voco Synth   	20	15	0	062008	42008	2E	02	07700E	7F/7F/7F	131/131/131/131
261	   Voco Synth   	20	15	1	062059	42059	7A	02	07786F	7F/7F/7F	327/327/327/327
261	   Voco Synth   	20	15	2	0620AA	420AA	73	00	077767	7F/7F/7F	303/303/303/303
262	  Block Synth   	20	05	0	062161	42161	7C	00	0778B1	7F/7F/7F	332/332/332/332
262	  Block Synth   	20	05	1	0621B2	421B2	3C	03	0771B0	7F/7F/7F	169/169/169/169
263	    5th Wave    	20	11	0	062269	42269	76	00	077788	7F/7F/7F	306/306/306/306
263	    5th Wave    	20	11	1	0622BA	422BA	76	00	077788	7F/7F/7F	306/306/306/306
264	  Bass & Lead   	20	05	0	062371	42371	2D	06	076FED	7F/7F/7F	128/128/128/128
264	  Bass & Lead   	20	05	1	0623C2	423C2	7A	01	077864	7F/7F/7F	326/326/326/326
265	 Talking Synth  	20	05	0	062479	42479	7A	02	07786F	7F/7F/7F	327/327/327/327
265	 Talking Synth  	20	05	1	0624CA	424CA	3D	03	0771C6	7F/7F/7F	171/171/171/171
266	   Synth Harp   	20	11	0	062581	42581	3D	03	0771C6	7F/7F/7F	171/171/171/171
266	   Synth Harp   	20	11	1	0625D2	425D2	24	00	076E4B	7F/7F/7F	93/93/93/93
267	   Afro Dance   	20	11	0	062689	42689	27	00	076E8D	7F/7F/7F	99/99/99/99
267	   Afro Dance   	20	11	1	0626DA	426DA	71	00	077751	7F/7F/7F	301/301/301/301
268	   Digi Bells   	20	15	0	062791	42791	70	03	077730	7F/7F/7F	297/297/297/297
268	   Digi Bells   	20	15	1	0627E2	427E2	7B	01	07789B	7F/7F/7F	330/330/330/330
268	   Digi Bells   	20	15	2	062833	42833	7B	01	07789B	7F/7F/7F	330/330/330/330
269	    Crystal     	00	15	0	0628EA	428EA	0B	00	076BAC	7F/7F/7F	31/31/31/31
269	    Crystal     	00	15	1	06293B	4293B	5E	01	077599	7F/7F/7F	260/260/260/260
269	    Crystal     	00	15	2	06298C	4298C	09	00	076B96	7F/7F/7F	29/29/29/29
270	Mellow Ensemble 	20	11	0	062A43	42A43	6B	01	0776D8	7F/7F/7F	289/289/289/289
270	Mellow Ensemble 	20	11	1	062A94	42A94	77	00	0777EB	7F/7F/7F	315/315/315/315
271	 Warm Synth Pad 	20	11	0	062B4B	42B4B	76	00	077788	7F/7F/7F	306/306/306/306
271	 Warm Synth Pad 	20	11	1	062B9C	42B9C	76	00	077788	7F/7F/7F	306/306/306/306
272	   Spacy Pad    	20	05	0	062C53	42C53	68	04	0776AC	7F/7F/7F	286/286/286/286
272	   Spacy Pad    	20	05	1	062CA4	42CA4	76	06	0777E0	7F/7F/7F	309/309/309/309
273	   Metal Pad    	20	11	0	062D5B	42D5B	7A	02	07786F	7F/7F/7F	327/327/327/327
273	   Metal Pad    	20	11	1	062DAC	42DAC	78	02	077817	7F/7F/7F	319/319/319/319
274	   Star Theme   	20	15	0	062E63	42E63	6B	01	0776D8	7F/7F/7F	289/289/289/289
274	   Star Theme   	20	15	1	062EB4	42EB4	6B	01	0776D8	7F/7F/7F	289/289/289/289
274	   Star Theme   	20	15	2	062F05	42F05	78	02	077817	7F/7F/7F	319/319/319/319
275	  Bowed Glass   	20	11	0	062FBC	42FBC	0C	00	076BB7	7F/7F/7F	32/32/32/32
275	  Bowed Glass   	20	11	1	06300D	4300D	5E	01	077599	7F/7F/7F	260/260/260/260
276	   Atmosphere   	20	05	0	0630C4	430C4	15	00	076C88	7F/7F/7F	52/52/52/52
276	   Atmosphere   	20	05	1	063115	43115	3C	01	0771A5	7F/7F/7F	168/168/168/168
277	    Fantasia    	20	15	0	0631CC	431CC	77	00	0777EB	7F/7F/7F	315/315/315/315
277	    Fantasia    	20	15	1	06321D	4321D	74	00	077772	7F/7F/7F	304/304/304/304
277	    Fantasia    	20	15	2	06326E	4326E	07	00	076B6A	7F/7F/7F	25/25/25/25
278	 Multi Sweeper  	20	55	0	063325	43325	76	02	0777A9	7F/7F/7F	307/307/307/307
278	 Multi Sweeper  	20	55	1	063376	43376	76	06	0777E0	7F/7F/7F	309/309/309/309
278	 Multi Sweeper  	20	55	2	0633C7	433C7	77	06	0777F6	7F/7F/7F	316/316/316/316
278	 Multi Sweeper  	20	55	3	063418	43418	68	02	0776A1	7F/7F/7F	285/285/285/285
279	    Bell Pad    	20	15	0	0634CF	434CF	6B	01	0776D8	7F/7F/7F	289/289/289/289
279	    Bell Pad    	20	15	1	063520	43520	7B	02	0778A6	7F/7F/7F	331/331/331/331
279	    Bell Pad    	20	15	2	063571	43571	74	00	077772	7F/7F/7F	304/304/304/304
280	     Dream      	20	15	0	063628	43628	6B	01	0776D8	7F/7F/7F	289/289/289/289
280	     Dream      	20	15	1	063679	43679	06	00	076B49	3B/4F/63	22/23/19/24
280	     Dream      	20	15	2	0636CA	436CA	5B	80	077536	7F/7F/7F	254/254/254/254
281	      Mist      	20	15	0	063781	43781	64	04	077633	7F/7F/7F	275/275/275/275
281	      Mist      	20	15	1	0637D2	437D2	03	00	076AFC	7F/7F/7F	8/8/8/8
281	      Mist      	20	15	2	063823	43823	3C	80	07719A	7F/7F/7F	170/170/170/170
282	   Sweep Pad    	20	11	0	0638DA	438DA	6B	01	0776D8	7F/7F/7F	289/289/289/289
282	   Sweep Pad    	20	11	1	06392B	4392B	76	00	077788	7F/7F/7F	306/306/306/306
283	    Halo Pad    	20	15	0	0639E2	439E2	6B	01	0776D8	7F/7F/7F	289/289/289/289
283	    Halo Pad    	20	15	1	063A33	43A33	39	80	077142	7F/7F/7F	160/160/160/160
283	    Halo Pad    	20	15	2	063A84	43A84	6B	02	0776E3	7F/7F/7F	290/290/290/290
284	   Echo Drops   	20	11	0	063B3B	43B3B	68	04	0776AC	7F/7F/7F	286/286/286/286
284	   Echo Drops   	20	11	1	063B8C	43B8C	76	00	077788	7F/7F/7F	306/306/306/306
285	   Poly Synth   	20	15	0	063C43	43C43	76	00	077788	7F/7F/7F	306/306/306/306
285	   Poly Synth   	20	15	1	063C94	43C94	6B	01	0776D8	7F/7F/7F	289/289/289/289
285	   Poly Synth   	20	15	2	063CE5	43CE5	76	00	077788	7F/7F/7F	306/306/306/306
286	Warm Synth Brass	20	05	0	063D9C	43D9C	3C	03	0771B0	7F/7F/7F	169/169/169/169
286	Warm Synth Brass	20	05	1	063DED	43DED	7C	00	0778B1	7F/7F/7F	332/332/332/332
287	    Ice Rain    	20	15	0	063EA4	43EA4	6B	01	0776D8	7F/7F/7F	289/289/289/289
287	    Ice Rain    	20	15	1	063EF5	43EF5	6B	01	0776D8	7F/7F/7F	289/289/289/289
287	    Ice Rain    	20	15	2	063F46	43F46	5C	80	07756D	7F/7F/7F	257/257/257/257
288	   Soundtrack   	20	15	0	063FFD	43FFD	6B	01	0776D8	7F/7F/7F	289/289/289/289
288	   Soundtrack   	20	15	1	06404E	4404E	6B	01	0776D8	7F/7F/7F	289/289/289/289
288	   Soundtrack   	20	15	2	06409F	4409F	76	00	077788	7F/7F/7F	306/306/306/306
289	    Goblins     	20	15	0	064156	44156	68	01	077696	7F/7F/7F	284/284/284/284
289	    Goblins     	20	15	1	0641A7	441A7	68	01	077696	7F/7F/7F	284/284/284/284
289	    Goblins     	20	15	2	0641F8	441F8	5B	80	077536	7F/7F/7F	254/254/254/254
290	Strings & Horns 	20	55	0	0642AF	442AF	64	00	07761D	7F/7F/7F	273/273/273/273
290	Strings & Horns 	20	55	1	064300	44300	64	04	077633	7F/7F/7F	275/275/275/275
290	Strings & Horns 	20	55	2	064351	44351	36	01	0770F5	7F/7F/7F	153/153/153/153
290	Strings & Horns 	20	55	3	0643A2	443A2	67	04	07768B	7F/7F/7F	283/283/283/283
291	Strings & Flutes	20	15	0	064459	44459	67	00	077680	7F/7F/7F	282/282/282/282
291	Strings & Flutes	20	15	1	0644AA	444AA	64	05	07763E	7F/7F/7F	276/276/276/276
291	Strings & Flutes	20	15	2	0644FB	444FB	40	01	077208	7F/7F/7F	177/177/177/177
292	Piano & Strings 	00	15	0	0645B2	445B2	00	05	076AC5	7F/7F/7F	2/2/2/2
292	Piano & Strings 	00	15	1	064603	44603	64	05	07763E	7F/7F/7F	276/276/276/276
292	Piano & Strings 	00	15	2	064654	44654	65	00	077649	7F/7F/7F	277/277/277/277
293	Heavenly Strings	20	15	0	06470B	4470B	20	00	076DDD	7F/7F/7F	83/83/83/83
293	Heavenly Strings	20	15	1	06475C	4475C	65	01	077654	7F/7F/7F	278/278/278/278
293	Heavenly Strings	20	15	2	0647AD	447AD	64	00	07761D	7F/7F/7F	273/273/273/273
294	Warm String Pad 	20	11	0	064864	44864	77	00	0777EB	7F/7F/7F	315/315/315/315
294	Warm String Pad 	20	11	1	0648B5	448B5	76	06	0777E0	7F/7F/7F	309/309/309/309
295	  Chamber Orch  	00	55	0	06496C	4496C	65	00	077649	7F/7F/7F	277/277/277/277
295	  Chamber Orch  	00	55	1	0649BD	449BD	65	01	077654	7F/7F/7F	278/278/278/278
295	  Chamber Orch  	00	55	2	064A0E	44A0E	10	00	076C1A	7F/7F/7F	41/41/41/41
295	  Chamber Orch  	00	55	3	064A5F	44A5F	4A	00	0772FA	7F/7F/7F	200/200/200/200
296	   Cathedral    	00	55	0	064B16	44B16	68	02	0776A1	7F/7F/7F	285/285/285/285
296	   Cathedral    	00	55	1	064B67	44B67	54	00	077486	7F/7F/7F	236/236/236/236
296	   Cathedral    	00	55	2	064BB8	44BB8	56	04	0774D3	7F/7F/7F	241/241/241/241
296	   Cathedral    	00	55	3	064C09	44C09	56	05	0774DE	7F/7F/7F	242/242/242/242
297	 Movie Musical  	20	55	0	064CC0	44CC0	64	00	07761D	7F/7F/7F	273/273/273/273
297	 Movie Musical  	20	55	1	064D11	44D11	36	01	0770F5	7F/7F/7F	153/153/153/153
297	 Movie Musical  	20	55	2	064D62	44D62	41	01	077234	7F/7F/7F	181/181/181/181
297	 Movie Musical  	20	55	3	064DB3	44DB3	09	00	076B96	7F/7F/7F	29/29/29/29
298	Field of Voices 	20	15	0	064E6A	44E6A	6B	01	0776D8	7F/7F/7F	289/289/289/289
298	Field of Voices 	20	15	1	064EBB	44EBB	68	04	0776AC	7F/7F/7F	286/286/286/286
298	Field of Voices 	20	15	2	064F0C	44F0C	69	00	0776C2	7F/7F/7F	288/288/288/288
299	 Horns & Woods  	20	55	0	064FC3	44FC3	44	00	077260	7F/7F/7F	186/186/186/186
299	 Horns & Woods  	20	55	1	065014	45014	41	01	077234	7F/7F/7F	181/181/181/181
299	 Horns & Woods  	20	55	2	065065	45065	36	00	0770EA	7F/7F/7F	152/152/152/152
299	 Horns & Woods  	20	55	3	0650B6	450B6	41	00	07721E	7F/7F/7F	180/180/180/180
300	Dark Movie Scene	20	15	0	06516D	4516D	67	04	07768B	7F/7F/7F	283/283/283/283
300	Dark Movie Scene	20	15	1	0651BE	451BE	77	00	0777EB	7F/7F/7F	315/315/315/315
300	Dark Movie Scene	20	15	2	06520F	4520F	76	06	0777E0	7F/7F/7F	309/309/309/309
301	Orchestral Sweep	20	55	0	0652C6	452C6	67	00	077680	7F/7F/7F	282/282/282/282
301	Orchestral Sweep	20	55	1	065317	45317	36	00	0770EA	7F/7F/7F	152/152/152/152
301	Orchestral Sweep	20	55	2	065368	45368	64	02	077628	7F/7F/7F	274/274/274/274
301	Orchestral Sweep	20	55	3	0653B9	453B9	68	02	0776A1	7F/7F/7F	285/285/285/285
302	 Moonlight Pad  	20	15	0	065470	45470	20	00	076DDD	7F/7F/7F	83/83/83/83
302	 Moonlight Pad  	20	15	1	0654C1	454C1	68	01	077696	7F/7F/7F	284/284/284/284
302	 Moonlight Pad  	20	15	2	065512	45512	5B	80	077536	7F/7F/7F	254/254/254/254
303	 Orchestra Pizz 	00	55	0	0655C9	455C9	64	00	07761D	7F/7F/7F	273/273/273/273
303	 Orchestra Pizz 	00	55	1	06561A	4561A	42	00	07723F	7F/7F/7F	183/183/183/183
303	 Orchestra Pizz 	00	55	2	06566B	4566B	63	00	077612	7F/7F/7F	272/272/272/272
303	 Orchestra Pizz 	00	55	3	0656BC	456BC	41	01	077234	7F/7F/7F	181/181/181/181
304	Synth Orchestra 	20	55	0	065773	45773	77	00	0777EB	7F/7F/7F	315/315/315/315
304	Synth Orchestra 	20	55	1	0657C4	457C4	6B	01	0776D8	7F/7F/7F	289/289/289/289
304	Synth Orchestra 	20	55	2	065815	45815	3B	00	077184	7F/7F/7F	166/166/166/166
304	Synth Orchestra 	20	55	3	065866	45866	39	00	077137	7F/7F/7F	159/159/159/159
305	 Unison Strings 	20	55	0	06591D	4591D	66	00	07765F	7F/7F/7F	279/279/279/279
305	 Unison Strings 	20	55	1	06596E	4596E	66	04	077675	7F/7F/7F	280/280/280/280
305	 Unison Strings 	20	55	2	0659BF	459BF	65	00	077649	7F/7F/7F	277/277/277/277
305	 Unison Strings 	20	55	3	065A10	45A10	65	01	077654	7F/7F/7F	278/278/278/278
306	Springtime Orch 	20	55	0	065AC7	45AC7	67	00	077680	7F/7F/7F	282/282/282/282
306	Springtime Orch 	20	55	1	065B18	45B18	40	01	077208	7F/7F/7F	177/177/177/177
306	Springtime Orch 	20	55	2	065B69	45B69	0C	00	076BB7	7F/7F/7F	32/32/32/32
306	Springtime Orch 	20	55	3	065BBA	45BBA	0E	00	076BE3	7F/7F/7F	36/36/36/36
307	 Dreamy Strings 	20	15	0	065C71	45C71	64	00	07761D	7F/7F/7F	273/273/273/273
307	 Dreamy Strings 	20	15	1	065CC2	45CC2	64	00	07761D	7F/7F/7F	273/273/273/273
307	 Dreamy Strings 	20	15	2	065D13	45D13	65	01	077654	7F/7F/7F	278/278/278/278
308	   Many Horns   	20	15	0	065DCA	45DCA	36	00	0770EA	7F/7F/7F	152/152/152/152
308	   Many Horns   	20	15	1	065E1B	45E1B	36	01	0770F5	7F/7F/7F	153/153/153/153
308	   Many Horns   	20	15	2	065E6C	45E6C	34	00	0770B3	7F/7F/7F	147/147/147/147
309	  Big Band Pad  	20	15	0	065F23	45F23	79	01	07784E	7F/7F/7F	324/324/324/324
309	  Big Band Pad  	20	15	1	065F74	45F74	33	00	07709D	7F/7F/7F	145/145/145/145
309	  Big Band Pad  	20	15	2	065FC5	45FC5	4C	01	07733C	7F/7F/7F	205/205/205/205
312	   Brush Kit    	80	03	0	0838F0	638F0	05	2A	076B1D	7F/7F/7F	17/17/17/17
324	   Dance Kit    	80	04	0	083A17	63A17	0A	29	076B75	7F/7F/7F	26/26/26/26
325	   House Kit    	80	04	0	083B3E	63B3E	0B	29	076BC2	7F/7F/7F	33/33/33/33
327	  Electric Kit  	80	04	0	083D8C	63D8C	02	2A	076AF1	7F/7F/7F	7/7/7/7
329	   Synth Kit    	80	04	0	084B60	64B60	04	2A	076AF1	7F/7F/7F	7/7/7/7
330	 Orchestral Kit 	80	06	0	083EB3	63EB3	0C	2A	076BC2	7F/7F/7F	33/33/33/33
332	Sound Effect Kit	80	05	0	084C87	64C87	0D	11	076BD8	7F/7F/7F	35/35/35/35
332	Sound Effect Kit	80	05	1	084CD8	64CD8	00	00	076AA4	7F/7F/7F	0/0/0/0
336	<Jazz Drawbars> 	60	01	0	090723	70723	88	C8	076B75	7F/7F/7F	26/26/26/26
337	<Rock Drawbars> 	60	01	0	0908CD	708CD	88	C8	076B75	7F/7F/7F	26/26/26/26
338	  Rock Piano 2  	10	05	0	07181E	5181E	00	01	076ABA	7F/7F/7F	1/1/1/1
338	  Rock Piano 2  	10	05	1	07186F	5186F	01	04	076AE6	7F/7F/7F	6/6/6/6
339	  Midi Grand 2  	10	15	0	0719C8	519C8	00	00	076AA4	7F/7F/7F	0/0/0/0
339	  Midi Grand 2  	10	15	1	071A19	51A19	6B	01	0776D8	7F/7F/7F	289/289/289/289
339	  Midi Grand 2  	10	15	2	071A6A	51A6A	68	01	077696	7F/7F/7F	284/284/284/284
340	   Bell Piano   	10	15	0	071B72	51B72	06	00	076B49	3B/4F/63	22/23/19/24
340	   Bell Piano   	10	15	1	071BC3	51BC3	06	02	076B5F	7F/7F/7F	21/21/21/21
340	   Bell Piano   	10	15	2	071C14	51C14	70	03	077730	7F/7F/7F	297/297/297/297
341	  Crystal E.P.  	10	11	0	071D1C	51D1C	06	01	076B54	7F/7F/7F	20/20/20/20
341	  Crystal E.P.  	10	11	1	071D6D	51D6D	06	00	076B49	3B/4F/63	22/23/19/24
342	  Jangle Piano  	10	15	0	071EC6	51EC6	00	00	076AA4	7F/7F/7F	0/0/0/0
342	  Jangle Piano  	10	15	1	071F17	51F17	10	02	076C30	7F/7F/7F	42/42/42/42
342	  Jangle Piano  	10	15	2	071F68	51F68	03	00	076AFC	7F/7F/7F	8/8/8/8
343	   Fancy Folk   	20	05	0	072070	52070	23	00	076E2A	7F/7F/7F	90/90/90/90
343	   Fancy Folk   	20	05	1	0720C1	520C1	7A	00	077859	7F/7F/7F	325/325/325/325
344	  Midi Guitar   	20	15	0	07221A	5221A	1A	00	076D22	7F/7F/7F	66/66/66/66
344	  Midi Guitar   	20	15	1	07226B	5226B	3C	01	0771A5	7F/7F/7F	168/168/168/168
344	  Midi Guitar   	20	15	2	0722BC	522BC	68	01	077696	7F/7F/7F	284/284/284/284
345	SynthJazzGuitar 	20	01	0	0723C4	523C4	7A	00	077859	7F/7F/7F	325/325/325/325
346	Synth Strings 3 	20	11	0	07256E	5256E	77	06	0777F6	7F/7F/7F	316/316/316/316
346	Synth Strings 3 	20	11	1	0725BF	525BF	00	00	076AA4	7F/7F/7F	0/0/0/0
347	Synth Strings 4 	20	05	0	072718	52718	76	06	0777E0	7F/7F/7F	309/309/309/309
347	Synth Strings 4 	20	05	1	072769	52769	76	02	0777A9	7F/7F/7F	307/307/307/307
348	Mute Brass Ens. 	20	15	0	0728C2	528C2	32	00	077087	7F/7F/7F	143/143/143/143
348	Mute Brass Ens. 	20	15	1	072913	52913	34	03	0770C9	7F/7F/7F	148/148/148/148
348	Mute Brass Ens. 	20	15	2	072964	52964	34	03	0770C9	7F/7F/7F	148/148/148/148
349	  Stereo Brass  	20	05	0	072A6C	52A6C	39	00	077137	7F/7F/7F	159/159/159/159
349	  Stereo Brass  	20	05	1	072ABD	52ABD	38	00	077121	7F/7F/7F	157/157/157/157
350	    Unihorns    	20	15	0	072C16	52C16	3B	00	077184	7F/7F/7F	166/166/166/166
350	    Unihorns    	20	15	1	072C67	52C67	3B	00	077184	7F/7F/7F	166/166/166/166
350	    Unihorns    	20	15	2	072CB8	52CB8	3B	00	077184	7F/7F/7F	166/166/166/166
351	 Bright S.Brass 	20	05	0	072DC0	52DC0	3C	03	0771B0	7F/7F/7F	169/169/169/169
351	 Bright S.Brass 	20	05	1	072E11	52E11	7C	00	0778B1	7F/7F/7F	332/332/332/332
352	 Old Wow Brass  	20	11	0	072F6A	52F6A	34	00	0770B3	7F/7F/7F	147/147/147/147
352	 Old Wow Brass  	20	11	1	072FBB	52FBB	34	00	0770B3	7F/7F/7F	147/147/147/147
353	   Digi Organ   	20	11	0	073114	53114	06	02	076B5F	7F/7F/7F	21/21/21/21
353	   Digi Organ   	20	11	1	073165	53165	59	00	07750A	7F/7F/7F	248/248/248/248
354	  Misty Flute   	20	15	0	0732BE	532BE	41	00	07721E	7F/7F/7F	180/180/180/180
354	  Misty Flute   	20	15	1	07330F	5330F	6B	02	0776E3	7F/7F/7F	290/290/290/290
354	  Misty Flute   	20	15	2	073360	53360	05	80	076B1D	7F/7F/7F	17/17/17/17
355	 Straight Bass  	20	01	0	073468	53468	2D	03	076FCC	7F/7F/7F	125/125/125/125
356	    Wet Bass    	20	11	0	073612	53612	2E	02	07700E	7F/7F/7F	131/131/131/131
356	    Wet Bass    	20	11	1	073663	53663	78	02	077817	7F/7F/7F	319/319/319/319
357	 Analog Bass 2  	20	01	0	0737BC	537BC	2E	01	077003	7F/7F/7F	130/130/130/130
358	   Clavi Lead   	20	11	0	073966	53966	7C	00	0778B1	7F/7F/7F	332/332/332/332
358	   Clavi Lead   	20	11	1	0739B7	539B7	7A	00	077859	7F/7F/7F	325/325/325/325
359	    Telstar     	20	11	0	073B10	53B10	76	06	0777E0	7F/7F/7F	309/309/309/309
359	    Telstar     	20	11	1	073B61	53B61	59	00	07750A	7F/7F/7F	248/248/248/248
360	  Sleigh Synth  	20	05	0	073CBA	53CBA	06	02	076B5F	7F/7F/7F	21/21/21/21
360	  Sleigh Synth  	20	05	1	073D0B	53D0B	3C	01	0771A5	7F/7F/7F	168/168/168/168
361	     Sweppy     	20	05	0	073E64	53E64	78	01	07780C	7F/7F/7F	318/318/318/318
361	     Sweppy     	20	05	1	073EB5	53EB5	78	01	07780C	7F/7F/7F	318/318/318/318
362	  Synth Chimes  	20	05	0	07400E	5400E	76	00	077788	7F/7F/7F	306/306/306/306
362	  Synth Chimes  	20	05	1	07405F	5405F	7B	01	07789B	7F/7F/7F	330/330/330/330
363	 Knock Whistle  	20	15	0	0741B8	541B8	6F	00	077704	7F/7F/7F	294/294/294/294
363	 Knock Whistle  	20	15	1	074209	54209	0C	81	076BCD	7F/7F/7F	34/34/34/34
363	 Knock Whistle  	20	15	2	07425A	5425A	4B	80	07731B	7F/7F/7F	203/203/203/203
364	 Fusion Lead 1  	20	05	0	074362	54362	70	01	07770F	7F/7F/7F	295/295/295/295
364	 Fusion Lead 1  	20	05	1	0743B3	543B3	70	00	07770F	7F/7F/7F	295/295/295/295
365	 Fusion Lead 2  	20	05	0	07450C	5450C	78	02	077817	7F/7F/7F	319/319/319/319
365	 Fusion Lead 2  	20	05	1	07455D	5455D	7B	00	077890	7F/7F/7F	329/329/329/329
366	   Synth Slap   	20	05	0	0746B6	546B6	2E	02	07700E	7F/7F/7F	131/131/131/131
366	   Synth Slap   	20	05	1	074707	54707	29	01	076F1C	7F/7F/7F	111/111/111/111
367	  Voxmosphere   	20	15	0	074860	54860	23	00	076E2A	7F/7F/7F	90/90/90/90
367	  Voxmosphere   	20	15	1	0748B1	548B1	76	00	077788	7F/7F/7F	306/306/306/306
367	  Voxmosphere   	20	15	2	074902	54902	6B	02	0776E3	7F/7F/7F	290/290/290/290
368	    Glimmer     	20	05	0	074A0A	54A0A	76	00	077788	7F/7F/7F	306/306/306/306
368	    Glimmer     	20	05	1	074A5B	54A5B	06	02	076B5F	7F/7F/7F	21/21/21/21
369	 Happy Ensemble 	20	05	0	074BB4	54BB4	5E	00	077599	7F/7F/7F	260/260/260/260
369	 Happy Ensemble 	20	05	1	074C05	54C05	6B	01	0776D8	7F/7F/7F	289/289/289/289
370	  Synth Voices  	20	15	0	074D5E	54D5E	68	01	077696	7F/7F/7F	284/284/284/284
370	  Synth Voices  	20	15	1	074DAF	54DAF	68	01	077696	7F/7F/7F	284/284/284/284
370	  Synth Voices  	20	15	2	074E00	54E00	77	01	077788	7F/7F/7F	306/306/306/306
371	 Dark Universe  	20	55	0	074F08	54F08	6B	01	0776D8	7F/7F/7F	289/289/289/289
371	 Dark Universe  	20	55	1	074F59	54F59	68	04	0776AC	7F/7F/7F	286/286/286/286
371	 Dark Universe  	20	55	2	074FAA	54FAA	6B	01	0776D8	7F/7F/7F	289/289/289/289
371	 Dark Universe  	20	55	3	074FFB	54FFB	5C	80	07756D	7F/7F/7F	257/257/257/257
372	  Windy Sweep   	20	15	0	0750B2	550B2	76	00	077788	7F/7F/7F	306/306/306/306
372	  Windy Sweep   	20	15	1	075103	55103	76	00	077788	7F/7F/7F	306/306/306/306
372	  Windy Sweep   	20	15	2	075154	55154	0C	81	076BCD	7F/7F/7F	34/34/34/34
373	   Piano Trio   	20	55	0	07525C	5525C	2B	00	076F7F	7F/7F/7F	119/119/119/119
373	   Piano Trio   	20	55	1	0752AD	552AD	3D	80	0771BB	7F/7F/7F	172/172/172/172
373	   Piano Trio   	20	55	2	0752FE	552FE	3E	80	0771D1	7F/7F/7F	173/173/173/173
373	   Piano Trio   	20	55	3	07534F	5534F	00	00	076AA4	7F/7F/7F	0/0/0/0
374	   Funk Staff   	20	05	0	075406	55406	78	00	077801	7F/7F/7F	317/317/317/317
374	   Funk Staff   	20	05	1	075457	55457	11	00	076C3B	7F/7F/7F	45/45/45/45
375	    Bonanza     	20	55	0	0755B0	555B0	28	00	076EAE	7F/7F/7F	102/102/102/102
375	    Bonanza     	20	55	1	075601	55601	21	00	076DFE	7F/7F/7F	86/86/86/86
375	    Bonanza     	20	55	2	075652	55652	60	01	0775D0	7F/7F/7F	266/266/266/266
375	    Bonanza     	20	55	3	0756A3	556A3	66	80	07766A	7F/7F/7F	281/281/281/281
376	  Multi Pitch   	20	05	0	07575A	5575A	76	00	077788	7F/7F/7F	306/306/306/306
376	  Multi Pitch   	20	05	1	0757AB	557AB	76	00	077788	7F/7F/7F	306/306/306/306
377	  Under Water   	20	11	0	075904	55904	7B	00	077890	7F/7F/7F	329/329/329/329
377	  Under Water   	20	11	1	075955	55955	68	04	0776AC	7F/7F/7F	286/286/286/286
378	     Piano      	10	05	0	05253A	3253A	00	01	076ABA	7F/7F/7F	1/1/1/1
378	     Piano      	10	05	1	05258B	3258B	00	05	076AC5	7F/7F/7F	2/2/2/2
379	     Piano      	10	05	0	05253A	3253A	00	01	076ABA	7F/7F/7F	1/1/1/1
379	     Piano      	10	05	1	05258B	3258B	00	05	076AC5	7F/7F/7F	2/2/2/2
380	     Piano      	10	05	0	05253A	3253A	00	01	076ABA	7F/7F/7F	1/1/1/1
380	     Piano      	10	05	1	05258B	3258B	00	05	076AC5	7F/7F/7F	2/2/2/2
381	     Piano      	10	05	0	05253A	3253A	00	01	076ABA	7F/7F/7F	1/1/1/1
381	     Piano      	10	05	1	05258B	3258B	00	05	076AC5	7F/7F/7F	2/2/2/2
382	     Piano      	10	05	0	05253A	3253A	00	01	076ABA	7F/7F/7F	1/1/1/1
382	     Piano      	10	05	1	05258B	3258B	00	05	076AC5	7F/7F/7F	2/2/2/2
383	     Piano      	10	05	0	05253A	3253A	00	01	076ABA	7F/7F/7F	1/1/1/1
383	     Piano      	10	05	1	05258B	3258B	00	05	076AC5	7F/7F/7F	2/2/2/2
384	     Piano      	10	05	0	05253A	3253A	00	01	076ABA	7F/7F/7F	1/1/1/1
384	     Piano      	10	05	1	05258B	3258B	00	05	076AC5	7F/7F/7F	2/2/2/2
385	     Piano      	10	05	0	05253A	3253A	00	01	076ABA	7F/7F/7F	1/1/1/1
385	     Piano      	10	05	1	05258B	3258B	00	05	076AC5	7F/7F/7F	2/2/2/2
386	     Piano      	10	05	0	05253A	3253A	00	01	076ABA	7F/7F/7F	1/1/1/1
386	     Piano      	10	05	1	05258B	3258B	00	05	076AC5	7F/7F/7F	2/2/2/2
387	     Piano      	10	05	0	05253A	3253A	00	01	076ABA	7F/7F/7F	1/1/1/1
387	     Piano      	10	05	1	05258B	3258B	00	05	076AC5	7F/7F/7F	2/2/2/2
388	     Piano      	10	05	0	05253A	3253A	00	01	076ABA	7F/7F/7F	1/1/1/1
388	     Piano      	10	05	1	05258B	3258B	00	05	076AC5	7F/7F/7F	2/2/2/2
389	     Piano      	10	05	0	05253A	3253A	00	01	076ABA	7F/7F/7F	1/1/1/1
389	     Piano      	10	05	1	05258B	3258B	00	05	076AC5	7F/7F/7F	2/2/2/2
390	     Piano      	10	05	0	05253A	3253A	00	01	076ABA	7F/7F/7F	1/1/1/1
390	     Piano      	10	05	1	05258B	3258B	00	05	076AC5	7F/7F/7F	2/2/2/2
391	     Piano      	10	05	0	05253A	3253A	00	01	076ABA	7F/7F/7F	1/1/1/1
391	     Piano      	10	05	1	05258B	3258B	00	05	076AC5	7F/7F/7F	2/2/2/2
392	     Piano      	10	05	0	05253A	3253A	00	01	076ABA	7F/7F/7F	1/1/1/1
392	     Piano      	10	05	1	05258B	3258B	00	05	076AC5	7F/7F/7F	2/2/2/2
393	     Piano      	10	05	0	05253A	3253A	00	01	076ABA	7F/7F/7F	1/1/1/1
393	     Piano      	10	05	1	05258B	3258B	00	05	076AC5	7F/7F/7F	2/2/2/2
394	     Piano      	10	05	0	05253A	3253A	00	01	076ABA	7F/7F/7F	1/1/1/1
394	     Piano      	10	05	1	05258B	3258B	00	05	076AC5	7F/7F/7F	2/2/2/2
395	     Piano      	10	05	0	05253A	3253A	00	01	076ABA	7F/7F/7F	1/1/1/1
395	     Piano      	10	05	1	05258B	3258B	00	05	076AC5	7F/7F/7F	2/2/2/2
396	     Piano      	10	05	0	05253A	3253A	00	01	076ABA	7F/7F/7F	1/1/1/1
396	     Piano      	10	05	1	05258B	3258B	00	05	076AC5	7F/7F/7F	2/2/2/2
397	     Piano      	10	05	0	05253A	3253A	00	01	076ABA	7F/7F/7F	1/1/1/1
397	     Piano      	10	05	1	05258B	3258B	00	05	076AC5	7F/7F/7F	2/2/2/2
398	     Piano      	10	05	0	05253A	3253A	00	01	076ABA	7F/7F/7F	1/1/1/1
398	     Piano      	10	05	1	05258B	3258B	00	05	076AC5	7F/7F/7F	2/2/2/2
399	     Piano      	10	05	0	05253A	3253A	00	01	076ABA	7F/7F/7F	1/1/1/1
399	     Piano      	10	05	1	05258B	3258B	00	05	076AC5	7F/7F/7F	2/2/2/2
400	     Piano      	10	01	0	06607C	4607C	00	00	076AA4	7F/7F/7F	0/0/0/0
401	     Piano      	10	01	0	066133	46133	00	00	076AA4	7F/7F/7F	0/0/0/0
402	     Piano      	10	01	0	0661EA	461EA	00	00	076AA4	7F/7F/7F	0/0/0/0
403	  Bright Piano  	10	01	0	0662A1	462A1	01	00	076AD0	7F/7F/7F	4/4/4/4
404	  Bright Piano  	10	01	0	066358	46358	01	00	076AD0	7F/7F/7F	4/4/4/4
405	 Electric Grand 	10	11	0	06640F	4640F	03	00	076AFC	7F/7F/7F	8/8/8/8
405	 Electric Grand 	10	11	1	066460	46460	01	00	076AD0	7F/7F/7F	4/4/4/4
406	 Electric Grand 	10	11	0	066517	46517	03	00	076AFC	7F/7F/7F	8/8/8/8
406	 Electric Grand 	10	11	1	066568	46568	01	00	076AD0	7F/7F/7F	4/4/4/4
407	Honky-Tonk Piano	10	05	0	06661F	4661F	01	00	076AD0	7F/7F/7F	4/4/4/4
407	Honky-Tonk Piano	10	05	1	066670	46670	01	01	076ADB	7F/7F/7F	5/5/5/5
408	Honky-Tonk Piano	10	05	0	066727	46727	01	00	076AD0	7F/7F/7F	4/4/4/4
408	Honky-Tonk Piano	10	05	1	066778	46778	01	01	076ADB	7F/7F/7F	5/5/5/5
409	    E.Piano     	10	01	0	06682F	4682F	05	02	076B33	7F/7F/7F	13/13/13/13
410	    E.Piano     	10	01	0	0668E6	468E6	05	02	076B33	7F/7F/7F	13/13/13/13
411	    E.Piano     	10	01	0	06699D	4699D	05	02	076B33	7F/7F/7F	13/13/13/13
412	    E.Piano     	10	01	0	066A54	46A54	04	00	076B07	59/6D/7F	9/10/12/9
413	  Modern E.P.   	10	01	0	066B0B	46B0B	06	00	076B49	3B/4F/63	22/23/19/24
414	  Modern E.P.   	10	01	0	066BC2	46BC2	06	00	076B49	3B/4F/63	22/23/19/24
415	  Modern E.P.   	10	01	0	066C79	46C79	06	00	076B49	3B/4F/63	22/23/19/24
416	  Harpsichord   	10	41	0	066D30	46D30	10	00	076C1A	7F/7F/7F	41/41/41/41
416	  Harpsichord   	10	41	1	066D81	46D81	1F	80	076DA6	7F/7F/7F	81/81/81/81
417	  Harpsichord   	10	05	0	066E38	46E38	10	00	076C1A	7F/7F/7F	41/41/41/41
417	  Harpsichord   	10	05	1	066E89	46E89	10	00	076C1A	7F/7F/7F	41/41/41/41
418	  Harpsichord   	10	41	0	066F40	46F40	10	00	076C1A	7F/7F/7F	41/41/41/41
418	  Harpsichord   	10	41	1	066F91	46F91	1F	80	076DA6	7F/7F/7F	81/81/81/81
419	  Harpsichord   	10	41	0	067048	47048	10	00	076C1A	7F/7F/7F	41/41/41/41
419	  Harpsichord   	10	41	1	067099	47099	1F	80	076DA6	7F/7F/7F	81/81/81/81
420	     Clavi      	30	41	0	067150	47150	11	00	076C3B	7F/7F/7F	45/45/45/45
420	     Clavi      	30	41	1	0671A1	471A1	1F	84	076DD2	7F/7F/7F	82/82/82/82
421	    Celesta     	10	01	0	067258	47258	0C	00	076BB7	7F/7F/7F	32/32/32/32
422	  Glockenspiel  	10	01	0	06730F	4730F	09	00	076B96	7F/7F/7F	29/29/29/29
423	   Music Box    	10	01	0	0673C6	473C6	07	00	076B6A	7F/7F/7F	25/25/25/25
424	   Vibraphone   	10	01	0	06747D	4747D	08	00	076B8B	7F/7F/7F	28/28/28/28
425	   Vibraphone   	10	01	0	067534	47534	08	00	076B8B	7F/7F/7F	28/28/28/28
426	    Marimba     	10	01	0	0675EB	475EB	0A	00	076BA1	7F/7F/7F	30/30/30/30
427	    Marimba     	10	01	0	0676A2	476A2	0A	00	076BA1	7F/7F/7F	30/30/30/30
428	   Xylophone    	10	01	0	067759	47759	0B	00	076BAC	7F/7F/7F	31/31/31/31
429	 Tubular Bells  	10	01	0	067810	47810	0E	00	076BE3	7F/7F/7F	36/36/36/36
430	 Tubular Bells  	10	01	0	0678C7	478C7	6B	80	0776CD	7F/7F/7F	291/291/291/291
431	 Tubular Bells  	10	01	0	06797E	4797E	6B	80	0776CD	7F/7F/7F	291/291/291/291
432	    Dulcimer    	30	05	0	067A35	47A35	26	01	076E77	7F/7F/7F	97/97/97/97
432	    Dulcimer    	30	05	1	067A86	47A86	26	01	076E77	7F/7F/7F	97/97/97/97
433	 Full Drawbars  	30	01	0	067B3D	47B3D	59	00	07750A	7F/7F/7F	248/248/248/248
434	 Full Drawbars  	30	05	0	067BF4	47BF4	59	00	07750A	7F/7F/7F	248/248/248/248
434	 Full Drawbars  	30	05	1	067C45	47C45	59	00	07750A	7F/7F/7F	248/248/248/248
435	 Full Drawbars  	30	01	0	067CFC	47CFC	59	00	07750A	7F/7F/7F	248/248/248/248
436	 Full Drawbars  	30	01	0	067DB3	47DB3	5B	00	07752B	7F/7F/7F	251/251/251/251
437	   Perc Organ   	30	01	0	067E6A	47E6A	58	00	0774F4	7F/7F/7F	246/246/246/246
438	   Perc Organ   	30	05	0	067F21	47F21	58	00	0774F4	7F/7F/7F	246/246/246/246
438	   Perc Organ   	30	05	1	067F72	47F72	58	00	0774F4	7F/7F/7F	246/246/246/246
439	   Perc Organ   	30	11	0	068029	48029	5B	01	077541	7F/7F/7F	252/252/252/252
439	   Perc Organ   	30	11	1	06807A	4807A	5E	01	077599	7F/7F/7F	260/260/260/260
440	   Rock Organ   	30	01	0	068131	48131	59	00	07750A	7F/7F/7F	248/248/248/248
441	   Pipe Organ   	10	01	0	0681E8	481E8	54	00	077486	7F/7F/7F	236/236/236/236
442	   Pipe Organ   	10	05	0	06829F	4829F	54	00	077486	7F/7F/7F	236/236/236/236
442	   Pipe Organ   	10	05	1	0682F0	482F0	54	00	077486	7F/7F/7F	236/236/236/236
443	   Pipe Organ   	10	05	0	0683A7	483A7	54	00	077486	7F/7F/7F	236/236/236/236
443	   Pipe Organ   	10	05	1	0683F8	483F8	54	00	077486	7F/7F/7F	236/236/236/236
444	   Harmonium    	10	05	0	0684AF	484AF	51	00	0773EC	7F/7F/7F	222/222/222/222
444	   Harmonium    	10	05	1	068500	48500	50	00	0773AA	7F/7F/7F	216/216/216/216
445	   Accordion    	10	01	0	0685B7	485B7	50	00	0773AA	7F/7F/7F	216/216/216/216
446	   Accordion    	10	01	0	06866E	4866E	50	00	0773AA	7F/7F/7F	216/216/216/216
447	   Harmonica    	30	01	0	068725	48725	53	00	077465	7F/7F/7F	233/233/233/233
448	   Bandoneon    	10	05	0	0687DC	487DC	51	00	0773EC	7F/7F/7F	222/222/222/222
448	   Bandoneon    	10	05	1	06882D	4882D	51	00	0773EC	7F/7F/7F	222/222/222/222
449	 Jazz Ac.Guitar 	30	01	0	0688E4	488E4	15	00	076C88	7F/7F/7F	52/52/52/52
450	 Jazz Ac.Guitar 	30	01	0	06899B	4899B	14	00	076C67	7F/7F/7F	49/49/49/49
451	 Jazz Ac.Guitar 	30	01	0	068A52	48A52	15	00	076C88	7F/7F/7F	52/52/52/52
452	 Jazz Ac.Guitar 	30	01	0	068B09	48B09	15	00	076C88	7F/7F/7F	52/52/52/52
453	  Folk Guitar   	30	01	0	068BC0	48BC0	16	00	076C9E	7F/7F/7F	54/54/54/54
454	  Folk Guitar   	30	15	0	068C77	48C77	16	00	076C9E	7F/7F/7F	54/54/54/54
454	  Folk Guitar   	30	15	1	068CC8	48CC8	16	00	076C9E	7F/7F/7F	54/54/54/54
454	  Folk Guitar   	30	15	2	068D19	48D19	0F	80	076C0F	7F/7F/7F	40/40/40/40
455	  Folk Guitar   	30	01	0	068DD0	48DD0	23	00	076E2A	7F/7F/7F	90/90/90/90
456	  Jazz Guitar   	30	01	0	068E87	48E87	18	00	076CEB	7F/7F/7F	61/61/61/61
457	  Jazz Guitar   	30	01	0	068F3E	48F3E	1F	00	076D9B	7F/7F/7F	77/77/77/77
458	  Solid Guitar  	30	01	0	068FF5	48FF5	1A	00	076D22	7F/7F/7F	66/66/66/66
459	  Solid Guitar  	30	01	0	0690AC	490AC	1A	00	076D22	7F/7F/7F	66/66/66/66
460	  Mute Guitar   	30	01	0	069163	49163	1D	00	076D7A	7F/7F/7F	74/74/74/74
461	  Mute Guitar   	30	01	0	06921A	4921A	29	02	076F27	7F/7F/7F	112/112/112/112
462	  Mute Guitar   	30	05	0	0692D1	492D1	1D	00	076D7A	7F/7F/7F	74/74/74/74
462	  Mute Guitar   	30	05	1	069322	49322	29	02	076F27	7F/7F/7F	112/112/112/112
463	Overdrive Guitar	30	11	0	0693D9	493D9	1B	02	076D59	7F/7F/7F	71/71/71/71
463	Overdrive Guitar	30	11	1	06942A	4942A	1E	00	076D90	7F/7F/7F	76/76/76/76
464	 Distortion Gtr 	30	01	0	0694E1	494E1	1E	00	076D90	7F/7F/7F	76/76/76/76
465	 Distortion Gtr 	30	05	0	069598	49598	1E	00	076D90	7F/7F/7F	76/76/76/76
465	 Distortion Gtr 	30	05	1	0695E9	495E9	5E	01	077599	7F/7F/7F	260/260/260/260
466	 Rock Harmonics 	30	11	0	0696A0	496A0	1B	01	076D4E	7F/7F/7F	70/70/70/70
466	 Rock Harmonics 	30	11	1	0696F1	496F1	1E	00	076D90	7F/7F/7F	76/76/76/76
467	 Rock Harmonics 	30	01	0	0697A8	497A8	5E	01	077599	7F/7F/7F	260/260/260/260
468	 Acoustic Bass  	30	01	0	06985F	4985F	2B	00	076F7F	7F/7F/7F	119/119/119/119
469	  Bright Bass   	30	01	0	069916	49916	28	01	076EC4	7F/7F/7F	103/103/103/103
470	 Picked E.Bass  	30	01	0	0699CD	499CD	2A	00	076F53	7F/7F/7F	115/115/115/115
471	 Fretless Bass  	30	01	0	069A84	49A84	28	02	076EDA	7F/7F/7F	104/104/104/104
472	  Slap Bass 1   	30	01	0	069B3B	49B3B	29	00	076F06	7F/7F/7F	110/110/110/110
473	  Slap Bass 2   	30	05	0	069BF2	49BF2	29	00	076F06	7F/7F/7F	110/110/110/110
473	  Slap Bass 2   	30	05	1	069C43	49C43	29	04	076F3D	60/7F/7F	110/112/112/112
474	    Wow Bass    	30	01	0	069CFA	49CFA	78	00	077801	7F/7F/7F	317/317/317/317
475	    Wow Bass    	30	01	0	069DB1	49DB1	78	00	077801	7F/7F/7F	317/317/317/317
476	    Wow Bass    	30	01	0	069E68	49E68	78	00	077801	7F/7F/7F	317/317/317/317
477	  Plastic Bass  	30	01	0	069F1F	49F1F	2E	02	07700E	7F/7F/7F	131/131/131/131
478	  Plastic Bass  	30	01	0	069FD6	49FD6	2D	03	076FCC	7F/7F/7F	125/125/125/125
479	  Plastic Bass  	30	01	0	06A08D	4A08D	2F	02	07703A	7F/7F/7F	135/135/135/135
480	     Violin     	30	01	0	06A144	4A144	60	00	0775C5	7F/7F/7F	265/265/265/265
481	     Violin     	30	01	0	06A1FB	4A1FB	60	00	0775C5	7F/7F/7F	265/265/265/265
482	     Viola      	30	01	0	06A2B2	4A2B2	61	01	0775F1	7F/7F/7F	268/268/268/268
483	     Cello      	30	01	0	06A369	4A369	61	00	0775DB	7F/7F/7F	267/267/267/267
484	   Bowed Bass   	30	01	0	06A420	4A420	62	00	0775FC	7F/7F/7F	270/270/270/270
485	Tremolo Strings 	10	05	0	06A4D7	4A4D7	64	00	07761D	7F/7F/7F	273/273/273/273
485	Tremolo Strings 	10	05	1	06A528	4A528	64	00	07761D	7F/7F/7F	273/273/273/273
486	 Pizzicato Str. 	10	05	0	06A5DF	4A5DF	63	00	077612	7F/7F/7F	272/272/272/272
486	 Pizzicato Str. 	10	05	1	06A630	4A630	63	00	077612	7F/7F/7F	272/272/272/272
487	      Harp      	10	01	0	06A6E7	4A6E7	20	00	076DDD	7F/7F/7F	83/83/83/83
488	    Timpani     	30	01	0	06A79E	4A79E	7E	00	0778C7	7F/7F/7F	334/334/334/334
489	    Strings     	30	01	0	06A855	4A855	64	04	077633	7F/7F/7F	275/275/275/275
490	    Strings     	30	05	0	06A90C	4A90C	64	04	077633	7F/7F/7F	275/275/275/275
490	    Strings     	30	05	1	06A95D	4A95D	38	00	077121	7F/7F/7F	157/157/157/157
491	  Slow Strings  	30	01	0	06AA14	4AA14	64	00	07761D	7F/7F/7F	273/273/273/273
492	 Synth String 1 	30	15	0	06AACB	4AACB	78	00	077801	7F/7F/7F	317/317/317/317
492	 Synth String 1 	30	15	1	06AB1C	4AB1C	76	00	077788	7F/7F/7F	306/306/306/306
492	 Synth String 1 	30	15	2	06AB6D	4AB6D	64	00	07761D	7F/7F/7F	273/273/273/273
493	 Synth String 1 	30	05	0	06AC24	4AC24	76	00	077788	7F/7F/7F	306/306/306/306
493	 Synth String 1 	30	05	1	06AC75	4AC75	64	00	07761D	7F/7F/7F	273/273/273/273
494	 Synth String 2 	30	11	0	06AD2C	4AD2C	76	00	077788	7F/7F/7F	306/306/306/306
494	 Synth String 2 	30	11	1	06AD7D	4AD7D	64	00	07761D	7F/7F/7F	273/273/273/273
495	    Vocal Ah    	30	01	0	06AE34	4AE34	68	04	0776AC	7F/7F/7F	286/286/286/286
496	    Vocal Ah    	30	01	0	06AEEB	4AEEB	68	04	0776AC	7F/7F/7F	286/286/286/286
497	   Vocal Doo    	30	05	0	06AFA2	4AFA2	6D	00	0776EE	7F/7F/7F	292/292/292/292
497	   Vocal Doo    	30	05	1	06AFF3	4AFF3	68	01	077696	7F/7F/7F	284/284/284/284
498	  Synth Vocal   	30	01	0	06B0AA	4B0AA	68	01	077696	7F/7F/7F	284/284/284/284
499	 Orchestra Hit  	10	01	0	06B161	4B161	7F	01	0778E8	7F/7F/7F	336/336/336/336
500	    Trumpet     	30	01	0	06B218	4B218	30	00	07705B	7F/7F/7F	139/139/139/139
501	    Trombone    	30	01	0	06B2CF	4B2CF	35	00	0770D4	7F/7F/7F	150/150/150/150
502	    Trombone    	30	01	0	06B386	4B386	35	00	0770D4	7F/7F/7F	150/150/150/150
503	      Tuba      	30	01	0	06B43D	4B43D	35	00	0770D4	7F/7F/7F	150/150/150/150
504	Harmon Mute Tpt 	30	01	0	06B4F4	4B4F4	32	00	077087	7F/7F/7F	143/143/143/143
505	  Open Fr.Horn  	30	01	0	06B5AB	4B5AB	36	01	0770F5	7F/7F/7F	153/153/153/153
506	  Open Fr.Horn  	30	01	0	06B662	4B662	36	00	0770EA	7F/7F/7F	152/152/152/152
507	 Bigband Brass  	30	05	0	06B719	4B719	39	00	077137	7F/7F/7F	159/159/159/159
507	 Bigband Brass  	30	05	1	06B76A	4B76A	38	00	077121	7F/7F/7F	157/157/157/157
508	 Bigband Brass  	30	05	0	06B821	4B821	38	00	077121	7F/7F/7F	157/157/157/157
508	 Bigband Brass  	30	05	1	06B872	4B872	30	02	07707C	7F/7F/7F	141/141/141/141
509	 Synth Brass 1  	30	05	0	06B929	4B929	3C	01	0771A5	7F/7F/7F	168/168/168/168
509	 Synth Brass 1  	30	05	1	06B97A	4B97A	76	00	077788	7F/7F/7F	306/306/306/306
510	 Synth Brass 1  	30	05	0	06BA31	4BA31	3C	01	0771A5	7F/7F/7F	168/168/168/168
510	 Synth Brass 1  	30	05	1	06BA82	4BA82	76	00	077788	7F/7F/7F	306/306/306/306
511	 Synth Brass 1  	30	05	0	06BB39	4BB39	3C	01	0771A5	7F/7F/7F	168/168/168/168
511	 Synth Brass 1  	30	05	1	06BB8A	4BB8A	76	00	077788	7F/7F/7F	306/306/306/306
512	 Synth Brass 2  	30	01	0	06BC41	4BC41	3C	00	0771A5	7F/7F/7F	168/168/168/168
513	 Synth Brass 2  	30	01	0	06BCF8	4BCF8	3C	00	0771A5	7F/7F/7F	168/168/168/168
514	 Synth Brass 2  	30	01	0	06BDAF	4BDAF	3C	00	0771A5	7F/7F/7F	168/168/168/168
515	  Soprano Sax   	30	11	0	06BE66	4BE66	4C	00	077326	7F/7F/7F	204/204/204/204
515	  Soprano Sax   	30	11	1	06BEB7	4BEB7	07	80	076B75	7F/7F/7F	26/26/26/26
516	    Alto Sax    	30	11	0	06BF6E	4BF6E	4D	00	077347	7F/7F/7F	207/207/207/207
516	    Alto Sax    	30	11	1	06BFBF	4BFBF	07	80	076B75	7F/7F/7F	26/26/26/26
517	    Alto Sax    	30	11	0	06C076	4C076	4D	00	077347	7F/7F/7F	207/207/207/207
517	    Alto Sax    	30	11	1	06C0C7	4C0C7	07	80	076B75	7F/7F/7F	26/26/26/26
518	   Tenor Sax    	30	11	0	06C17E	4C17E	4E	01	077373	7F/7F/7F	210/210/210/210
518	   Tenor Sax    	30	11	1	06C1CF	4C1CF	07	81	076B80	7F/7F/7F	27/27/27/27
519	   Tenor Sax    	30	15	0	06C286	4C286	4E	00	07735D	7F/7F/7F	209/209/209/209
519	   Tenor Sax    	30	15	1	06C2D7	4C2D7	4E	00	07735D	7F/7F/7F	209/209/209/209
519	   Tenor Sax    	30	15	2	06C328	4C328	07	81	076B80	7F/7F/7F	27/27/27/27
520	  Baritone Sax  	30	11	0	06C3DF	4C3DF	4F	01	07739F	7F/7F/7F	214/214/214/214
520	  Baritone Sax  	30	11	1	06C430	4C430	07	81	076B80	7F/7F/7F	27/27/27/27
521	      Oboe      	10	01	0	06C4E7	4C4E7	42	00	07723F	7F/7F/7F	183/183/183/183
522	  English Horn  	10	01	0	06C59E	4C59E	43	00	07724A	7F/7F/7F	184/184/184/184
523	    Bassoon     	10	01	0	06C655	4C655	46	00	0772A2	7F/7F/7F	192/192/192/192
524	 Jazz Clarinet  	30	01	0	06C70C	4C70C	44	00	077260	7F/7F/7F	186/186/186/186
525	 Jazz Clarinet  	30	01	0	06C7C3	4C7C3	45	01	077297	7F/7F/7F	190/190/190/190
526	    Piccolo     	30	01	0	06C87A	4C87A	40	00	0771F2	7F/7F/7F	176/176/176/176
527	   Jazz Flute   	30	11	0	06C931	4C931	41	00	07721E	7F/7F/7F	180/180/180/180
527	   Jazz Flute   	30	11	1	06C982	4C982	05	80	076B1D	7F/7F/7F	17/17/17/17
528	    Recorder    	30	01	0	06CA39	4CA39	4A	00	0772FA	7F/7F/7F	200/200/200/200
529	   Pan Flute    	30	11	0	06CAF0	4CAF0	48	00	0772B8	7F/7F/7F	194/194/194/194
529	   Pan Flute    	30	11	1	06CB41	4CB41	05	80	076B1D	7F/7F/7F	17/17/17/17
530	  Blown Bottle  	30	05	0	06CBF8	4CBF8	48	00	0772B8	7F/7F/7F	194/194/194/194
530	  Blown Bottle  	30	05	1	06CC49	4CC49	05	80	076B1D	7F/7F/7F	17/17/17/17
531	   Shakuhachi   	30	11	0	06CD00	4CD00	4B	00	077310	7F/7F/7F	202/202/202/202
531	   Shakuhachi   	30	11	1	06CD51	4CD51	05	80	076B1D	7F/7F/7F	17/17/17/17
532	    Whistle     	30	01	0	06CE08	4CE08	6F	00	077704	7F/7F/7F	294/294/294/294
533	    Ocarina     	30	01	0	06CEBF	4CEBF	4A	01	077305	7F/7F/7F	201/201/201/201
534	  Square Lead   	30	05	0	06CF76	4CF76	79	01	07784E	7F/7F/7F	324/324/324/324
534	  Square Lead   	30	05	1	06CFC7	4CFC7	44	00	077260	7F/7F/7F	186/186/186/186
535	  Square Lead   	30	01	0	06D07E	4D07E	79	01	07784E	7F/7F/7F	324/324/324/324
536	  Square Lead   	30	01	0	06D135	4D135	5E	01	077599	7F/7F/7F	260/260/260/260
537	    Saw Lead    	30	05	0	06D1EC	4D1EC	78	00	077801	7F/7F/7F	317/317/317/317
537	    Saw Lead    	30	05	1	06D23D	4D23D	78	00	077801	7F/7F/7F	317/317/317/317
538	    Saw Lead    	30	01	0	06D2F4	4D2F4	78	00	077801	7F/7F/7F	317/317/317/317
539	    Saw Lead    	30	05	0	06D3AB	4D3AB	78	00	077801	7F/7F/7F	317/317/317/317
539	    Saw Lead    	30	05	1	06D3FC	4D3FC	76	00	077788	7F/7F/7F	306/306/306/306
540	 Synth Calliope 	30	15	0	06D4B3	4D4B3	68	01	077696	7F/7F/7F	284/284/284/284
540	 Synth Calliope 	30	15	1	06D504	4D504	48	00	0772B8	7F/7F/7F	194/194/194/194
540	 Synth Calliope 	30	15	2	06D555	4D555	05	80	076B1D	7F/7F/7F	17/17/17/17
541	  Chiffer Lead  	30	11	0	06D60C	4D60C	3C	01	0771A5	7F/7F/7F	168/168/168/168
541	  Chiffer Lead  	30	11	1	06D65D	4D65D	05	80	076B1D	7F/7F/7F	17/17/17/17
542	    Charang     	30	05	0	06D714	4D714	1E	00	076D90	7F/7F/7F	76/76/76/76
542	    Charang     	30	05	1	06D765	4D765	76	00	077788	7F/7F/7F	306/306/306/306
543	    Air Vox     	30	05	0	06D81C	4D81C	48	00	0772B8	7F/7F/7F	194/194/194/194
543	    Air Vox     	30	05	1	06D86D	4D86D	68	04	0776AC	7F/7F/7F	286/286/286/286
544	    5th Wave    	30	05	0	06D924	4D924	76	00	077788	7F/7F/7F	306/306/306/306
544	    5th Wave    	30	05	1	06D975	4D975	76	00	077788	7F/7F/7F	306/306/306/306
545	  Bass & Lead   	30	05	0	06DA2C	4DA2C	2E	02	07700E	7F/7F/7F	131/131/131/131
545	  Bass & Lead   	30	05	1	06DA7D	4DA7D	78	00	077801	7F/7F/7F	317/317/317/317
546	    Fantasia    	30	05	0	06DB34	4DB34	6B	01	0776D8	7F/7F/7F	289/289/289/289
546	    Fantasia    	30	05	1	06DB85	4DB85	0C	00	076BB7	7F/7F/7F	32/32/32/32
547	    Warm Pad    	30	01	0	06DC3C	4DC3C	77	00	0777EB	7F/7F/7F	315/315/315/315
548	   Poly Synth   	30	05	0	06DCF3	4DCF3	76	02	0777A9	7F/7F/7F	307/307/307/307
548	   Poly Synth   	30	05	1	06DD44	4DD44	6B	01	0776D8	7F/7F/7F	289/289/289/289
549	   Spacy Pad    	30	01	0	06DDFB	4DDFB	68	05	0776B7	7F/7F/7F	287/246/287/287
550	  Bowed Glass   	30	01	0	06DEB2	4DEB2	0C	00	076BB7	7F/7F/7F	32/32/32/32
551	   Metal Pad    	30	05	0	06DF69	4DF69	77	00	0777EB	7F/7F/7F	315/315/315/315
551	   Metal Pad    	30	05	1	06DFBA	4DFBA	78	02	077817	7F/7F/7F	319/319/319/319
552	    Halo Pad    	30	05	0	06E071	4E071	68	04	0776AC	7F/7F/7F	286/286/286/286
552	    Halo Pad    	30	05	1	06E0C2	4E0C2	39	80	077142	7F/7F/7F	160/160/160/160
553	   Sweep Pad    	30	11	0	06E179	4E179	6B	01	0776D8	7F/7F/7F	289/289/289/289
553	   Sweep Pad    	30	11	1	06E1CA	4E1CA	76	00	077788	7F/7F/7F	306/306/306/306
554	    Ice Rain    	30	05	0	06E281	4E281	6B	01	0776D8	7F/7F/7F	289/289/289/289
554	    Ice Rain    	30	05	1	06E2D2	4E2D2	5C	80	07756D	7F/7F/7F	257/257/257/257
555	   Soundtrack   	30	05	0	06E389	4E389	6B	01	0776D8	7F/7F/7F	289/289/289/289
555	   Soundtrack   	30	05	1	06E3DA	4E3DA	76	00	077788	7F/7F/7F	306/306/306/306
556	    Crystal     	10	15	0	06E491	4E491	0B	00	076BAC	7F/7F/7F	31/31/31/31
556	    Crystal     	10	15	1	06E4E2	4E4E2	5E	01	077599	7F/7F/7F	260/260/260/260
556	    Crystal     	10	15	2	06E533	4E533	09	00	076B96	7F/7F/7F	29/29/29/29
557	    Crystal     	10	01	0	06E5EA	4E5EA	1F	00	076D9B	7F/7F/7F	77/77/77/77
558	   Atmosphere   	30	05	0	06E6A1	4E6A1	15	00	076C88	7F/7F/7F	52/52/52/52
558	   Atmosphere   	30	05	1	06E6F2	4E6F2	76	00	077788	7F/7F/7F	306/306/306/306
559	   Brightness   	30	15	0	06E7A9	4E7A9	64	00	07761D	7F/7F/7F	273/273/273/273
559	   Brightness   	30	15	1	06E7FA	4E7FA	03	00	076AFC	7F/7F/7F	8/8/8/8
559	   Brightness   	30	15	2	06E84B	4E84B	3C	80	07719A	7F/7F/7F	170/170/170/170
560	    Goblins     	30	15	0	06E902	4E902	68	01	077696	7F/7F/7F	284/284/284/284
560	    Goblins     	30	15	1	06E953	4E953	68	01	077696	7F/7F/7F	284/284/284/284
560	    Goblins     	30	15	2	06E9A4	4E9A4	5B	80	077536	7F/7F/7F	254/254/254/254
561	   Echo Drops   	30	05	0	06EA5B	4EA5B	68	04	0776AC	7F/7F/7F	286/286/286/286
561	   Echo Drops   	30	05	1	06EAAC	4EAAC	76	00	077788	7F/7F/7F	306/306/306/306
562	   Echo Drops   	30	05	0	06EB63	4EB63	78	00	077801	7F/7F/7F	317/317/317/317
562	   Echo Drops   	30	05	1	06EBB4	4EBB4	78	00	077801	7F/7F/7F	317/317/317/317
563	   Echo Drops   	30	05	0	06EC6B	4EC6B	78	00	077801	7F/7F/7F	317/317/317/317
563	   Echo Drops   	30	05	1	06ECBC	4ECBC	78	00	077801	7F/7F/7F	317/317/317/317
564	   Star Theme   	30	05	0	06ED73	4ED73	6B	01	0776D8	7F/7F/7F	289/289/289/289
564	   Star Theme   	30	05	1	06EDC4	4EDC4	78	02	077817	7F/7F/7F	319/319/319/319
565	     Sitar      	30	01	0	06EE7B	4EE7B	26	00	076E6C	7F/7F/7F	96/96/96/96
566	     Sitar      	30	05	0	06EF32	4EF32	26	00	076E6C	7F/7F/7F	96/96/96/96
566	     Sitar      	30	05	1	06EF83	4EF83	26	00	076E6C	7F/7F/7F	96/96/96/96
567	     Banjo      	30	01	0	06F03A	4F03A	21	00	076DFE	7F/7F/7F	86/86/86/86
568	    Shamisen    	30	01	0	06F0F1	4F0F1	24	00	076E4B	7F/7F/7F	93/93/93/93
569	      Koto      	30	01	0	06F1A8	4F1A8	25	00	076E56	7F/7F/7F	94/94/94/94
570	      Koto      	30	01	0	06F25F	4F25F	25	04	076E56	7F/7F/7F	94/94/94/94
571	    Kalimba     	10	01	0	06F316	4F316	27	00	076E8D	7F/7F/7F	99/99/99/99
572	    Bagpipe     	10	05	0	06F3CD	4F3CD	49	00	0772D9	7F/7F/7F	197/197/197/197
572	    Bagpipe     	10	05	1	06F41E	4F41E	46	00	0772A2	7F/7F/7F	192/192/192/192
573	 Country Fiddle 	30	05	0	06F4D5	4F4D5	60	00	0775C5	7F/7F/7F	265/265/265/265
573	 Country Fiddle 	30	05	1	06F526	4F526	60	01	0775D0	7F/7F/7F	266/266/266/266
574	     Shanai     	30	15	0	06F5DD	4F5DD	7A	01	077864	7F/7F/7F	326/326/326/326
574	     Shanai     	30	15	1	06F62E	4F62E	42	00	07723F	7F/7F/7F	183/183/183/183
574	     Shanai     	30	15	2	06F67F	4F67F	4D	00	077347	7F/7F/7F	207/207/207/207
575	  Tinkle Bell   	10	05	0	06F736	4F736	70	02	077725	7F/7F/7F	296/296/296/296
575	  Tinkle Bell   	10	05	1	06F787	4F787	70	02	077725	7F/7F/7F	296/296/296/296
576	     Agogo      	10	01	0	06F83E	4F83E	59	80	077515	7F/7F/7F	249/249/249/249
577	   Steel Drum   	10	01	0	06F8F5	4F8F5	0F	00	076C04	7F/7F/7F	39/39/39/39
578	   Wood Block   	10	01	0	06F9AC	4F9AC	4B	80	07731B	7F/7F/7F	203/203/203/203
579	   Wood Block   	10	01	0	06FA63	4FA63	4D	80	077352	7F/7F/7F	208/208/208/208
580	   Taiko Drum   	30	01	0	06FB1A	4FB1A	40	80	0771FD	7F/7F/7F	178/178/178/178
581	   Taiko Drum   	30	01	0	06FBD1	4FBD1	21	81	076E09	7F/7F/7F	87/87/87/87
582	  Melodic Tom   	30	01	0	06FC88	4FC88	2A	80	076F5E	7F/7F/7F	118/118/118/118
583	  Melodic Tom   	30	01	0	06FD3F	4FD3F	2C	80	076F95	7F/7F/7F	122/122/122/122
584	   Synth Drum   	30	01	0	06FDF6	4FDF6	2C	80	076F95	7F/7F/7F	122/122/122/122
585	   Synth Drum   	30	01	0	06FEAD	4FEAD	2D	80	076FC1	7F/7F/7F	129/129/129/129
586	   Synth Drum   	30	01	0	06FF64	4FF64	2C	80	076F95	7F/7F/7F	122/122/122/122
587	 Reverse Cymbal 	10	01	0	07001B	5001B	3F	80	0771DC	7F/7F/7F	174/174/174/174
588	   Fret Noise   	10	01	0	0700D2	500D2	15	80	076C93	7F/7F/7F	53/53/53/53
589	   Fret Noise   	10	01	0	070189	50189	10	80	076C25	60/7F/7F	43/44/43/43
590	   Fret Noise   	10	01	0	070240	50240	33	80	0770A8	7F/7F/7F	146/146/146/146
591	  Breath Noise  	10	01	0	0702F7	502F7	05	80	076B1D	7F/7F/7F	17/17/17/17
592	  Breath Noise  	10	01	0	0703AE	503AE	10	80	076C25	60/7F/7F	43/44/43/43
593	    Seashore    	10	55	0	070465	50465	76	80	077793	7F/7F/7F	310/310/310/310
593	    Seashore    	10	55	1	0704B6	504B6	76	80	077793	7F/7F/7F	310/310/310/310
593	    Seashore    	10	55	2	070507	50507	76	83	0777BF	7F/7F/7F	313/313/313/313
593	    Seashore    	10	55	3	070558	50558	76	84	0777D5	7F/7F/7F	314/314/314/314
599	   Bird Tweet   	10	05	0	07080D	5080D	62	80	077607	7F/7F/7F	271/271/271/271
599	   Bird Tweet   	10	05	1	07085E	5085E	62	80	077607	7F/7F/7F	271/271/271/271
602	   Bird Tweet   	10	05	0	0709E1	509E1	62	80	077607	7F/7F/7F	271/271/271/271
602	   Bird Tweet   	10	05	1	070A32	50A32	62	80	077607	7F/7F/7F	271/271/271/271
603	   Telephone    	10	01	0	070AE9	50AE9	72	80	07775C	7F/7F/7F	302/302/302/302
607	   Telephone    	10	01	0	070CD2	50CD2	17	80	076CCA	7F/7F/7F	58/58/58/58
608	   Telephone    	10	01	0	070D89	50D89	5F	80	0775AF	7F/7F/7F	263/263/263/263
609	   Helicopter   	10	01	0	070E40	50E40	70	80	07771A	7F/7F/7F	300/300/300/300
615	   Helicopter   	10	01	0	0710F5	510F5	70	80	07771A	7F/7F/7F	300/300/300/300
619	    Applause    	10	05	0	0712DE	512DE	74	80	07777D	7F/7F/7F	305/305/305/305
619	    Applause    	10	05	1	07132F	5132F	74	80	07777D	7F/7F/7F	305/305/305/305
625	    Gun Shot    	10	01	0	0715E4	515E4	66	80	07766A	7F/7F/7F	281/281/281/281
628	    Gun Shot    	10	01	0	071767	51767	66	80	07766A	7F/7F/7F	281/281/281/281
