sel	class	entry	C_modal	n_distinct	key_weight	all_C
0000	0	000	0	1	562	0:562
0002	0	002	0	2	256	0:128;2756:128
0003	0	003	0	1	54	0:54
0004	0	004	0	1	6	0:6
0005	0	005	0	1	6	0:6
0006	0	006	0	1	6	0:6
0007	0	007	0	1	6	0:6
0008	0	008	0	1	10	0:10
0009	0	009	0	1	94	0:94
000A	0	00A	0	1	42	0:42
000B	0	00B	0	1	6	0:6
000C	0	00C	0	1	6	0:6
000D	0	00D	0	1	6	0:6
000E	0	00E	0	1	6	0:6
000F	0	00F	0	1	6	0:6
0010	0	010	0	1	6	0:6
0011	0	011	0	1	12	0:12
0012	0	012	0	1	72	0:72
0013	0	013	0	1	60	0:60
0014	0	014	0	1	12	0:12
0015	0	015	0	1	6	0:6
0016	0	016	0	1	4	0:4
0017	0	017	0	1	6	0:6
0018	0	018	0	1	14	0:14
0019	0	019	0	1	54	0:54
001A	0	01A	0	1	6	0:6
001B	0	01B	0	1	6	0:6
001C	0	01C	0	1	6	0:6
001D	0	01D	1536	2	134	0:6;1536:128
001E	0	01E	0	1	12	0:12
001F	0	01F	0	1	9	0:9
0020	0	020	0	1	42	0:42
0021	0	021	0	1	6	0:6
0022	0	022	0	1	6	0:6
0023	0	023	0	1	6	0:6
0024	0	024	0	1	6	0:6
0025	0	025	0	1	6	0:6
0026	0	026	0	1	6	0:6
0027	0	027	0	1	12	0:12
0028	0	028	0	1	42	0:42
0029	0	029	0	1	6	0:6
002A	0	02A	0	1	6	0:6
002B	0	02B	0	1	6	0:6
002C	0	02C	0	1	6	0:6
002D	0	02D	0	1	6	0:6
002E	0	02E	0	1	6	0:6
002F	0	02F	0	1	22	0:22
0030	0	030	0	1	42	0:42
0031	0	031	0	1	6	0:6
0032	0	032	0	1	6	0:6
0033	0	033	0	1	6	0:6
0034	0	034	0	1	6	0:6
0035	0	035	0	1	6	0:6
0036	0	036	0	1	6	0:6
0037	0	037	0	1	7	0:7
0038	0	038	0	1	42	0:42
0039	0	039	0	1	6	0:6
003A	0	03A	0	1	6	0:6
003B	0	03B	0	1	6	0:6
003C	0	03C	0	1	6	0:6
003D	0	03D	0	1	6	0:6
003E	0	03E	0	1	6	0:6
003F	0	03F	0	1	7	0:7
0040	0	040	-1312	1	54	-1312:54
0041	0	041	-1312	1	54	-1312:54
0042	0	042	-2979	1	6	-2979:6
0043	0	043	-2979	1	6	-2979:6
0044	0	044	-1241	1	12	-1241:12
0045	0	045	-1241	1	12	-1241:12
0046	0	046	-2159	1	18	-2159:18
0047	0	047	-2159	1	21	-2159:21
0048	0	048	-1718	1	86	-1718:86
0049	0	049	-1718	1	129	-1718:129
004A	0	04A	0	1	61	0:61
004B	0	04B	0	1	19	0:19
004C	0	04C	0	1	72	0:72
004D	0	04D	0	1	17	0:17
004E	0	04E	-1596	1	128	-1596:128
004F	0	04F	0	1	72	0:72
0050	0	050	0	1	10	0:10
0051	0	051	0	1	54	0:54
0052	0	052	0	1	6	0:6
0053	0	053	0	1	6	0:6
0054	0	054	0	1	6	0:6
0055	0	055	0	1	6	0:6
0056	0	056	0	1	6	0:6
0057	0	057	0	1	6	0:6
0058	0	058	0	1	66	0:66
0059	0	059	0	1	12	0:12
005A	0	05A	0	1	6	0:6
005B	0	05B	0	1	4	0:4
005C	0	05C	0	1	24	0:24
005D	0	05D	0	1	78	0:78
005E	0	05E	0	1	50	0:50
005F	0	05F	0	1	54	0:54
0060	0	060	0	1	10	0:10
0061	0	061	0	1	20	0:20
0062	0	062	0	1	8	0:8
0063	0	063	0	1	52	0:52
0064	0	064	0	1	20	0:20
0065	0	065	0	1	12	0:12
0066	0	066	0	1	12	0:12
0067	0	067	0	1	13	0:13
0068	0	068	0	1	112	0:112
0069	0	069	0	1	60	0:60
006A	0	06A	0	1	12	0:12
006B	0	06B	0	1	10	0:10
006C	0	06C	0	1	20	0:20
006D	0	06D	0	1	54	0:54
006E	0	06E	0	1	22	0:22
006F	0	06F	0	1	16	0:16
0070	0	070	4292	1	66	4292:66
0071	0	071	1220	1	18	1220:18
0072	0	072	1220	1	44	1220:44
0073	0	073	-2042	1	47	-2042:47
0074	0	074	-2042	1	47	-2042:47
0075	0	075	-1261	1	8	-1261:8
0076	0	076	-1261	1	8	-1261:8
0077	0	077	-2778	1	6	-2778:6
0078	0	078	-2778	1	6	-2778:6
0079	0	079	-1282	1	6	-1282:6
007A	0	07A	-1282	1	6	-1282:6
007B	0	07B	-2784	1	6	-2784:6
007C	0	07C	-2784	1	6	-2784:6
007D	0	07D	-1297	1	6	-1297:6
007E	0	07E	-1297	1	6	-1297:6
007F	0	07F	-2810	1	6	-2810:6
0080	0	080	-2810	1	6	-2810:6
0081	0	081	-1003	1	34	-1003:34
0082	0	082	-1003	1	135	-1003:135
0083	0	083	-2144	1	47	-2144:47
0084	0	084	-2144	1	47	-2144:47
0085	0	085	-1011	1	6	-1011:6
0086	0	086	-1011	1	6	-1011:6
0087	0	087	-2221	1	6	-2221:6
0088	0	088	-2221	1	6	-2221:6
0089	0	089	-989	1	6	-989:6
008A	0	08A	-989	1	6	-989:6
008B	0	08B	-2498	1	6	-2498:6
008C	0	08C	-2498	1	6	-2498:6
008D	0	08D	-999	1	6	-999:6
008E	0	08E	-999	1	6	-999:6
008F	0	08F	-2552	1	6	-2552:6
0090	0	090	-2552	1	6	-2552:6
0091	0	091	-922	1	135	-922:135
0092	0	092	-922	1	120	-922:120
0093	0	093	0	1	6	0:6
0094	0	094	0	1	36	0:36
0095	0	095	0	1	6	0:6
0096	0	096	0	1	5	0:5
0097	0	097	0	1	5	0:5
0098	0	098	0	1	4	0:4
0099	0	099	0	1	2	0:2
009A	0	09A	0	1	6	0:6
009B	0	09B	0	1	4	0:4
009C	0	09C	0	1	2	0:2
009D	0	09D	0	1	6	0:6
009E	0	09E	0	1	12	0:12
009F	0	09F	0	1	2	0:2
00A0	0	0A0	0	1	32	0:32
00A1	0	0A1	0	1	64	0:64
00A2	0	0A2	0	1	6	0:6
00A3	0	0A3	0	1	6	0:6
00A4	0	0A4	0	1	14	0:14
00A5	0	0A5	0	1	221	0:221
00A7	0	0A7	0	1	62	0:62
00A8	0	0A8	0	1	4	0:4
00A9	0	0A9	0	1	6	0:6
00AA	0	0AA	0	1	5	0:5
00AB	0	0AB	0	1	11	0:11
00AC	0	0AC	0	1	54	0:54
00AD	0	0AD	0	1	6	0:6
00AE	0	0AE	0	1	11	0:11
00AF	0	0AF	0	1	14	0:14
00B0	0	0B0	0	1	42	0:42
00B1	0	0B1	0	1	6	0:6
00B2	0	0B2	0	1	6	0:6
00B3	0	0B3	0	1	6	0:6
00B4	0	0B4	0	1	6	0:6
00B5	0	0B5	0	1	18	0:18
00B6	0	0B6	0	1	36	0:36
00B7	0	0B7	0	1	4	0:4
00B8	0	0B8	0	1	32	0:32
00B9	0	0B9	0	1	102	0:102
00BA	0	0BA	-1237	1	12	-1237:12
00BB	0	0BB	-2761	1	12	-2761:12
00BC	0	0BC	-1275	1	12	-1275:12
00BD	0	0BD	-2819	1	12	-2819:12
00BE	0	0BE	-1285	1	12	-1285:12
00BF	0	0BF	0	1	125	0:125
00C0	0	0C0	-163	1	52	-163:52
00C1	0	0C1	-2060	1	4	-2060:4
00C2	0	0C2	-2782	1	4	-2782:4
00C3	0	0C3	-1251	1	4	-1251:4
00C4	0	0C4	-2030	1	4	-2030:4
00C5	0	0C5	-2803	1	4	-2803:4
00C6	0	0C6	0	1	25	0:25
00C7	0	0C7	0	1	110	0:110
00C8	0	0C8	-783	1	12	-783:12
00C9	0	0C9	-2304	1	12	-2304:12
00CA	0	0CA	-787	1	12	-787:12
00CB	0	0CB	-1201	1	110	-1201:110
00CC	0	0CC	0	1	63	0:63
00CD	0	0CD	0	1	6	0:6
00CE	0	0CE	0	1	59	0:59
00CF	0	0CF	-1114	1	58	-1114:58
00D0	0	0D0	-3755	1	5	-3755:5
00D1	0	0D1	-2389	1	7	-2389:7
00D2	0	0D2	-708	1	4	-708:4
00D3	0	0D3	0	1	54	0:54
00D4	0	0D4	0	2	256	0:128;1536:128
00D5	0	0D5	0	1	85	0:85
1000	1	000	-215	1	50	-215:50
1001	1	001	-1450	1	5	-1450:5
1002	1	002	-2830	1	5	-2830:5
1003	1	003	-989	1	5	-989:5
1004	1	004	-2315	1	5	-2315:5
1005	1	005	-1520	1	21	-1520:21
1006	1	006	-2776	1	48	-2776:48
1007	1	007	-1513	1	6	-1513:6
1008	1	008	-2512	1	6	-2512:6
1009	1	009	-1012	1	6	-1012:6
100A	1	00A	-2799	1	6	-2799:6
100B	1	00B	-1012	1	6	-1012:6
100C	1	00C	0	1	130	0:130
100D	1	00D	-932	1	49	-932:49
100E	1	00E	0	1	5	0:5
100F	1	00F	0	1	19	0:19
1010	1	010	-2877	1	12	-2877:12
1011	1	011	0	1	60	0:60
1012	1	012	0	1	4	0:4
1013	1	013	0	1	6	0:6
1014	1	014	0	1	9	0:9
1015	1	015	0	1	39	0:39
1016	1	016	0	1	742	0:742
1017	1	017	0	1	63	0:63
1018	1	018	0	1	6	0:6
1019	1	019	0	1	6	0:6
101A	1	01A	0	1	12	0:12
101B	1	01B	0	1	62	0:62
101C	1	01C	0	1	5	0:5
101D	1	01D	0	1	5	0:5
101E	1	01E	0	1	6	0:6
101F	1	01F	0	1	19	0:19
1020	1	020	0	1	67	0:67
1021	1	021	0	1	6	0:6
1022	1	022	0	1	4	0:4
1023	1	023	0	1	8	0:8
1024	1	024	0	1	66	0:66
1025	1	025	0	1	9	0:9
1026	1	026	0	1	25	0:25
1027	1	027	0	1	60	0:60
1028	1	028	0	1	6	0:6
1029	1	029	0	1	6	0:6
102A	1	02A	0	1	6	0:6
102B	1	02B	0	1	24	0:24
102C	1	02C	0	1	47	0:47
102D	1	02D	0	1	4	0:4
102E	1	02E	0	1	6	0:6
102F	1	02F	0	1	6	0:6
1030	1	030	0	1	6	0:6
1031	1	031	0	1	3	0:3
1032	1	032	0	1	12	0:12
1033	1	033	0	1	1	0:1
1034	1	034	0	1	48	0:48
1035	1	035	0	1	6	0:6
1036	1	036	0	1	6	0:6
1037	1	037	0	1	6	0:6
1038	1	038	0	1	6	0:6
1039	1	039	0	1	125	0:125
103A	1	03A	0	1	48	0:48
103B	1	03B	-1275	1	3	-1275:3
103C	1	03C	-1797	1	6	-1797:6
103D	1	03D	-592	1	5	-592:5
103E	1	03E	-1275	1	5	-1275:5
103F	1	03F	0	1	21	0:21
1040	1	040	0	1	53	0:53
1041	1	041	0	1	4	0:4
1042	1	042	0	1	3	0:3
1043	1	043	0	1	6	0:6
1044	1	044	0	1	62	0:62
1045	1	045	0	1	54	0:54
1046	1	046	0	1	6	0:6
1047	1	047	0	1	6	0:6
1048	1	048	0	1	6	0:6
1049	1	049	0	1	20	0:20
104A	1	04A	0	1	36	0:36
104B	1	04B	0	1	5	0:5
104C	1	04C	0	1	4	0:4
104D	1	04D	0	1	4	0:4
104E	1	04E	0	1	24	0:24
104F	1	04F	0	1	54	0:54
1050	1	050	0	1	12	0:12
1051	1	051	0	1	14	0:14
1052	1	052	0	1	45	0:45
1053	1	053	0	1	9	0:9
1054	1	054	0	1	9	0:9
1055	1	055	0	1	6	0:6
1056	1	056	0	1	15	0:15
1057	1	057	0	1	6	0:6
1058	1	058	0	1	54	0:54
1059	1	059	0	1	12	0:12
105A	1	05A	0	1	12	0:12
105B	1	05B	0	1	7	0:7
105C	1	05C	0	1	12	0:12
105D	1	05D	4804	1	63	4804:63
105E	1	05E	3012	1	6	3012:6
105F	1	05F	1696	1	59	1696:59
1060	1	060	0	1	10	0:10
1061	1	061	0	1	36	0:36
1062	1	062	0	1	4	0:4
1063	1	063	0	1	2	0:2
1064	1	064	0	1	8	0:8
1065	1	065	0	1	6	0:6
1066	1	066	0	1	5	0:5
1067	1	067	0	1	5	0:5
1068	1	068	0	1	1	0:1
1069	1	069	0	1	7	0:7
106A	1	06A	0	2	28	0:26;16639:2
106D	1	06D	0	3	29	0:18;12543:5;16639:6
106F	1	06F	0	3	106	0:78;12543:10;16639:18
1070	1	070	0	3	360	0:260;12543:40;16639:60
1071	1	071	0	1	10	0:10
1072	1	072	0	1	36	0:36
1073	1	073	0	1	4	0:4
1074	1	074	0	1	2	0:2
1075	1	075	0	1	8	0:8
1076	1	076	0	1	6	0:6
1077	1	077	0	1	5	0:5
1078	1	078	0	1	5	0:5
1079	1	079	0	1	1	0:1
107A	1	07A	0	1	7	0:7
107B	1	07B	0	1	10	0:10
107C	1	07C	0	1	48	0:48
107D	1	07D	0	1	12	0:12
107E	1	07E	0	1	12	0:12
107F	1	07F	0	1	12	0:12
1080	1	080	0	1	15	0:15
1081	1	081	0	1	20	0:20
1082	1	082	0	1	60	0:60
1083	1	083	0	1	4	0:4
1084	1	084	0	1	4	0:4
1085	1	085	0	1	4	0:4
1086	1	086	0	1	12	0:12
1087	1	087	0	1	12	0:12
1088	1	088	0	1	32	0:32
1089	1	089	0	1	64	0:64
108B	1	08B	0	1	6	0:6
108C	1	08C	0	1	5	0:5
108D	1	08D	0	1	2	0:2
108E	1	08E	0	1	7	0:7
108F	1	08F	0	1	1	0:1
1090	1	090	0	1	7	0:7
1091	1	091	0	1	4	0:4
1092	1	092	0	1	3	0:3
1093	1	093	0	1	22	0:22
1094	1	094	0	1	178	0:178
1095	1	095	0	1	84	0:84
1096	1	096	0	1	12	0:12
1097	1	097	0	1	8	0:8
1098	1	098	0	1	24	0:24
1099	1	099	0	1	36	0:36
109A	1	09A	0	1	3	0:3
109B	1	09B	0	1	9	0:9
109C	1	09C	0	1	12	0:12
109D	1	09D	0	1	12	0:12
109E	1	09E	0	1	12	0:12
109F	1	09F	0	1	12	0:12
10A0	1	0A0	0	1	32	0:32
10A1	1	0A1	0	1	36	0:36
10A2	1	0A2	0	1	1	0:1
10A3	1	0A3	0	1	6	0:6
10A4	1	0A4	0	1	85	0:85
10AA	1	0AA	0	1	36	0:36
10AB	1	0AB	0	1	2	0:2
10AC	1	0AC	0	1	10	0:10
10AD	1	0AD	0	1	154	0:154
10AE	1	0AE	0	1	92	0:92
10AF	1	0AF	0	1	85	0:85
10B0	1	0B0	3072	2	256	3072:128;3132:128
2001	2	001	-790	1	40	-790:40
2002	2	002	-1761	1	5	-1761:5
2003	2	003	-472	1	7	-472:7
2004	2	004	-2277	1	6	-2277:6
2005	2	005	-498	1	6	-498:6
2006	2	006	-2031	1	6	-2031:6
2007	2	007	-486	1	5	-486:5
2008	2	008	-1786	1	5	-1786:5
2009	2	009	-3312	1	7	-3312:7
200A	2	00A	-1771	1	6	-1771:6
200B	2	00B	-3302	1	35	-3302:35
200C	2	00C	-407	1	46	-407:46
200D	2	00D	-362	1	5	-362:5
200E	2	00E	-1570	1	6	-1570:6
200F	2	00F	-186	1	7	-186:7
2010	2	010	-1929	1	6	-1929:6
2011	2	011	-487	1	7	-487:7
2012	2	012	-2806	1	8	-2806:8
2013	2	013	72	1	43	72:43
2014	2	014	0	1	12	0:12
2015	2	015	0	1	36	0:36
2016	2	016	0	1	12	0:12
2017	2	017	0	1	12	0:12
2018	2	018	0	1	12	0:12
2019	2	019	0	1	12	0:12
201A	2	01A	0	1	12	0:12
201B	2	01B	0	1	77	0:77
201C	2	01C	0	1	12	0:12
201D	2	01D	0	1	36	0:36
201E	2	01E	0	1	12	0:12
201F	2	01F	0	1	12	0:12
2020	2	020	0	1	12	0:12
2021	2	021	0	1	12	0:12
2022	2	022	0	1	12	0:12
2023	2	023	0	1	1	0:1
2024	2	024	0	1	12	0:12
2025	2	025	0	1	36	0:36
2026	2	026	0	1	12	0:12
2027	2	027	0	1	12	0:12
2028	2	028	0	1	12	0:12
2029	2	029	0	1	12	0:12
202A	2	02A	0	1	12	0:12
202B	2	02B	0	1	1	0:1
202C	2	02C	0	1	12	0:12
202D	2	02D	0	1	36	0:36
202E	2	02E	0	1	12	0:12
202F	2	02F	0	1	12	0:12
2030	2	030	0	1	12	0:12
2031	2	031	0	1	12	0:12
2032	2	032	0	1	12	0:12
2033	2	033	0	1	1	0:1
2034	2	034	0	1	5	0:5
2035	2	035	0	1	36	0:36
2036	2	036	0	1	6	0:6
2037	2	037	0	1	5	0:5
2038	2	038	0	1	1	0:1
2039	2	039	0	1	5	0:5
203A	2	03A	0	1	2	0:2
203B	2	03B	0	1	4	0:4
203C	2	03C	0	1	7	0:7
203D	2	03D	0	1	5	0:5
203E	2	03E	0	1	1	0:1
203F	2	03F	0	1	6	0:6
2040	2	040	0	1	12	0:12
2041	2	041	0	1	1	0:1
2042	2	042	0	1	32	0:32
2043	2	043	0	1	5	0:5
2044	2	044	0	1	36	0:36
2045	2	045	0	1	6	0:6
2046	2	046	0	1	5	0:5
2047	2	047	0	1	1	0:1
2048	2	048	0	1	5	0:5
2049	2	049	0	1	4	0:4
204A	2	04A	0	1	2	0:2
204B	2	04B	0	1	7	0:7
204C	2	04C	0	1	5	0:5
204D	2	04D	0	1	1	0:1
204E	2	04E	0	1	6	0:6
204F	2	04F	0	1	12	0:12
2050	2	050	0	1	1	0:1
2051	2	051	0	1	32	0:32
2052	2	052	0	1	8	0:8
2053	2	053	0	1	36	0:36
2054	2	054	0	1	3	0:3
2055	2	055	0	1	4	0:4
2056	2	056	0	1	7	0:7
2057	2	057	0	1	6	0:6
2058	2	058	0	1	2	0:2
2059	2	059	0	1	6	0:6
205A	2	05A	0	1	3	0:3
205B	2	05B	0	1	6	0:6
205C	2	05C	0	1	3	0:3
205D	2	05D	0	1	12	0:12
205E	2	05E	0	1	32	0:32
205F	2	05F	0	1	8	0:8
2060	2	060	0	1	36	0:36
2061	2	061	0	1	3	0:3
2062	2	062	0	1	4	0:4
2063	2	063	0	1	7	0:7
2064	2	064	0	1	6	0:6
2065	2	065	0	1	2	0:2
2066	2	066	0	1	6	0:6
2067	2	067	0	1	3	0:3
2068	2	068	0	1	6	0:6
2069	2	069	0	1	3	0:3
206A	2	06A	0	1	12	0:12
206B	2	06B	0	1	32	0:32
206C	2	06C	0	1	60	0:60
206D	2	06D	0	1	12	0:12
206E	2	06E	0	1	12	0:12
206F	2	06F	0	1	4	0:4
2070	2	070	0	1	16	0:16
2071	2	071	0	1	24	0:24
2072	2	072	0	1	100	0:100
2073	2	073	0	1	60	0:60
2074	2	074	0	1	12	0:12
2075	2	075	0	1	12	0:12
2076	2	076	0	1	4	0:4
2077	2	077	0	1	60	0:60
2078	2	078	0	1	12	0:12
2079	2	079	0	1	12	0:12
207A	2	07A	0	1	4	0:4
207B	2	07B	0	1	21	0:21
207C	2	07C	0	1	36	0:36
207D	2	07D	0	1	60	0:60
207E	2	07E	0	1	12	0:12
207F	2	07F	0	1	12	0:12
2080	2	080	0	1	4	0:4
2081	2	081	0	1	60	0:60
2082	2	082	0	1	18	0:18
2083	2	083	0	1	13	0:13
2084	2	084	-186	1	64	-186:64
2085	2	085	-186	1	64	-186:64
2086	2	086	-841	1	12	-841:12
2087	2	087	-841	1	12	-841:12
2088	2	088	-1577	1	12	-1577:12
2089	2	089	-1577	1	12	-1577:12
208A	2	08A	0	1	40	0:40
208B	2	08B	0	1	40	0:40
208C	2	08C	0	1	12	0:12
208D	2	08D	0	1	36	0:36
208E	2	08E	0	1	6	0:6
208F	2	08F	0	1	5	0:5
2090	2	090	0	1	6	0:6
2091	2	091	0	1	1	0:1
2092	2	092	0	1	6	0:6
2093	2	093	0	1	6	0:6
2094	2	094	0	1	6	0:6
2095	2	095	0	2	38	0:30;16639:8
2096	2	096	0	1	12	0:12
2097	2	097	0	1	72	0:72
2098	2	098	0	1	6	0:6
2099	2	099	0	1	6	0:6
209A	2	09A	0	1	4	0:4
209B	2	09B	0	1	11	0:11
209C	2	09C	0	1	22	0:22
209D	2	09D	0	1	60	0:60
209E	2	09E	0	1	6	0:6
209F	2	09F	0	1	6	0:6
20A0	2	0A0	0	1	12	0:12
20A1	2	0A1	0	1	12	0:12
20A2	2	0A2	0	1	32	0:32
20A3	2	0A3	0	1	6	0:6
20A4	2	0A4	0	1	72	0:72
20A5	2	0A5	0	1	6	0:6
20A6	2	0A6	0	1	6	0:6
20A7	2	0A7	0	1	6	0:6
20A8	2	0A8	0	1	12	0:12
20A9	2	0A9	0	1	20	0:20
20AA	2	0AA	0	1	66	0:66
20AB	2	0AB	0	1	6	0:6
20AC	2	0AC	0	1	24	0:24
20AD	2	0AD	0	1	32	0:32
20AE	2	0AE	-4096	2	208	-4096:128;0:80
20AF	2	0AF	0	1	48	0:48
20B0	2	0B0	0	1	101	0:101
20B1	2	0B1	0	1	20	0:20
20B2	2	0B2	0	1	12	0:12
20B3	2	0B3	0	1	60	0:60
20B4	2	0B4	0	1	12	0:12
20B5	2	0B5	0	1	12	0:12
20B6	2	0B6	0	1	12	0:12
20B7	2	0B7	0	1	20	0:20
20B8	2	0B8	-3499	2	225	-5035:97;-3499:128
3000	3	000	14591	1	48	14591:48
3001	3	001	14591	1	12	14591:12
3002	3	002	14591	1	12	14591:12
3003	3	003	14591	1	20	14591:20
3005	3	005	14591	1	12	14591:12
3006	3	006	14591	1	36	14591:36
3007	3	007	14591	1	6	14591:6
3008	3	008	14591	1	6	14591:6
3009	3	009	14591	1	7	14591:7
300A	3	00A	14591	1	5	14591:5
300B	3	00B	14591	1	2	14591:2
300C	3	00C	14591	1	10	14591:10
300D	3	00D	14591	1	12	14591:12
300E	3	00E	14591	1	32	14591:32
300F	3	00F	14591	1	4	14591:4
3010	3	010	14591	1	48	14591:48
3011	3	011	14591	1	6	14591:6
3012	3	012	14591	1	4	14591:4
3013	3	013	14591	1	2	14591:2
3014	3	014	14591	1	6	14591:6
3015	3	015	14591	1	12	14591:12
3016	3	016	14591	1	2	14591:2
3017	3	017	14591	1	8	14591:8
3018	3	018	0	1	48	0:48
3019	3	019	0	1	7	0:7
301A	3	01A	0	1	5	0:5
301B	3	01B	0	1	1	0:1
301C	3	01C	0	1	6	0:6
301D	3	01D	0	1	5	0:5
301E	3	01E	0	1	12	0:12
301F	3	01F	0	1	12	0:12
3020	3	020	0	1	32	0:32
3021	3	021	0	1	60	0:60
3022	3	022	0	1	5	0:5
3023	3	023	0	1	5	0:5
3024	3	024	0	1	2	0:2
3025	3	025	0	1	2	0:2
3026	3	026	0	1	10	0:10
3027	3	027	0	1	12	0:12
3028	3	028	0	1	12	0:12
3029	3	029	0	1	20	0:20
302A	3	02A	0	1	128	0:128
302B	3	02B	0	1	128	0:128
302E	3	02E	0	1	43	0:43
302F	3	02F	0	1	5	0:5
3030	3	030	0	1	5	0:5
3031	3	031	0	1	5	0:5
3032	3	032	0	1	2	0:2
3033	3	033	0	1	2	0:2
3034	3	034	0	1	5	0:5
3035	3	035	0	1	5	0:5
3036	3	036	0	1	12	0:12
3037	3	037	0	1	6	0:6
3038	3	038	12543	1	48	12543:48
3039	3	039	12543	1	6	12543:6
303A	3	03A	12543	1	6	12543:6
303B	3	03B	12543	1	1	12543:1
303C	3	03C	12543	1	8	12543:8
303D	3	03D	12543	1	3	12543:3
303E	3	03E	12543	1	3	12543:3
303F	3	03F	12543	1	9	12543:9
3040	3	040	12543	2	20	12543:12;14591:8
3041	3	041	14591	2	21	12543:7;14591:14
3042	3	042	12543	1	42	12543:42
3043	3	043	12543	1	6	12543:6
3044	3	044	12543	1	6	12543:6
3045	3	045	12543	1	6	12543:6
3046	3	046	12543	1	12	12543:12
3047	3	047	12543	1	6	12543:6
3048	3	048	12543	3	151	12543:75;14591:50;16639:26
3049	3	049	12543	1	48	12543:48
304A	3	04A	12543	1	2	12543:2
304B	3	04B	12543	1	5	12543:5
304C	3	04C	12543	1	5	12543:5
304D	3	04D	12543	1	2	12543:2
304E	3	04E	12543	1	6	12543:6
304F	3	04F	12543	1	4	12543:4
3050	3	050	12543	1	1	12543:1
3051	3	051	12543	1	11	12543:11
3052	3	052	12543	1	12	12543:12
3053	3	053	12543	1	32	12543:32
3054	3	054	16639	1	48	16639:48
3055	3	055	16639	1	2	16639:2
3056	3	056	16639	1	6	16639:6
3057	3	057	16639	1	4	16639:4
3058	3	058	16639	1	2	16639:2
3059	3	059	16639	1	6	16639:6
305A	3	05A	16639	1	4	16639:4
305B	3	05B	16639	1	2	16639:2
305C	3	05C	16639	1	10	16639:10
305D	3	05D	16639	1	10	16639:10
305F	3	05F	3072	2	256	3072:128;3815:128
3060	3	060	3072	2	256	3072:128;3132:128
3061	3	061	3072	2	256	3072:128;3132:128
3062	3	062	16639	1	48	16639:48
3063	3	063	16639	1	6	16639:6
3064	3	064	16639	1	6	16639:6
3065	3	065	16639	1	6	16639:6
3066	3	066	16639	1	6	16639:6
3067	3	067	16639	1	12	16639:12
3068	3	068	16639	1	12	16639:12
3069	3	069	16639	1	6	16639:6
306A	3	06A	16639	1	48	16639:48
306B	3	06B	16639	1	5	16639:5
306C	3	06C	16639	1	5	16639:5
306D	3	06D	16639	1	5	16639:5
306F	3	06F	16639	1	9	16639:9
3070	3	070	16639	1	12	16639:12
3071	3	071	16639	1	10	16639:10
3072	3	072	16639	1	48	16639:48
3073	3	073	16639	1	2	16639:2
3074	3	074	16639	1	5	16639:5
3075	3	075	16639	1	5	16639:5
3076	3	076	16639	1	2	16639:2
3077	3	077	16639	1	7	16639:7
3078	3	078	16639	1	3	16639:3
3079	3	079	16639	1	2	16639:2
307A	3	07A	16639	1	10	16639:10
307B	3	07B	16639	1	12	16639:12
307C	3	07C	16639	1	6	16639:6
307D	3	07D	12543	1	48	12543:48
307E	3	07E	12543	1	6	12543:6
307F	3	07F	12543	1	6	12543:6
3080	3	080	12543	1	6	12543:6
3081	3	081	12543	1	6	12543:6
3082	3	082	12543	1	6	12543:6
3083	3	083	12543	1	6	12543:6
3084	3	084	12543	1	12	12543:12
3085	3	085	12543	1	1	12543:1
3086	3	086	0	2	256	0:128;2756:128
3087	3	087	12543	1	48	12543:48
3088	3	088	12543	1	1	12543:1
3089	3	089	12543	1	4	12543:4
308A	3	08A	12543	1	4	12543:4
308B	3	08B	12543	1	3	12543:3
308C	3	08C	12543	1	4	12543:4
308D	3	08D	12543	1	5	12543:5
308E	3	08E	12543	1	3	12543:3
308F	3	08F	12543	1	12	12543:12
3090	3	090	12543	1	12	12543:12
3091	3	091	12543	1	8	12543:8
3092	3	092	0	1	48	0:48
3096	3	096	0	1	6	0:6
3099	3	099	0	1	6	0:6
309C	3	09C	0	1	6	0:6
309E	3	09E	0	1	6	0:6
30A1	3	0A1	0	1	6	0:6
30A3	3	0A3	0	1	6	0:6
30A4	3	0A4	0	1	12	0:12
30A5	3	0A5	0	1	2	0:2
30A9	3	0A9	0	1	46	0:46
30AA	3	0AA	0	1	3	0:3
30AB	3	0AB	0	1	2	0:2
30AC	3	0AC	0	1	6	0:6
30AD	3	0AD	0	1	3	0:3
30AE	3	0AE	0	1	3	0:3
30AF	3	0AF	0	1	6	0:6
30B0	3	0B0	0	1	12	0:12
30B1	3	0B1	0	1	3	0:3
30B2	3	0B2	0	1	1	0:1
30B3	3	0B3	0	1	72	0:72
30B4	3	0B4	0	1	7	0:7
30B5	3	0B5	0	1	13	0:13
30B6	3	0B6	0	1	36	0:36
30B7	3	0B7	16639	1	60	16639:60
30B8	3	0B8	16639	1	6	16639:6
30B9	3	0B9	16639	1	6	16639:6
30BA	3	0BA	16639	1	12	16639:12
30BB	3	0BB	16639	1	18	16639:18
30BC	3	0BC	0	1	48	0:48
30BD	3	0BD	0	1	3	0:3
30BE	3	0BE	0	1	6	0:6
30BF	3	0BF	0	1	3	0:3
30C0	3	0C0	0	1	3	0:3
30C1	3	0C1	0	1	6	0:6
30C2	3	0C2	0	1	3	0:3
30C3	3	0C3	0	1	3	0:3
30C4	3	0C4	0	1	9	0:9
30C5	3	0C5	0	2	126	0:100;16639:26
30C6	3	0C6	0	1	60	0:60
30C7	3	0C7	0	1	42	0:42
30C8	3	0C8	0	1	48	0:48
30C9	3	0C9	0	1	1	0:1
30CA	3	0CA	0	1	6	0:6
30CB	3	0CB	0	1	5	0:5
30CC	3	0CC	0	1	1	0:1
30CD	3	0CD	0	1	6	0:6
30CE	3	0CE	0	1	5	0:5
30CF	3	0CF	0	1	1	0:1
30D0	3	0D0	0	1	11	0:11
30D1	3	0D1	0	1	12	0:12
30D2	3	0D2	0	1	32	0:32
30D3	3	0D3	0	1	58	0:58
30D4	3	0D4	0	1	6	0:6
30D5	3	0D5	0	1	2	0:2
30D6	3	0D6	0	1	6	0:6
30D7	3	0D7	0	1	12	0:12
30D8	3	0D8	0	1	8	0:8
30DA	3	0DA	0	1	12	0:12
30DB	3	0DB	0	1	48	0:48
30DC	3	0DC	0	1	9	0:9
30DD	3	0DD	0	1	6	0:6
30DE	3	0DE	0	1	3	0:3
30DF	3	0DF	0	1	6	0:6
30E0	3	0E0	0	1	9	0:9
30E1	3	0E1	0	1	12	0:12
30E2	3	0E2	0	1	36	0:36
30E3	3	0E3	0	1	2	0:2
30E4	3	0E4	0	1	5	0:5
30E5	3	0E5	0	1	5	0:5
30E6	3	0E6	0	1	6	0:6
30E7	3	0E7	0	1	6	0:6
30E8	3	0E8	0	1	6	0:6
30E9	3	0E9	0	1	6	0:6
30EA	3	0EA	0	1	12	0:12
30EB	3	0EB	0	1	32	0:32
30EC	3	0EC	0	2	256	-256:128;0:128
30ED	3	0ED	-444	2	256	-8892:128;-444:128
30EE	3	0EE	0	1	84	0:84
30EF	3	0EF	0	1	12	0:12
30F0	3	0F0	0	1	9	0:9
30F1	3	0F1	0	1	6	0:6
30F2	3	0F2	0	1	48	0:48
30F3	3	0F3	0	1	6	0:6
30F4	3	0F4	0	1	6	0:6
30F5	3	0F5	0	1	6	0:6
30F6	3	0F6	0	1	5	0:5
30F7	3	0F7	0	1	7	0:7
30F8	3	0F8	0	1	12	0:12
30F9	3	0F9	0	1	16	0:16
30FA	3	0FA	0	1	57	0:57
30FB	3	0FB	0	1	3	0:3
30FC	3	0FC	0	1	1	0:1
30FD	3	0FD	0	1	6	0:6
30FE	3	0FE	0	1	5	0:5
30FF	3	0FF	0	1	12	0:12
3100	3	100	0	1	18	0:18
3101	3	101	0	1	84	0:84
3102	3	102	0	1	12	0:12
3103	3	103	0	1	32	0:32
3104	3	104	0	1	54	0:54
3105	3	105	0	1	6	0:6
3106	3	106	0	1	12	0:12
3108	3	108	0	1	12	0:12
3109	3	109	0	1	5	0:5
310A	3	10A	0	1	60	0:60
310B	3	10B	0	1	4	0:4
310C	3	10C	0	1	3	0:3
310D	3	10D	0	1	1	0:1
310E	3	10E	0	1	5	0:5
310F	3	10F	0	1	6	0:6
3110	3	110	0	1	15	0:15
3111	3	111	0	1	12	0:12
3112	3	112	3072	2	140	0:12;3072:128
3113	3	113	0	1	12	0:12
3114	3	114	0	1	60	0:60
3115	3	115	0	1	16	0:16
3116	3	116	0	1	20	0:20
3117	3	117	0	1	70	0:70
3118	3	118	0	1	4	0:4
3119	3	119	0	1	2	0:2
311A	3	11A	0	1	7	0:7
311B	3	11B	0	1	12	0:12
311C	3	11C	0	1	1	0:1
311D	3	11D	0	1	18	0:18
311E	3	11E	0	1	12	0:12
311F	3	11F	0	1	3	0:3
3120	3	120	0	1	48	0:48
3121	3	121	0	1	12	0:12
3122	3	122	0	1	9	0:9
3123	3	123	0	1	2	0:2
3124	3	124	0	1	8	0:8
3125	3	125	0	1	12	0:12
3126	3	126	0	1	2	0:2
3127	3	127	0	1	6	0:6
3128	3	128	0	1	12	0:12
3129	3	129	0	1	72	0:72
312A	3	12A	0	1	12	0:12
312B	3	12B	0	1	18	0:18
312C	3	12C	0	1	12	0:12
312D	3	12D	0	1	48	0:48
312E	3	12E	0	1	12	0:12
312F	3	12F	0	1	12	0:12
3130	3	130	0	1	12	0:12
3131	3	131	0	1	3	0:3
3132	3	132	0	1	7	0:7
3133	3	133	0	1	48	0:48
3134	3	134	0	1	5	0:5
3135	3	135	0	1	5	0:5
3136	3	136	0	1	6	0:6
3137	3	137	0	1	5	0:5
3138	3	138	0	1	1	0:1
3139	3	139	0	1	7	0:7
313A	3	13A	0	1	12	0:12
313B	3	13B	0	1	6	0:6
313C	3	13C	1476	1	128	1476:128
313D	3	13D	2244	1	128	2244:128
313E	3	13E	0	1	4	0:4
313F	3	13F	0	1	96	0:96
3140	3	140	0	1	24	0:24
3141	3	141	0	1	10	0:10
3142	3	142	0	1	8	0:8
3143	3	143	0	1	10	0:10
3144	3	144	0	1	43	0:43
3145	3	145	0	1	35	0:35
3146	3	146	-2083	1	61	-2083:61
3147	3	147	0	1	5	0:5
3148	3	148	-1275	1	4	-1275:4
3149	3	149	-1275	1	3	-1275:3
314A	3	14A	-592	1	23	-592:23
314B	3	14B	0	1	52	0:52
314C	3	14C	0	1	5	0:5
314D	3	14D	0	1	4	0:4
314E	3	14E	0	1	5	0:5
314F	3	14F	0	1	26	0:26
3150	3	150	0	1	52	0:52
3151	3	151	0	1	4	0:4
3152	3	152	0	1	3	0:3
3153	3	153	0	1	4	0:4
3154	3	154	0	1	3	0:3
3155	3	155	0	1	4	0:4
3156	3	156	0	1	10	0:10
3157	3	157	0	1	51	0:51
3158	3	158	-2058	1	6	-2058:6
3159	3	159	0	1	3	0:3
315A	3	15A	-1520	1	6	-1520:6
315B	3	15B	-1384	1	62	-1384:62
315C	3	15C	0	1	48	0:48
315D	3	15D	0	1	6	0:6
315E	3	15E	0	1	6	0:6
315F	3	15F	0	1	6	0:6
3160	3	160	0	1	6	0:6
3161	3	161	0	1	13	0:13
3162	3	162	0	1	42	0:42
3163	3	163	0	1	6	0:6
3164	3	164	0	1	6	0:6
3165	3	165	0	1	6	0:6
3166	3	166	0	1	18	0:18
3167	3	167	0	1	111	0:111
3168	3	168	0	1	7	0:7
3169	3	169	0	1	9	0:9
316A	3	16A	0	1	10	0:10
316B	3	16B	0	1	31	0:31
316C	3	16C	0	1	58	0:58
316D	3	16D	0	1	6	0:6
316E	3	16E	0	1	6	0:6
316F	3	16F	0	1	5	0:5
3170	3	170	0	1	13	0:13
3171	3	171	0	1	56	0:56
3172	3	172	0	1	4	0:4
3173	3	173	0	1	4	0:4
3174	3	174	0	1	6	0:6
3175	3	175	0	1	8	0:8
3176	3	176	0	1	8	0:8
3177	3	177	0	1	8	0:8
3178	3	178	0	1	44	0:44
3179	3	179	0	1	49	0:49
317A	3	17A	0	1	5	0:5
317B	3	17B	0	1	5	0:5
317C	3	17C	0	1	4	0:4
317D	3	17D	0	1	3	0:3
317E	3	17E	0	1	66	0:66
317F	3	17F	0	1	3	0:3
3180	3	180	0	1	3	0:3
3181	3	181	0	1	6	0:6
3182	3	182	0	1	12	0:12
3183	3	183	0	1	60	0:60
3184	3	184	0	1	6	0:6
3185	3	185	0	1	6	0:6
3186	3	186	0	1	26	0:26
3187	3	187	0	1	42	0:42
3188	3	188	0	1	6	0:6
3189	3	189	0	1	6	0:6
318A	3	18A	0	1	6	0:6
318B	3	18B	0	1	6	0:6
318C	3	18C	0	1	12	0:12
318D	3	18D	0	1	70	0:70
318E	3	18E	0	1	8	0:8
318F	3	18F	0	1	10	0:10
3190	3	190	0	1	9	0:9
3191	3	191	0	1	80	0:80
3192	3	192	0	1	8	0:8
3193	3	193	0	1	4	0:4
3194	3	194	0	1	247	0:247
3195	3	195	0	1	72	0:72
3196	3	196	0	1	6	0:6
3197	3	197	0	1	14	0:14
3198	3	198	0	1	36	0:36
3199	3	199	0	1	4	0:4
319A	3	19A	0	1	8	0:8
319B	3	19B	0	1	12	0:12
319C	3	19C	0	1	12	0:12
319D	3	19D	0	1	12	0:12
319E	3	19E	0	1	13	0:13
319F	3	19F	0	1	6	0:6
31A0	3	1A0	0	1	36	0:36
31A1	3	1A1	0	1	6	0:6
31A2	3	1A2	0	1	12	0:12
31A3	3	1A3	0	1	12	0:12
31A4	3	1A4	0	1	12	0:12
31A5	3	1A5	0	1	1	0:1
31A6	3	1A6	0	1	18	0:18
31A7	3	1A7	0	1	72	0:72
31A8	3	1A8	0	1	12	0:12
31A9	3	1A9	0	1	12	0:12
31AA	3	1AA	0	1	12	0:12
31AB	3	1AB	0	1	10	0:10
31AC	3	1AC	0	1	24	0:24
31AD	3	1AD	0	1	54	0:54
31AE	3	1AE	0	1	24	0:24
31AF	3	1AF	0	1	24	0:24
31B0	3	1B0	0	1	2	0:2
31B1	3	1B1	0	1	371	0:371
31B2	3	1B2	0	1	100	0:100
31B3	3	1B3	0	1	85	0:85
4001	4	001	0	1	60	0:60
4002	4	002	0	1	8	0:8
4003	4	003	0	1	36	0:36
4004	4	004	0	1	48	0:48
4005	4	005	0	1	6	0:6
4006	4	006	0	1	6	0:6
4007	4	007	0	1	6	0:6
4008	4	008	0	1	6	0:6
4009	4	009	0	1	6	0:6
400A	4	00A	0	1	26	0:26
400B	4	00B	0	1	48	0:48
400C	4	00C	0	1	6	0:6
400D	4	00D	0	1	6	0:6
400E	4	00E	0	1	6	0:6
400F	4	00F	0	1	6	0:6
4010	4	010	0	1	40	0:40
4011	4	011	0	1	72	0:72
4012	4	012	0	1	12	0:12
4013	4	013	0	1	44	0:44
4014	4	014	0	1	48	0:48
4015	4	015	0	1	6	0:6
4016	4	016	0	1	6	0:6
4017	4	017	0	1	6	0:6
4018	4	018	0	1	6	0:6
4019	4	019	0	1	6	0:6
401A	4	01A	0	1	50	0:50
401B	4	01B	0	1	48	0:48
401C	4	01C	0	1	6	0:6
401D	4	01D	0	1	6	0:6
401E	4	01E	0	1	6	0:6
401F	4	01F	0	1	6	0:6
4020	4	020	0	1	6	0:6
4021	4	021	0	1	50	0:50
4022	4	022	-1690	1	48	-1690:48
4023	4	023	-792	1	6	-792:6
4024	4	024	-2047	1	6	-2047:6
4025	4	025	-1008	1	6	-1008:6
4026	4	026	-2541	1	6	-2541:6
4027	4	027	0	1	56	0:56
4028	4	028	-3072	1	48	-3072:48
4029	4	029	-4347	1	6	-4347:6
402A	4	02A	-3072	1	6	-3072:6
402B	4	02B	-3072	1	6	-3072:6
402C	4	02C	-3072	1	6	-3072:6
402D	4	02D	-3072	1	6	-3072:6
402E	4	02E	-3072	1	50	-3072:50
402F	4	02F	-3072	1	48	-3072:48
4030	4	030	-4347	1	6	-4347:6
4031	4	031	-3072	1	6	-3072:6
4032	4	032	-3072	1	6	-3072:6
4033	4	033	-3072	1	6	-3072:6
4034	4	034	-3072	1	6	-3072:6
4035	4	035	-3072	1	50	-3072:50
4036	4	036	0	1	60	0:60
4037	4	037	0	1	8	0:8
4038	4	038	0	1	17	0:17
4039	4	039	0	1	56	0:56
403A	4	03A	0	1	4	0:4
403B	4	03B	0	1	4	0:4
403C	4	03C	0	1	6	0:6
403D	4	03D	0	1	8	0:8
403E	4	03E	0	1	35	0:35
403F	4	03F	0	1	18	0:18
4040	4	040	-1456	1	56	-1456:56
4041	4	041	-3133	1	4	-3133:4
4042	4	042	-1330	1	6	-1330:6
4043	4	043	-3387	1	6	-3387:6
4044	4	044	-1581	1	6	-1581:6
4045	4	045	0	1	90	0:90
4046	4	046	-2003	1	58	-2003:58
4047	4	047	-216	1	6	-216:6
4048	4	048	-1738	1	5	-1738:5
4049	4	049	-202	1	8	-202:8
404A	4	04A	0	1	11	0:11
404B	4	04B	0	1	40	0:40
404C	4	04C	0	1	5	0:5
404D	4	04D	0	1	21	0:21
404E	4	04E	0	1	47	0:47
404F	4	04F	0	1	2	0:2
4050	4	050	0	1	2	0:2
4051	4	051	0	1	3	0:3
4052	4	052	0	1	4	0:4
4053	4	053	0	1	3	0:3
4054	4	054	0	1	4	0:4
4055	4	055	0	1	3	0:3
4056	4	056	0	1	2	0:2
4057	4	057	0	1	3	0:3
4058	4	058	0	1	56	0:56
4059	4	059	0	1	3	0:3
405A	4	05A	0	1	4	0:4
405B	4	05B	0	1	3	0:3
405C	4	05C	0	1	2	0:2
405D	4	05D	0	1	2	0:2
405E	4	05E	0	1	3	0:3
405F	4	05F	0	1	8	0:8
4060	4	060	0	1	20	0:20
4061	4	061	0	1	70	0:70
4062	4	062	0	1	3	0:3
4063	4	063	0	1	6	0:6
4064	4	064	0	1	5	0:5
4065	4	065	0	1	3	0:3
4066	4	066	0	1	93	0:93
4067	4	067	0	1	312	0:312
4068	4	068	0	1	46	0:46
4069	4	069	0	1	2	0:2
406A	4	06A	0	1	5	0:5
406B	4	06B	0	1	5	0:5
406C	4	06C	0	1	2	0:2
406D	4	06D	0	1	5	0:5
406E	4	06E	0	1	5	0:5
406F	4	06F	0	1	3	0:3
4070	4	070	0	1	17	0:17
4071	4	071	0	1	59	0:59
4072	4	072	0	1	4	0:4
4073	4	073	0	1	3	0:3
4074	4	074	0	1	4	0:4
4075	4	075	0	1	2	0:2
4076	4	076	0	1	4	0:4
4077	4	077	0	1	4	0:4
4078	4	078	0	1	10	0:10
4079	4	079	0	1	132	0:132
407A	4	07A	0	1	12	0:12
407B	4	07B	0	1	16	0:16
407C	4	07C	0	1	4	0:4
407D	4	07D	0	1	5	0:5
407E	4	07E	0	1	3	0:3
407F	4	07F	0	1	2	0:2
4080	4	080	0	1	4	0:4
4081	4	081	0	1	6	0:6
4082	4	082	0	1	8	0:8
4083	4	083	0	1	10	0:10
4084	4	084	0	1	8	0:8
4085	4	085	0	1	4	0:4
4086	4	086	0	1	3	0:3
4087	4	087	0	1	2	0:2
4088	4	088	0	1	5	0:5
4089	4	089	0	1	8	0:8
408A	4	08A	0	1	5	0:5
408B	4	08B	0	1	4	0:4
408C	4	08C	0	1	4	0:4
408D	4	08D	0	1	3	0:3
408E	4	08E	0	1	4	0:4
408F	4	08F	0	1	72	0:72
4090	4	090	0	1	56	0:56
4091	4	091	0	1	5	0:5
4092	4	092	0	1	4	0:4
4093	4	093	0	1	3	0:3
4094	4	094	0	1	4	0:4
4095	4	095	0	1	3	0:3
4096	4	096	0	1	3	0:3
4097	4	097	0	1	6	0:6
4099	4	099	541	1	128	541:128
409A	4	09A	737	2	512	-5091:128;737:384
409B	4	09B	0	2	256	-5120:128;0:128
409C	4	09C	0	1	128	0:128
409D	4	09D	0	2	256	0:128;679:128
409E	4	09E	0	1	128	0:128
40A0	4	0A0	0	2	256	0:128;2756:128
40A1	4	0A1	2756	2	384	-96:128;2756:256
40A2	4	0A2	-96	2	256	-96:128;2756:128
40A3	4	0A3	0	1	128	0:128
40A4	4	0A4	0	1	128	0:128
40A5	4	0A5	0	2	256	0:128;5632:128
40A6	4	0A6	2756	1	256	2756:256
40A7	4	0A7	2756	1	256	2756:256
40A8	4	0A8	2756	1	256	2756:256
40A9	4	0A9	2756	1	256	2756:256
40AA	4	0AA	2756	1	256	2756:256
40AB	4	0AB	2756	1	256	2756:256
40AC	4	0AC	2756	1	256	2756:256
40AD	4	0AD	2756	1	256	2756:256
40AE	4	0AE	2756	1	256	2756:256
40AF	4	0AF	2756	1	256	2756:256
40B0	4	0B0	2756	1	256	2756:256
40B1	4	0B1	2756	1	256	2756:256
40B2	4	0B2	2756	1	256	2756:256
40B3	4	0B3	2756	1	256	2756:256
40B4	4	0B4	2756	1	256	2756:256
40B5	4	0B5	2756	1	256	2756:256
40B6	4	0B6	0	1	36	0:36
40B7	4	0B7	0	1	1	0:1
40B8	4	0B8	0	1	7	0:7
40B9	4	0B9	0	1	4	0:4
40BA	4	0BA	0	1	12	0:12
40BB	4	0BB	0	1	12	0:12
40BC	4	0BC	0	1	12	0:12
40BD	4	0BD	0	1	12	0:12
40BE	4	0BE	0	1	32	0:32
40BF	4	0BF	0	1	36	0:36
40C0	4	0C0	0	1	12	0:12
40C1	4	0C1	0	1	12	0:12
40C2	4	0C2	0	1	12	0:12
40C3	4	0C3	0	1	12	0:12
40C4	4	0C4	0	1	12	0:12
40C5	4	0C5	0	1	32	0:32
5000	5	000	-2264	1	89	-2264:89
5001	5	001	-2264	1	6	-2264:6
5002	5	002	-1587	1	33	-1587:33
5003	5	003	-2027	1	73	-2027:73
5004	5	004	-1881	1	6	-1881:6
5005	5	005	0	1	6	0:6
5006	5	006	-1669	1	145	-1669:145
5007	5	007	-2223	1	73	-2223:73
5008	5	008	-1978	1	3	-1978:3
5009	5	009	0	1	4	0:4
500A	5	00A	-343	1	4	-343:4
500B	5	00B	0	1	44	0:44
500C	5	00C	-448	1	63	-448:63
500D	5	00D	-2058	1	3	-2058:3
500E	5	00E	0	1	6	0:6
500F	5	00F	-1069	1	5	-1069:5
5010	5	010	-2026	1	10	-2026:10
5011	5	011	0	1	97	0:97
5012	5	012	0	1	76	0:76
5013	5	013	0	1	6	0:6
5014	5	014	0	1	18	0:18
5015	5	015	35	1	182	35:182
5016	5	016	0	1	128	0:128
5017	5	017	-1008	1	65	-1008:65
5018	5	018	-2594	1	5	-2594:5
5019	5	019	-833	1	7	-833:7
501A	5	01A	0	1	8	0:8
501B	5	01B	0	1	13	0:13
501C	5	01C	0	1	77	0:77
501D	5	01D	0	1	51	0:51
501E	5	01E	0	1	78	0:78
501F	5	01F	-1999	1	3	-1999:3
5020	5	020	-216	1	9	-216:9
5021	5	021	-2585	1	12	-2585:12
5022	5	022	2756	1	256	2756:256
5023	5	023	2756	1	128	2756:128
5024	5	024	2756	1	128	2756:128
5025	5	025	2756	1	128	2756:128
5026	5	026	2756	1	128	2756:128
5027	5	027	2756	1	128	2756:128
5028	5	028	2756	1	256	2756:256
5029	5	029	2756	1	256	2756:256
502A	5	02A	2756	1	256	2756:256
502B	5	02B	2756	1	256	2756:256
502C	5	02C	2756	1	128	2756:128
502D	5	02D	2756	1	128	2756:128
502E	5	02E	2756	1	128	2756:128
502F	5	02F	1211	2	256	1211:128;2756:128
5030	5	030	1211	2	256	1211:128;2756:128
5031	5	031	2756	1	128	2756:128
5032	5	032	2756	1	128	2756:128
5033	5	033	2756	1	128	2756:128
5034	5	034	2756	1	128	2756:128
5035	5	035	2756	1	128	2756:128
5036	5	036	1211	2	256	1211:128;2756:128
5037	5	037	1211	2	256	1211:128;2756:128
5038	5	038	2756	1	128	2756:128
5039	5	039	2756	1	128	2756:128
503A	5	03A	2756	1	128	2756:128
503B	5	03B	1211	2	256	1211:128;2756:128
503C	5	03C	5632	2	256	4301:128;5632:128
503D	5	03D	4301	1	128	4301:128
503E	5	03E	3072	2	256	3072:128;4301:128
503F	5	03F	2816	2	256	2756:128;2816:128
5040	5	040	2756	1	128	2756:128
5041	5	041	5456	2	256	3486:128;5456:128
5042	5	042	3815	1	128	3815:128
5043	5	043	3815	1	128	3815:128
5044	5	044	3815	1	128	3815:128
5045	5	045	4036	2	256	2756:128;4036:128
5046	5	046	3072	2	256	3072:128;4301:128
5047	5	047	2756	1	256	2756:256
5048	5	048	2756	1	256	2756:256
5049	5	049	3072	2	256	2756:128;3072:128
504A	5	04A	2756	1	128	2756:128
504B	5	04B	3072	2	256	2756:128;3072:128
504C	5	04C	2756	1	128	2756:128
504E	5	04E	0	2	256	0:128;1857:128
504F	5	04F	0	1	128	0:128
5051	5	051	0	2	256	0:128;2756:128
5052	5	052	0	2	256	0:128;2756:128
5054	5	054	0	2	256	0:128;2756:128
5056	5	056	0	2	256	0:128;4301:128
5057	5	057	0	2	256	0:128;4301:128
5058	5	058	0	2	256	0:128;4301:128
5059	5	059	0	2	256	0:128;4301:128
505A	5	05A	2756	1	256	2756:256
505B	5	05B	2756	1	256	2756:256
505C	5	05C	0	2	256	-8953:128;0:128
505D	5	05D	2756	1	256	2756:256
505E	5	05E	2756	1	128	2756:128
505F	5	05F	2756	1	256	2756:256
5060	5	060	2756	1	128	2756:128
5061	5	061	2756	1	256	2756:256
5062	5	062	2756	2	220	-576:92;2756:128
5063	5	063	2756	1	256	2756:256
5064	5	064	1744	2	256	1744:128;2756:128
5065	5	065	-316	2	256	-316:128;2756:128
5066	5	066	0	2	256	0:128;2756:128
5067	5	067	3132	1	128	3132:128
5068	5	068	3132	1	128	3132:128
5069	5	069	256	2	256	256:128;3132:128
506A	5	06A	3132	1	128	3132:128
506B	5	06B	2756	1	128	2756:128
506C	5	06C	2756	1	128	2756:128
506D	5	06D	2756	1	128	2756:128
506E	5	06E	1800	3	384	1800:128;2756:128;3268:128
506F	5	06F	264	2	256	264:128;2756:128
5070	5	070	2756	1	128	2756:128
5071	5	071	2756	1	128	2756:128
5072	5	072	2056	2	256	2056:128;2756:128
5073	5	073	-992	2	256	-992:128;3132:128
5074	5	074	4096	2	256	3132:128;4096:128
5075	5	075	3132	1	256	3132:256
5076	5	076	3132	1	256	3132:256
5077	5	077	2756	1	256	2756:256
5078	5	078	3132	1	256	3132:256
5079	5	079	3132	1	256	3132:256
507A	5	07A	2756	1	256	2756:256
507B	5	07B	2756	1	256	2756:256
507C	5	07C	2756	1	256	2756:256
507D	5	07D	2756	1	256	2756:256
507E	5	07E	2756	1	256	2756:256
507F	5	07F	2756	1	256	2756:256
5080	5	080	-1536	2	256	-1536:128;3132:128
5081	5	081	2756	1	256	2756:256
5082	5	082	4896	2	256	3132:128;4896:128
5083	5	083	4516	2	256	3132:128;4516:128
5084	5	084	2048	2	256	2048:128;3132:128
5085	5	085	1792	2	256	1792:128;3132:128
5086	5	086	0	2	256	0:128;2756:128
5087	5	087	0	2	256	0:128;2756:128
5088	5	088	-6144	2	256	-6144:128;2756:128
5089	5	089	0	2	256	0:128;2756:128
508A	5	08A	0	2	256	0:128;3132:128
508B	5	08B	1084	2	256	1084:128;3132:128
508C	5	08C	-352	2	256	-352:128;3132:128
508D	5	08D	-1408	2	256	-1408:128;3132:128
508E	5	08E	-3712	1	128	-3712:128
508F	5	08F	1857	1	256	1857:256
5090	5	090	0	2	256	0:128;2756:128
5091	5	091	0	2	256	0:128;2756:128
5092	5	092	0	1	12	0:12
5093	5	093	0	1	36	0:36
5094	5	094	0	1	12	0:12
5095	5	095	0	1	12	0:12
5096	5	096	0	1	12	0:12
5097	5	097	0	1	42	0:42
5098	5	098	0	1	191	0:191
5099	5	099	0	1	12	0:12
509A	5	09A	0	1	36	0:36
509B	5	09B	0	1	12	0:12
509C	5	09C	0	1	12	0:12
509D	5	09D	0	1	12	0:12
509E	5	09E	0	1	12	0:12
509F	5	09F	0	1	32	0:32
50A0	5	0A0	0	1	39	0:39
50A1	5	0A1	0	1	39	0:39
50A2	5	0A2	0	1	12	0:12
50A3	5	0A3	0	1	36	0:36
50A4	5	0A4	0	1	12	0:12
50A5	5	0A5	0	1	12	0:12
50A6	5	0A6	0	1	12	0:12
50A7	5	0A7	0	1	1	0:1
6001	6	001	-1525	1	67	-1525:67
6002	6	002	-1242	1	14	-1242:14
6003	6	003	-3029	1	14	-3029:14
6004	6	004	-1725	1	15	-1725:15
6005	6	005	-3015	1	15	-3015:15
6006	6	006	-2153	1	45	-2153:45
6007	6	007	-697	1	54	-697:54
6008	6	008	-2537	1	7	-2537:7
6009	6	009	-1215	1	7	-1215:7
600A	6	00A	-3001	1	6	-3001:6
600B	6	00B	-1075	1	10	-1075:10
600C	6	00C	-2505	1	98	-2505:98
600D	6	00D	-2244	1	92	-2244:92
600E	6	00E	-989	1	17	-989:17
600F	6	00F	-2797	1	13	-2797:13
6010	6	010	-1495	1	14	-1495:14
6011	6	011	-3573	1	16	-3573:16
6012	6	012	-3378	1	74	-3378:74
6013	6	013	-1797	1	12	-1797:12
6014	6	014	-3385	1	12	-3385:12
6015	6	015	-1797	1	85	-1797:85
6016	6	016	0	1	36	0:36
6017	6	017	0	1	5	0:5
6019	6	019	0	1	7	0:7
601A	6	01A	0	1	12	0:12
601B	6	01B	0	1	12	0:12
601C	6	01C	0	1	12	0:12
601D	6	01D	0	1	6	0:6
601E	6	01E	0	1	12	0:12
601F	6	01F	0	1	36	0:36
6020	6	020	0	1	49	0:49
6021	6	021	0	1	36	0:36
6022	6	022	0	1	12	0:12
6023	6	023	0	1	12	0:12
6024	6	024	0	1	12	0:12
6025	6	025	0	1	12	0:12
6026	6	026	0	1	12	0:12
6027	6	027	0	1	1	0:1
6028	6	028	10496	2	42	7424:6;10496:36
6030	6	030	5120	1	6	5120:6
6038	6	038	4352	1	9	4352:9
6040	6	040	1792	1	3	1792:3
6048	6	048	0	1	6	0:6
6050	6	050	-2048	1	12	-2048:12
6058	6	058	-3072	1	6	-3072:6
6060	6	060	-5632	1	12	-5632:12
6068	6	068	-8448	1	32	-8448:32
6070	6	070	0	1	96	0:96
6096	6	096	0	1	96	0:96
7000	7	000	-3378	1	112	-3378:112
7001	7	001	-1714	1	12	-1714:12
7002	7	002	-2883	1	12	-2883:12
7003	7	003	-3984	1	12	-3984:12
7004	7	004	-1944	1	12	-1944:12
7005	7	005	-2723	1	12	-2723:12
7006	7	006	-3804	1	12	-3804:12
7007	7	007	-1983	1	12	-1983:12
7008	7	008	-2708	1	8	-2708:8
7009	7	009	-3932	1	8	-3932:8
700A	7	00A	-1747	1	8	-1747:8
700B	7	00B	-2522	1	8	-2522:8
700C	7	00C	-3533	1	8	-3533:8
700D	7	00D	-1996	1	8	-1996:8
700E	7	00E	-3006	1	8	-3006:8
700F	7	00F	-3513	1	68	-3513:68
7010	7	010	-3378	1	76	-3378:76
7011	7	011	-1714	1	8	-1714:8
7012	7	012	-2883	1	8	-2883:8
7013	7	013	-3984	1	8	-3984:8
7014	7	014	-1944	1	8	-1944:8
7015	7	015	-2723	1	8	-2723:8
7016	7	016	-3804	1	8	-3804:8
7017	7	017	-1983	1	12	-1983:12
7018	7	018	-2708	1	12	-2708:12
7019	7	019	-3932	1	12	-3932:12
701A	7	01A	-1747	1	12	-1747:12
701B	7	01B	-2522	1	12	-2522:12
701C	7	01C	-3533	1	12	-3533:12
701D	7	01D	-1996	1	12	-1996:12
701E	7	01E	-3006	1	12	-3006:12
701F	7	01F	-3513	1	100	-3513:100
7020	7	020	0	1	70	0:70
7021	7	021	0	1	18	0:18
7022	7	022	0	1	2	0:2
7023	7	023	0	1	12	0:12
7024	7	024	0	1	12	0:12
7025	7	025	0	1	24	0:24
7026	7	026	0	1	36	0:36
7027	7	027	0	1	96	0:96
7028	7	028	0	1	24	0:24
7029	7	029	0	1	54	0:54
702A	7	02A	0	1	24	0:24
702B	7	02B	0	1	12	0:12
702C	7	02C	0	1	40	0:40
702D	7	02D	0	1	38	0:38
702E	7	02E	0	1	6	0:6
702F	7	02F	0	1	11	0:11
7030	7	030	0	1	107	0:107
7031	7	031	0	1	36	0:36
7032	7	032	0	1	1	0:1
7033	7	033	0	1	11	0:11
7034	7	034	0	1	12	0:12
7035	7	035	0	1	12	0:12
7036	7	036	0	1	12	0:12
7037	7	037	0	1	12	0:12
7038	7	038	0	1	32	0:32
