rec	name	partial_mask	partial	fine	set	set_idx	set_addr	(class:entry) used
0	Silent       	01	0	00	40	341	078D0F	0:002
0	Silent       	01	1	00	40	341	078D0F	0:002
1	Square Click 	01	0	00	41	342	078D1E	0:01D
1	Square Click 	01	1	00	41	342	078D1E	0:01D
2	FluteKeyClick	01	0	78	40	486	07958E	4:0A0
2	FluteKeyClick	01	1	78	40	486	07958E	4:0A0
3	Rock Bass Drm	01	0	01	40	343	078D2D	5:022
3	Rock Bass Drm	01	1	01	40	343	078D2D	5:022
4	Room BassDrm1	01	0	02	40	344	078D3C	5:023
4	Room BassDrm1	01	1	02	40	344	078D3C	5:023
5	Room BassDrm2	01	0	02	40	344	078D3C	5:023
5	Room BassDrm2	01	1	02	40	344	078D3C	5:023
6	Jazz BassDrm1	01	0	03	40	345	078D4B	5:024
6	Jazz BassDrm1	01	1	03	40	345	078D4B	5:024
7	Jazz BassDrm2	01	0	03	40	345	078D4B	5:024
7	Jazz BassDrm2	01	1	03	40	345	078D4B	5:024
8	Trad BassDrm1	01	0	04	40	346	078D5A	5:025
8	Trad BassDrm1	01	1	04	40	346	078D5A	5:025
9	Trad BassDrm2	01	0	04	40	346	078D5A	5:025
9	Trad BassDrm2	01	1	04	40	346	078D5A	5:025
10	LtRockBassDrm	01	0	05	40	347	078D69	5:026
10	LtRockBassDrm	01	1	05	40	347	078D69	5:026
11	PowerBassDrm1	01	0	06	40	348	078D78	5:027
11	PowerBassDrm1	01	1	06	40	348	078D78	5:027
12	PowerBassDrm2	01	0	06	40	348	078D78	5:027
12	PowerBassDrm2	01	1	06	40	348	078D78	5:027
13	House BassDrm	01	0	07	40	349	078D87	5:028
13	House BassDrm	01	1	07	40	349	078D87	5:028
14	Soul BassDrm1	01	0	08	40	350	078D96	5:029
14	Soul BassDrm1	01	1	08	40	350	078D96	5:029
15	Dance BassDrm	01	0	09	40	351	078DA5	5:02A
15	Dance BassDrm	01	1	09	40	351	078DA5	5:02A
16	ElectBassDrm1	01	0	0A	40	352	078DB4	5:02B
16	ElectBassDrm1	01	1	0A	40	352	078DB4	5:02B
17	ElectBassDrm2	01	0	0A	40	352	078DB4	5:02B
17	ElectBassDrm2	01	1	0A	40	352	078DB4	5:02B
18	Funk Bass Drm	01	0	0B	40	353	078DC3	5:02C
18	Funk Bass Drm	01	1	0B	40	353	078DC3	5:02C
19	Orch.BassDrm1	01	0	0C	40	354	078DD2	5:078
19	Orch.BassDrm1	01	1	0C	40	354	078DD2	5:078
20	Orch.BassDrm2	01	0	0C	40	354	078DD2	5:078
20	Orch.BassDrm2	01	1	0C	40	354	078DD2	5:078
21	Orch.BassDrm3	01	0	0C	40	354	078DD2	5:078
21	Orch.BassDrm3	01	1	0C	40	354	078DD2	5:078
22	Rock Snare 1 	01	0	0D	40	355	078DE1	5:02D
22	Rock Snare 1 	01	1	0D	40	355	078DE1	5:02D
23	Rock Snare 2 	01	0	0D	40	355	078DE1	5:02D
23	Rock Snare 2 	01	1	0D	40	355	078DE1	5:02D
24	Room Snare 1 	01	0	0E	40	356	078DF0	5:02E
24	Room Snare 1 	01	1	0E	40	356	078DF0	5:02E
25	Room Snare 2 	01	0	0E	40	356	078DF0	5:02E
25	Room Snare 2 	01	1	0E	40	356	078DF0	5:02E
26	Jazz Snare   	01	0	0F	40	358	078E0E	5:031
26	Jazz Snare   	01	1	0F	40	358	078E0E	5:031
27	Trad Snare   	01	0	10	40	360	078E2C	5:033
27	Trad Snare   	01	1	10	40	360	078E2C	5:033
28	LtRockSnare 1	01	0	11	40	361	078E3B	5:034
28	LtRockSnare 1	01	1	11	40	361	078E3B	5:034
29	LtRockSnare 2	01	0	11	40	361	078E3B	5:034
29	LtRockSnare 2	01	1	11	40	361	078E3B	5:034
30	Power Snare 1	01	0	12	40	362	078E4A	5:035
30	Power Snare 1	01	1	12	40	362	078E4A	5:035
31	Power Snare 2	01	0	12	40	362	078E4A	5:035
31	Power Snare 2	01	1	12	40	362	078E4A	5:035
32	House Snare 1	01	0	13	40	363	078E59	5:036
32	House Snare 1	01	1	13	40	363	078E59	5:036
33	House Snare 2	01	0	13	40	363	078E59	5:036
33	House Snare 2	01	1	13	40	363	078E59	5:036
34	Soul Snare 1 	01	0	14	40	364	078E68	5:037
34	Soul Snare 1 	01	1	14	40	364	078E68	5:037
35	Soul Snare 2 	01	0	14	40	364	078E68	5:037
35	Soul Snare 2 	01	1	14	40	364	078E68	5:037
36	Dance Snare 1	01	0	15	40	365	078E77	5:038
36	Dance Snare 1	01	1	15	40	365	078E77	5:038
37	Dance Snare 2	01	0	15	40	365	078E77	5:038
37	Dance Snare 2	01	1	15	40	365	078E77	5:038
38	Elect.Snare 1	01	0	16	40	366	078E86	5:039
38	Elect.Snare 1	01	1	16	40	366	078E86	5:039
39	Elect.Snare 2	01	0	16	40	366	078E86	5:039
39	Elect.Snare 2	01	1	16	40	366	078E86	5:039
40	Funk Snare 1 	01	0	17	40	367	078E95	5:03A
40	Funk Snare 1 	01	1	17	40	367	078E95	5:03A
41	Funk Snare 2 	01	0	17	40	367	078E95	5:03A
41	Funk Snare 2 	01	1	17	40	367	078E95	5:03A
42	Synth Rim    	01	0	17	40	367	078E95	5:03A
42	Synth Rim    	01	1	17	40	367	078E95	5:03A
43	Analog Snare 	01	0	18	40	368	078EA4	5:05D
43	Analog Snare 	01	1	18	40	368	078EA4	5:05D
44	DummySound   	01	0	18	41	369	078EB3	5:05E
44	DummySound   	01	1	18	41	369	078EB3	5:05E
45	Piccolo Snare	01	0	19	40	370	078EC2	5:03B
45	Piccolo Snare	01	1	19	40	370	078EC2	5:03B
46	Orch.Snare 1 	01	0	1A	40	371	078ED1	5:079
46	Orch.Snare 1 	01	1	1A	40	371	078ED1	5:079
47	Orch.Snare 2 	01	0	1A	40	371	078ED1	5:079
47	Orch.Snare 2 	01	1	1A	40	371	078ED1	5:079
48	Orch.Snare 3 	01	0	1A	40	371	078ED1	5:079
48	Orch.Snare 3 	01	1	1A	40	371	078ED1	5:079
49	ReverseSnare1	01	0	1B	40	372	078EE0	5:030
49	ReverseSnare1	01	1	1B	40	372	078EE0	5:030
50	ReverseSnare2	01	0	1B	40	372	078EE0	5:030
50	ReverseSnare2	01	1	1B	40	372	078EE0	5:030
51	ReverseSnare3	01	0	1B	40	372	078EE0	5:030
51	ReverseSnare3	01	1	1B	40	372	078EE0	5:030
52	Syn.Rev.Snare	01	0	1C	40	373	078EEF	4:09A
52	Syn.Rev.Snare	01	1	1C	40	373	078EEF	4:09A
53	Synth Snare 3	01	0	1C	40	373	078EEF	4:09A
53	Synth Snare 3	01	1	1C	40	373	078EEF	4:09A
54	Brush Swirl  	01	0	1D	40	374	078EFE	5:05A
54	Brush Swirl  	01	1	1D	40	374	078EFE	5:05A
55	Brush Tap    	01	0	1D	40	374	078EFE	5:05A
55	Brush Tap    	01	1	1D	40	374	078EFE	5:05A
56	Brush Slap   	01	0	1E	40	375	078F0D	5:05B
56	Brush Slap   	01	1	1E	40	375	078F0D	5:05B
57	Rock Rim     	01	0	1F	40	376	078F1C	5:046
57	Rock Rim     	01	1	1F	40	376	078F1C	5:046
58	MetronomeClik	01	0	6F	41	483	079561	5:091
58	MetronomeClik	01	1	6F	41	483	079561	5:091
59	MetronomeBell	01	0	6F	40	482	079552	5:090
59	MetronomeBell	01	1	6F	40	482	079552	5:090
60	Soul Rim     	01	0	20	40	377	078F2B	5:047
60	Soul Rim     	01	1	20	40	377	078F2B	5:047
61	Dance Rim    	01	0	21	40	378	078F3A	5:048
61	Dance Rim    	01	1	21	40	378	078F3A	5:048
62	Rock Tom 1   	01	0	22	40	379	078F49	5:03C
62	Rock Tom 1   	01	1	22	40	379	078F49	5:03C
63	Rock Tom 2   	01	0	22	40	379	078F49	5:03C
63	Rock Tom 2   	01	1	22	40	379	078F49	5:03C
64	Rock Tom 3   	01	0	22	40	379	078F49	5:03C
64	Rock Tom 3   	01	1	22	40	379	078F49	5:03C
65	Rock Tom High	01	0	22	40	379	078F49	5:03C
65	Rock Tom High	01	1	22	40	379	078F49	5:03C
66	Jazz Tom 1   	01	0	22	44	380	078F58	5:041
66	Jazz Tom 1   	01	1	22	44	380	078F58	5:041
67	Jazz Tom 2   	01	0	22	44	380	078F58	5:041
67	Jazz Tom 2   	01	1	22	44	380	078F58	5:041
68	Jazz Tom 3   	01	0	22	44	380	078F58	5:041
68	Jazz Tom 3   	01	1	22	44	380	078F58	5:041
69	Jazz Tom 4   	01	0	22	44	380	078F58	5:041
69	Jazz Tom 4   	01	1	22	44	380	078F58	5:041
70	Jazz Tom 5   	01	0	22	44	380	078F58	5:041
70	Jazz Tom 5   	01	1	22	44	380	078F58	5:041
71	Jazz Tom 6   	01	0	22	44	380	078F58	5:041
71	Jazz Tom 6   	01	1	22	44	380	078F58	5:041
72	Jazz Tom High	01	0	22	44	380	078F58	5:041
72	Jazz Tom High	01	1	22	44	380	078F58	5:041
73	Brush Tom 1  	01	0	22	44	380	078F58	5:041
73	Brush Tom 1  	01	1	22	44	380	078F58	5:041
74	Brush Tom 2  	01	0	22	44	380	078F58	5:041
74	Brush Tom 2  	01	1	22	44	380	078F58	5:041
75	Brush Tom 3  	01	0	22	44	380	078F58	5:041
75	Brush Tom 3  	01	1	22	44	380	078F58	5:041
76	Brush Tom 4  	01	0	22	44	380	078F58	5:041
76	Brush Tom 4  	01	1	22	44	380	078F58	5:041
77	Brush Tom 5  	01	0	22	44	380	078F58	5:041
77	Brush Tom 5  	01	1	22	44	380	078F58	5:041
78	Brush Tom 6  	01	0	22	44	380	078F58	5:041
78	Brush Tom 6  	01	1	22	44	380	078F58	5:041
79	BrushTom High	01	0	22	44	380	078F58	5:041
79	BrushTom High	01	1	22	44	380	078F58	5:041
80	RockBassTomHi	01	0	23	40	381	078F67	5:042
80	RockBassTomHi	01	1	23	40	381	078F67	5:042
81	RockBassTomLo	01	0	23	40	381	078F67	5:042
81	RockBassTomLo	01	1	23	40	381	078F67	5:042
82	JazzBassTomHi	01	0	23	44	382	078F76	5:043
82	JazzBassTomHi	01	1	23	44	382	078F76	5:043
83	JazzBassTomLo	01	0	23	44	382	078F76	5:043
83	JazzBassTomLo	01	1	23	44	382	078F76	5:043
84	BrushBassTomH	01	0	23	44	382	078F76	5:043
84	BrushBassTomH	01	1	23	44	382	078F76	5:043
85	BrushBassTomL	01	0	23	44	382	078F76	5:043
85	BrushBassTomL	01	1	23	44	382	078F76	5:043
86	Power Tom 1  	01	0	24	40	383	078F85	5:03D
86	Power Tom 1  	01	1	24	40	383	078F85	5:03D
87	Power Tom 2  	01	0	24	40	383	078F85	5:03D
87	Power Tom 2  	01	1	24	40	383	078F85	5:03D
88	Power Tom 3  	01	0	24	40	383	078F85	5:03D
88	Power Tom 3  	01	1	24	40	383	078F85	5:03D
89	Power Tom 4  	01	0	24	40	383	078F85	5:03D
89	Power Tom 4  	01	1	24	40	383	078F85	5:03D
90	Power Tom 5  	01	0	24	40	383	078F85	5:03D
90	Power Tom 5  	01	1	24	40	383	078F85	5:03D
91	Power Tom 6  	01	0	24	40	383	078F85	5:03D
91	Power Tom 6  	01	1	24	40	383	078F85	5:03D
92	PowerTom High	01	0	24	40	383	078F85	5:03D
92	PowerTom High	01	1	24	40	383	078F85	5:03D
93	Room Tom 1   	01	0	24	40	383	078F85	5:03D
93	Room Tom 1   	01	1	24	40	383	078F85	5:03D
94	Room Tom 2   	01	0	24	40	383	078F85	5:03D
94	Room Tom 2   	01	1	24	40	383	078F85	5:03D
95	Room Tom 3   	01	0	24	40	383	078F85	5:03D
95	Room Tom 3   	01	1	24	40	383	078F85	5:03D
96	Room Tom High	01	0	24	40	383	078F85	5:03D
96	Room Tom High	01	1	24	40	383	078F85	5:03D
97	PowerBassTomH	01	0	25	40	384	078F94	5:044
97	PowerBassTomH	01	1	25	40	384	078F94	5:044
98	PowerBassTomL	01	0	25	40	384	078F94	5:044
98	PowerBassTomL	01	1	25	40	384	078F94	5:044
99	RoomBassTomHi	01	0	25	40	384	078F94	5:044
99	RoomBassTomHi	01	1	25	40	384	078F94	5:044
100	RoomBassTomLo	01	0	25	40	384	078F94	5:044
100	RoomBassTomLo	01	1	25	40	384	078F94	5:044
101	ElectricTom 1	01	0	26	40	385	078FA3	5:03E
101	ElectricTom 1	01	1	26	40	385	078FA3	5:03E
102	ElectricTom 2	01	0	26	40	385	078FA3	5:03E
102	ElectricTom 2	01	1	26	40	385	078FA3	5:03E
103	ElectricTom 3	01	0	26	40	385	078FA3	5:03E
103	ElectricTom 3	01	1	26	40	385	078FA3	5:03E
104	ElectricTom 4	01	0	26	40	385	078FA3	5:03E
104	ElectricTom 4	01	1	26	40	385	078FA3	5:03E
105	ElectricTom 5	01	0	26	40	385	078FA3	5:03E
105	ElectricTom 5	01	1	26	40	385	078FA3	5:03E
106	ElectricTom 6	01	0	26	40	385	078FA3	5:03E
106	ElectricTom 6	01	1	26	40	385	078FA3	5:03E
107	ElectTom High	01	0	26	40	385	078FA3	5:03E
107	ElectTom High	01	1	26	40	385	078FA3	5:03E
108	Synth Tom 1  	01	0	26	40	385	078FA3	5:03E
108	Synth Tom 1  	01	1	26	40	385	078FA3	5:03E
109	Synth Tom 2  	01	0	26	40	385	078FA3	5:03E
109	Synth Tom 2  	01	1	26	40	385	078FA3	5:03E
110	Synth Tom 3  	01	0	26	40	385	078FA3	5:03E
110	Synth Tom 3  	01	1	26	40	385	078FA3	5:03E
111	SynthTom High	01	0	26	40	385	078FA3	5:03E
111	SynthTom High	01	1	26	40	385	078FA3	5:03E
112	SynthBassTomH	01	0	26	40	385	078FA3	5:03E
112	SynthBassTomH	01	1	26	40	385	078FA3	5:03E
113	SynthBassTomL	01	0	26	40	385	078FA3	5:03E
113	SynthBassTomL	01	1	26	40	385	078FA3	5:03E
114	ElectBassTomH	01	0	27	40	386	078FB2	5:045
114	ElectBassTomH	01	1	27	40	386	078FB2	5:045
115	ElectBassTomL	01	0	27	40	386	078FB2	5:045
115	ElectBassTomL	01	1	27	40	386	078FB2	5:045
116	SynOrchSnare 	01	0	27	40	386	078FB2	5:045
116	SynOrchSnare 	01	1	27	40	386	078FB2	5:045
117	Soul Tom 1   	01	0	28	40	387	078FC1	5:03F
117	Soul Tom 1   	01	1	28	40	387	078FC1	5:03F
118	Soul Tom 2   	01	0	28	40	387	078FC1	5:03F
118	Soul Tom 2   	01	1	28	40	387	078FC1	5:03F
119	Soul Tom 3   	01	0	28	40	387	078FC1	5:03F
119	Soul Tom 3   	01	1	28	40	387	078FC1	5:03F
120	Soul Tom High	01	0	28	40	387	078FC1	5:03F
120	Soul Tom High	01	1	28	40	387	078FC1	5:03F
121	House Tom 1  	01	0	28	40	387	078FC1	5:03F
121	House Tom 1  	01	1	28	40	387	078FC1	5:03F
122	House Tom 2  	01	0	28	40	387	078FC1	5:03F
122	House Tom 2  	01	1	28	40	387	078FC1	5:03F
123	House Tom 3  	01	0	28	40	387	078FC1	5:03F
123	House Tom 3  	01	1	28	40	387	078FC1	5:03F
124	HouseTom High	01	0	28	40	387	078FC1	5:03F
124	HouseTom High	01	1	28	40	387	078FC1	5:03F
125	SynthConga Lo	01	0	28	40	387	078FC1	5:03F
125	SynthConga Lo	01	1	28	40	387	078FC1	5:03F
126	SynthConga Hi	01	0	28	40	387	078FC1	5:03F
126	SynthConga Hi	01	1	28	40	387	078FC1	5:03F
127	Syn.CongaCrsh	01	0	28	40	387	078FC1	5:03F
127	Syn.CongaCrsh	01	1	28	40	387	078FC1	5:03F
128	SoulBassTom H	01	0	29	40	388	078FD0	5:05C
128	SoulBassTom H	01	1	29	40	388	078FD0	5:05C
129	SoulBassTom L	01	0	29	40	388	078FD0	5:05C
129	SoulBassTom L	01	1	29	40	388	078FD0	5:05C
130	HouseBassTomH	01	0	29	40	388	078FD0	5:05C
130	HouseBassTomH	01	1	29	40	388	078FD0	5:05C
131	HouseBassTomL	01	0	29	40	388	078FD0	5:05C
131	HouseBassTomL	01	1	29	40	388	078FD0	5:05C
132	Soul BassDrm2	01	0	29	40	388	078FD0	5:05C
132	Soul BassDrm2	01	1	29	40	388	078FD0	5:05C
133	SynthBassDrm1	01	0	29	40	388	078FD0	5:05C
133	SynthBassDrm1	01	1	29	40	388	078FD0	5:05C
134	SynthBassDrm2	01	0	29	40	388	078FD0	5:05C
134	SynthBassDrm2	01	1	29	40	388	078FD0	5:05C
135	Dance Tom 1  	01	0	2A	40	389	078FDF	5:040
135	Dance Tom 1  	01	1	2A	40	389	078FDF	5:040
136	Dance Tom 2  	01	0	2A	40	389	078FDF	5:040
136	Dance Tom 2  	01	1	2A	40	389	078FDF	5:040
137	Dance Tom 3  	01	0	2A	40	389	078FDF	5:040
137	Dance Tom 3  	01	1	2A	40	389	078FDF	5:040
138	DanceTom High	01	0	2A	40	389	078FDF	5:040
138	DanceTom High	01	1	2A	40	389	078FDF	5:040
139	DanceBassTomH	01	0	2A	40	389	078FDF	5:040
139	DanceBassTomH	01	1	2A	40	389	078FDF	5:040
140	DanceBassTomL	01	0	2A	40	389	078FDF	5:040
140	DanceBassTomL	01	1	2A	40	389	078FDF	5:040
141	HiHatClosed 1	01	0	2B	40	390	078FEE	5:049
141	HiHatClosed 1	01	1	2B	40	390	078FEE	5:049
142	HiHatClosed 2	01	0	2B	40	390	078FEE	5:049
142	HiHatClosed 2	01	1	2B	40	390	078FEE	5:049
143	HiHatClosed 3	01	0	2B	40	390	078FEE	5:049
143	HiHatClosed 3	01	1	2B	40	390	078FEE	5:049
144	HiHatClosed 4	01	0	2B	40	390	078FEE	5:049
144	HiHatClosed 4	01	1	2B	40	390	078FEE	5:049
145	HiHatClosed 5	01	0	2B	40	390	078FEE	5:049
145	HiHatClosed 5	01	1	2B	40	390	078FEE	5:049
146	HiHatClosed 6	01	0	2B	40	390	078FEE	5:049
146	HiHatClosed 6	01	1	2B	40	390	078FEE	5:049
147	HiHatClosed 7	01	0	2B	40	390	078FEE	5:049
147	HiHatClosed 7	01	1	2B	40	390	078FEE	5:049
148	HiHatClosed 8	01	0	2B	40	390	078FEE	5:049
148	HiHatClosed 8	01	1	2B	40	390	078FEE	5:049
149	HiHatClosed 9	01	0	2B	40	390	078FEE	5:049
149	HiHatClosed 9	01	1	2B	40	390	078FEE	5:049
150	HiHatClosed10	01	0	2B	40	390	078FEE	5:049
150	HiHatClosed10	01	1	2B	40	390	078FEE	5:049
151	HiHatClosed11	01	0	2B	40	390	078FEE	5:049
151	HiHatClosed11	01	1	2B	40	390	078FEE	5:049
152	HiHatClosed12	01	0	2B	40	390	078FEE	5:049
152	HiHatClosed12	01	1	2B	40	390	078FEE	5:049
153	DanceHHClose1	01	0	2C	40	392	07900C	5:05F
153	DanceHHClose1	01	1	2C	40	392	07900C	5:05F
154	DanceHHClose2	01	0	2C	40	392	07900C	5:05F
154	DanceHHClose2	01	1	2C	40	392	07900C	5:05F
155	DanceHHPedal 	01	0	2C	44	393	07901B	5:060
155	DanceHHPedal 	01	1	2C	44	393	07901B	5:060
156	Syn.HH.Close1	01	0	2D	40	394	07902A	4:09A
156	Syn.HH.Close1	01	1	2D	40	394	07902A	4:09A
157	Syn.HH.Close2	01	0	2D	40	394	07902A	4:09A
157	Syn.HH.Close2	01	1	2D	40	394	07902A	4:09A
158	Syn.HH.Accent	01	0	2D	40	394	07902A	4:09A
158	Syn.HH.Accent	01	1	2D	40	394	07902A	4:09A
159	Syn.HH.Pedal 	01	0	2D	40	394	07902A	4:09A
159	Syn.HH.Pedal 	01	1	2D	40	394	07902A	4:09A
160	HiHat Open 1 	01	0	2E	40	395	079039	5:04B
160	HiHat Open 1 	01	1	2E	40	395	079039	5:04B
161	HiHat Open 2 	01	0	2E	40	395	079039	5:04B
161	HiHat Open 2 	01	1	2E	40	395	079039	5:04B
162	HiHat Open 3 	01	0	2E	40	395	079039	5:04B
162	HiHat Open 3 	01	1	2E	40	395	079039	5:04B
163	HiHat Open 4 	01	0	2E	40	395	079039	5:04B
163	HiHat Open 4 	01	1	2E	40	395	079039	5:04B
164	HiHat Open 5 	01	0	2E	40	395	079039	5:04B
164	HiHat Open 5 	01	1	2E	40	395	079039	5:04B
165	HiHat Open 6 	01	0	2E	40	395	079039	5:04B
165	HiHat Open 6 	01	1	2E	40	395	079039	5:04B
166	HiHat HfOpen1	01	0	2B	46	391	078FFD	5:04A
166	HiHat HfOpen1	01	1	2B	46	391	078FFD	5:04A
167	HiHat HfOpen2	01	0	2B	46	391	078FFD	5:04A
167	HiHat HfOpen2	01	1	2B	46	391	078FFD	5:04A
168	HiHat HfOpen3	01	0	2B	46	391	078FFD	5:04A
168	HiHat HfOpen3	01	1	2B	46	391	078FFD	5:04A
169	HiHat HfOpen4	01	0	2B	46	391	078FFD	5:04A
169	HiHat HfOpen4	01	1	2B	46	391	078FFD	5:04A
170	HiHat HfOpen5	01	0	2B	46	391	078FFD	5:04A
170	HiHat HfOpen5	01	1	2B	46	391	078FFD	5:04A
171	HiHat HfOpen6	01	0	2B	46	391	078FFD	5:04A
171	HiHat HfOpen6	01	1	2B	46	391	078FFD	5:04A
172	Dance HH.Open	01	0	2F	40	396	079048	5:061
172	Dance HH.Open	01	1	2F	40	396	079048	5:061
173	Synth HH.Open	01	0	30	40	397	079057	4:09A
173	Synth HH.Open	01	1	30	40	397	079057	4:09A
174	Syn.HH.HfOpen	01	0	30	40	397	079057	4:09A
174	Syn.HH.HfOpen	01	1	30	40	397	079057	4:09A
175	HiHat Pedal 1	01	0	31	40	398	079066	5:04C
175	HiHat Pedal 1	01	1	31	40	398	079066	5:04C
176	HiHat Pedal 2	01	0	31	40	398	079066	5:04C
176	HiHat Pedal 2	01	1	31	40	398	079066	5:04C
177	HiHat Pedal 3	01	0	31	40	398	079066	5:04C
177	HiHat Pedal 3	01	1	31	40	398	079066	5:04C
178	HiHat Pedal 4	01	0	31	40	398	079066	5:04C
178	HiHat Pedal 4	01	1	31	40	398	079066	5:04C
179	HiHatAccent 1	01	0	2B	40	390	078FEE	5:049
179	HiHatAccent 1	01	1	2B	40	390	078FEE	5:049
180	HiHatAccent 2	01	0	2B	40	390	078FEE	5:049
180	HiHatAccent 2	01	1	2B	40	390	078FEE	5:049
181	HiHatAccent 3	01	0	2B	40	390	078FEE	5:049
181	HiHatAccent 3	01	1	2B	40	390	078FEE	5:049
182	HiHatAccent 4	01	0	2B	40	390	078FEE	5:049
182	HiHatAccent 4	01	1	2B	40	390	078FEE	5:049
183	HiHatAccent 5	01	0	2B	40	390	078FEE	5:049
183	HiHatAccent 5	01	1	2B	40	390	078FEE	5:049
184	HiHatAccent 6	01	0	2B	40	390	078FEE	5:049
184	HiHatAccent 6	01	1	2B	40	390	078FEE	5:049
185	CrashCymbal 1	01	0	33	40	399	079075	5:056
185	CrashCymbal 1	01	1	33	40	399	079075	5:056
186	CrashCymbal 2	01	0	33	40	399	079075	5:056
186	CrashCymbal 2	01	1	33	40	399	079075	5:056
187	CrashCymbal 3	01	0	33	40	399	079075	5:056
187	CrashCymbal 3	01	1	33	40	399	079075	5:056
188	CrashCymbal 4	01	0	33	40	399	079075	5:056
188	CrashCymbal 4	01	1	33	40	399	079075	5:056
189	CrashCymbal 5	01	0	33	44	400	079084	5:057
189	CrashCymbal 5	01	1	33	44	400	079084	5:057
190	CrashCymbal 6	01	0	33	44	400	079084	5:057
190	CrashCymbal 6	01	1	33	44	400	079084	5:057
191	CrashCymbal 7	01	0	33	44	400	079084	5:057
191	CrashCymbal 7	01	1	33	44	400	079084	5:057
192	CrashCymbal 8	01	0	33	44	400	079084	5:057
192	CrashCymbal 8	01	1	33	44	400	079084	5:057
193	CrashCymbal 9	01	0	33	44	400	079084	5:057
193	CrashCymbal 9	01	1	33	44	400	079084	5:057
194	CrashCymbal10	01	0	33	44	400	079084	5:057
194	CrashCymbal10	01	1	33	44	400	079084	5:057
195	CrashCymbal11	01	0	33	40	399	079075	5:056
195	CrashCymbal11	01	1	33	40	399	079075	5:056
196	Syn.ChinaCym.	01	0	33	40	399	079075	5:056
196	Syn.ChinaCym.	01	1	33	40	399	079075	5:056
197	CymSoftMallet	01	0	33	40	399	079075	5:056
197	CymSoftMallet	01	1	33	40	399	079075	5:056
198	Tam-Tam      	01	0	71	40	485	07957F	5:07C
198	Tam-Tam      	01	1	71	40	485	07957F	5:07C
199	SplashCymbal1	01	0	34	40	401	079093	5:058
199	SplashCymbal1	01	1	34	40	401	079093	5:058
200	SplashCymbal2	01	0	34	40	401	079093	5:058
200	SplashCymbal2	01	1	34	40	401	079093	5:058
201	SplashCymbal3	01	0	34	40	401	079093	5:058
201	SplashCymbal3	01	1	34	40	401	079093	5:058
202	SplashCymbal4	01	0	34	40	401	079093	5:058
202	SplashCymbal4	01	1	34	40	401	079093	5:058
203	SplashCymbal5	01	0	34	40	401	079093	5:058
203	SplashCymbal5	01	1	34	40	401	079093	5:058
204	ChinaCymbal 1	01	0	35	40	402	0790A2	5:059
204	ChinaCymbal 1	01	1	35	40	402	0790A2	5:059
205	ChinaCymbal 2	01	0	35	40	402	0790A2	5:059
205	ChinaCymbal 2	01	1	35	40	402	0790A2	5:059
206	ChinaCymbal 3	01	0	35	40	402	0790A2	5:059
206	ChinaCymbal 3	01	1	35	40	402	0790A2	5:059
207	ChinaCymbal 4	01	0	35	40	402	0790A2	5:059
207	ChinaCymbal 4	01	1	35	40	402	0790A2	5:059
208	ChinaCymbal 5	01	0	35	40	402	0790A2	5:059
208	ChinaCymbal 5	01	1	35	40	402	0790A2	5:059
209	Orch.Cymbal 1	01	0	36	40	403	0790B1	5:07A
209	Orch.Cymbal 1	01	1	36	40	403	0790B1	5:07A
210	Orch.Cymbal 2	01	0	36	40	403	0790B1	5:07A
210	Orch.Cymbal 2	01	1	36	40	403	0790B1	5:07A
211	SynOrchCymbal	01	0	2F	40	396	079048	5:061
211	SynOrchCymbal	01	1	2F	40	396	079048	5:061
212	Ride Cymbal 1	01	0	37	40	404	0790C0	5:04E
212	Ride Cymbal 1	01	1	37	40	404	0790C0	5:04E
213	Ride Cymbal 2	01	0	37	40	404	0790C0	5:04E
213	Ride Cymbal 2	01	1	37	40	404	0790C0	5:04E
214	Ride Cymbal 3	01	0	37	40	404	0790C0	5:04E
214	Ride Cymbal 3	01	1	37	40	404	0790C0	5:04E
215	Ride Cymbal 4	01	0	37	40	404	0790C0	5:04E
215	Ride Cymbal 4	01	1	37	40	404	0790C0	5:04E
216	Ride Cymbal 5	01	0	37	40	404	0790C0	5:04E
216	Ride Cymbal 5	01	1	37	40	404	0790C0	5:04E
217	Ride Cymbal 6	01	0	37	40	404	0790C0	5:04E
217	Ride Cymbal 6	01	1	37	40	404	0790C0	5:04E
218	Ride Cymbal 7	01	0	37	40	404	0790C0	5:04E
218	Ride Cymbal 7	01	1	37	40	404	0790C0	5:04E
219	Synth Snare 1	01	0	37	40	404	0790C0	5:04E
219	Synth Snare 1	01	1	37	40	404	0790C0	5:04E
220	Synth Snare 2	01	0	37	40	404	0790C0	5:04E
220	Synth Snare 2	01	1	37	40	404	0790C0	5:04E
221	TimbalesPaila	01	0	37	40	404	0790C0	5:04E
221	TimbalesPaila	01	1	37	40	404	0790C0	5:04E
222	Ride Cymbal 8	01	0	38	40	405	0790CF	5:051
222	Ride Cymbal 8	01	1	38	40	405	0790CF	5:051
223	Ride Cymbal 9	01	0	38	40	405	0790CF	5:051
223	Ride Cymbal 9	01	1	38	40	405	0790CF	5:051
224	Ride Cymbal10	01	0	38	40	405	0790CF	5:051
224	Ride Cymbal10	01	1	38	40	405	0790CF	5:051
225	Ride Cymbal11	01	0	38	40	405	0790CF	5:051
225	Ride Cymbal11	01	1	38	40	405	0790CF	5:051
226	Ride Cymbal12	01	0	38	40	405	0790CF	5:051
226	Ride Cymbal12	01	1	38	40	405	0790CF	5:051
227	Ride Cymbal13	01	0	38	40	405	0790CF	5:051
227	Ride Cymbal13	01	1	38	40	405	0790CF	5:051
228	Ride Cymbal14	01	0	38	40	405	0790CF	5:051
228	Ride Cymbal14	01	1	38	40	405	0790CF	5:051
229	Ride Bell 1  	01	0	39	40	406	0790DE	5:054
229	Ride Bell 1  	01	1	39	40	406	0790DE	5:054
230	Ride Bell 2  	01	0	39	40	406	0790DE	5:054
230	Ride Bell 2  	01	1	39	40	406	0790DE	5:054
231	Ride Bell 3  	01	0	39	40	406	0790DE	5:054
231	Ride Bell 3  	01	1	39	40	406	0790DE	5:054
232	Ride Bell 4  	01	0	39	40	406	0790DE	5:054
232	Ride Bell 4  	01	1	39	40	406	0790DE	5:054
233	Ride Bell 5  	01	0	39	40	406	0790DE	5:054
233	Ride Bell 5  	01	1	39	40	406	0790DE	5:054
234	Ride Bell 6  	01	0	39	40	406	0790DE	5:054
234	Ride Bell 6  	01	1	39	40	406	0790DE	5:054
235	Ride Bell 7  	01	0	39	40	406	0790DE	5:054
235	Ride Bell 7  	01	1	39	40	406	0790DE	5:054
236	SynthCowbell1	01	0	39	40	406	0790DE	5:054
236	SynthCowbell1	01	1	39	40	406	0790DE	5:054
237	SynthCowbell2	01	0	39	40	406	0790DE	5:054
237	SynthCowbell2	01	1	39	40	406	0790DE	5:054
238	SynthCowbell3	01	0	39	40	406	0790DE	5:054
238	SynthCowbell3	01	1	39	40	406	0790DE	5:054
239	SynthCowbell4	01	0	39	40	406	0790DE	5:054
239	SynthCowbell4	01	1	39	40	406	0790DE	5:054
240	SynthCowbell5	01	0	39	40	406	0790DE	5:054
240	SynthCowbell5	01	1	39	40	406	0790DE	5:054
241	SynthCowbell6	01	0	39	40	406	0790DE	5:054
241	SynthCowbell6	01	1	39	40	406	0790DE	5:054
242	ReverseCymbl1	01	0	3A	40	407	0790ED	5:052
242	ReverseCymbl1	01	1	3A	40	407	0790ED	5:052
243	ReverseCymbl2	01	0	3A	40	407	0790ED	5:052
243	ReverseCymbl2	01	1	3A	40	407	0790ED	5:052
244	ReverseCymbl3	01	0	3A	40	407	0790ED	5:052
244	ReverseCymbl3	01	1	3A	40	407	0790ED	5:052
245	ReverseCymbl4	01	0	3A	40	407	0790ED	5:052
245	ReverseCymbl4	01	1	3A	40	407	0790ED	5:052
246	ReverseCymbl5	01	0	3A	40	407	0790ED	5:052
246	ReverseCymbl5	01	1	3A	40	407	0790ED	5:052
247	Agogo Low    	01	0	3B	40	408	0790FC	5:062
247	Agogo Low    	01	1	3B	40	408	0790FC	5:062
248	Agogo High   	01	0	3B	40	408	0790FC	5:062
248	Agogo High   	01	1	3B	40	408	0790FC	5:062
249	SynthAgogo Lo	01	0	3B	40	408	0790FC	5:062
249	SynthAgogo Lo	01	1	3B	40	408	0790FC	5:062
250	SynthAgogo Hi	01	0	3B	40	408	0790FC	5:062
250	SynthAgogo Hi	01	1	3B	40	408	0790FC	5:062
251	Sleigh Bell  	01	0	3C	40	409	07910B	5:063
251	Sleigh Bell  	01	1	3C	40	409	07910B	5:063
252	Cowbell 1    	01	0	3D	40	410	07911A	5:064
252	Cowbell 1    	01	1	3D	40	410	07911A	5:064
253	Cowbell 2    	01	0	3D	40	410	07911A	5:064
253	Cowbell 2    	01	1	3D	40	410	07911A	5:064
254	Cowbell 3    	01	0	3D	40	410	07911A	5:064
254	Cowbell 3    	01	1	3D	40	410	07911A	5:064
255	Cowbell 4    	01	0	3D	40	410	07911A	5:064
255	Cowbell 4    	01	1	3D	40	410	07911A	5:064
256	Cowbell 5    	01	0	3D	40	410	07911A	5:064
256	Cowbell 5    	01	1	3D	40	410	07911A	5:064
257	Cowbell 6    	01	0	3D	40	410	07911A	5:064
257	Cowbell 6    	01	1	3D	40	410	07911A	5:064
258	Wind Chime   	01	0	3E	40	411	079129	5:065
258	Wind Chime   	01	1	3E	40	411	079129	5:065
259	Syn.WindChime	01	0	3E	40	411	079129	5:065
259	Syn.WindChime	01	1	3E	40	411	079129	5:065
260	Triangle Open	01	0	3F	40	412	079138	5:088
260	Triangle Open	01	1	3F	40	412	079138	5:088
261	SynTriangle O	01	0	3F	40	412	079138	5:088
261	SynTriangle O	01	1	3F	40	412	079138	5:088
262	Metal Hit Low	01	0	3F	40	412	079138	5:088
262	Metal Hit Low	01	1	3F	40	412	079138	5:088
263	Metal Hit Hi 	01	0	3F	40	412	079138	5:088
263	Metal Hit Hi 	01	1	3F	40	412	079138	5:088
264	Triangle Mute	01	0	3F	41	413	079147	5:089
264	Triangle Mute	01	1	3F	41	413	079147	5:089
265	SynTriangle M	01	0	3F	41	413	079147	5:089
265	SynTriangle M	01	1	3F	41	413	079147	5:089
266	Syn.TimbPaila	01	0	3F	41	413	079147	5:089
266	Syn.TimbPaila	01	1	3F	41	413	079147	5:089
267	Small Bell   	01	0	40	40	414	079156	3:112
267	Small Bell   	01	1	40	40	414	079156	3:112
268	TublarBell C 	21	0	41	40	415	079165	2:0AE
268	TublarBell C 	21	1	41	40	415	079165	2:0AE
269	TublarBell C#	21	0	41	40	415	079165	2:0AE
269	TublarBell C#	21	1	41	40	415	079165	2:0AE
270	TublarBell D 	21	0	41	40	415	079165	2:0AE
270	TublarBell D 	21	1	41	40	415	079165	2:0AE
271	TublarBell D#	21	0	41	40	415	079165	2:0AE
271	TublarBell D#	21	1	41	40	415	079165	2:0AE
272	TublarBell E 	21	0	41	40	415	079165	2:0AE
272	TublarBell E 	21	1	41	40	415	079165	2:0AE
273	TublarBell F 	21	0	41	40	415	079165	2:0AE
273	TublarBell F 	21	1	41	40	415	079165	2:0AE
274	TublarBell F#	21	0	41	40	415	079165	2:0AE
274	TublarBell F#	21	1	41	40	415	079165	2:0AE
275	TublarBell G 	21	0	41	40	415	079165	2:0AE
275	TublarBell G 	21	1	41	40	415	079165	2:0AE
276	TublarBell G#	21	0	41	40	415	079165	2:0AE
276	TublarBell G#	21	1	41	40	415	079165	2:0AE
277	TublarBell A 	21	0	41	40	415	079165	2:0AE
277	TublarBell A 	21	1	41	40	415	079165	2:0AE
278	TublarBell A#	21	0	41	40	415	079165	2:0AE
278	TublarBell A#	21	1	41	40	415	079165	2:0AE
279	TublarBell B 	21	0	41	40	415	079165	2:0AE
279	TublarBell B 	21	1	41	40	415	079165	2:0AE
280	TublarBell c 	21	0	41	40	415	079165	2:0AE
280	TublarBell c 	21	1	41	40	415	079165	2:0AE
281	TublarBell c#	21	0	41	40	415	079165	2:0AE
281	TublarBell c#	21	1	41	40	415	079165	2:0AE
282	TublarBell d 	21	0	41	40	415	079165	2:0AE
282	TublarBell d 	21	1	41	40	415	079165	2:0AE
283	TublarBell d#	21	0	41	40	415	079165	2:0AE
283	TublarBell d#	21	1	41	40	415	079165	2:0AE
284	TublarBell e 	21	0	41	40	415	079165	2:0AE
284	TublarBell e 	21	1	41	40	415	079165	2:0AE
285	TublarBell f 	21	0	41	40	415	079165	2:0AE
285	TublarBell f 	21	1	41	40	415	079165	2:0AE
286	TublarBell f#	21	0	41	40	415	079165	2:0AE
286	TublarBell f#	21	1	41	40	415	079165	2:0AE
287	TublarBell g 	21	0	41	40	415	079165	2:0AE
287	TublarBell g 	21	1	41	40	415	079165	2:0AE
288	TublarBell g#	21	0	41	40	415	079165	2:0AE
288	TublarBell g#	21	1	41	40	415	079165	2:0AE
289	TublarBell a 	21	0	41	40	415	079165	2:0AE
289	TublarBell a 	21	1	41	40	415	079165	2:0AE
290	TublarBell a#	21	0	41	40	415	079165	2:0AE
290	TublarBell a#	21	1	41	40	415	079165	2:0AE
291	TublarBell b 	21	0	41	40	415	079165	2:0AE
291	TublarBell b 	21	1	41	40	415	079165	2:0AE
292	Bongo Mute 1 	01	0	42	40	417	079183	5:067
292	Bongo Mute 1 	01	1	42	40	417	079183	5:067
293	SynSmalCongaL	01	0	42	40	417	079183	5:067
293	SynSmalCongaL	01	1	42	40	417	079183	5:067
294	SynSmalCongaH	01	0	42	40	417	079183	5:067
294	SynSmalCongaH	01	1	42	40	417	079183	5:067
295	Bongo Mute 2 	01	0	42	41	418	079192	5:068
295	Bongo Mute 2 	01	1	42	41	418	079192	5:068
296	Bongo Mute 3 	01	0	42	43	419	0791A1	5:069
296	Bongo Mute 3 	01	1	42	43	419	0791A1	5:069
297	Bongo High   	01	0	42	43	419	0791A1	5:069
297	Bongo High   	01	1	42	43	419	0791A1	5:069
298	Bongo Low    	01	0	42	44	420	0791B0	5:06A
298	Bongo Low    	01	1	42	44	420	0791B0	5:06A
299	Conga Mute On	01	0	43	40	421	0791BF	5:06B
299	Conga Mute On	01	1	43	40	421	0791BF	5:06B
300	Conga MuteOff	01	0	43	41	422	0791CE	5:06C
300	Conga MuteOff	01	1	43	41	422	0791CE	5:06C
301	CongaMutCrash	01	0	45	46	432	079264	5:070
301	CongaMutCrash	01	1	45	46	432	079264	5:070
302	DummySound   	01	0	43	42	423	0791DD	5:06D
302	DummySound   	01	1	43	42	423	0791DD	5:06D
303	Conga High   	01	0	45	43	431	079255	5:071
303	Conga High   	01	1	45	43	431	079255	5:071
304	DummySound   	01	0	43	43	424	0791EC	5:06E
304	DummySound   	01	1	43	43	424	0791EC	5:06E
305	SmallConga Hi	01	0	45	43	431	079255	5:071
305	SmallConga Hi	01	1	45	43	431	079255	5:071
306	Click 1      	01	0	45	43	431	079255	5:071
306	Click 1      	01	1	45	43	431	079255	5:071
307	Click 2      	01	0	45	43	431	079255	5:071
307	Click 2      	01	1	45	43	431	079255	5:071
308	Click 3      	01	0	45	43	431	079255	5:071
308	Click 3      	01	1	45	43	431	079255	5:071
309	Conga Low    	01	0	45	42	430	079246	5:072
309	Conga Low    	01	1	45	42	430	079246	5:072
310	SmallConga Lo	01	0	45	42	430	079246	5:072
310	SmallConga Lo	01	1	45	42	430	079246	5:072
311	Surdo Mute   	01	0	43	44	425	0791FB	5:06E
311	Surdo Mute   	01	1	43	44	425	0791FB	5:06E
312	Surdo Open   	01	0	43	44	425	0791FB	5:06E
312	Surdo Open   	01	1	43	44	425	0791FB	5:06E
313	Steam Whistle	21	0	43	44	425	0791FB	5:06E
313	Steam Whistle	21	1	43	44	425	0791FB	5:06E
314	SteamWhistle2	21	0	43	44	425	0791FB	5:06E
314	SteamWhistle2	21	1	43	44	425	0791FB	5:06E
315	Conga Crash  	01	0	43	45	426	07920A	5:06F
315	Conga Crash  	01	1	43	45	426	07920A	5:06F
316	TimbalesOpenL	01	0	44	40	427	079219	5:082
316	TimbalesOpenL	01	1	44	40	427	079219	5:082
317	TimbalesOpenH	01	0	44	40	427	079219	5:082
317	TimbalesOpenH	01	1	44	40	427	079219	5:082
318	TimblsOpenRim	01	0	44	41	428	079228	5:083
318	TimblsOpenRim	01	1	44	41	428	079228	5:083
319	SynTimbOpenLo	01	0	45	40	429	079237	4:0A2
319	SynTimbOpenLo	01	1	45	40	429	079237	4:0A2
320	SynTimbOpenRm	01	0	45	40	429	079237	4:0A2
320	SynTimbOpenRm	01	1	45	40	429	079237	4:0A2
321	SynTimbOpenHi	01	0	45	40	429	079237	4:0A2
321	SynTimbOpenHi	01	1	45	40	429	079237	4:0A2
322	Timpani C    	01	0	46	40	433	079273	3:0ED
322	Timpani C    	01	1	46	40	433	079273	3:0ED
323	Timpani C#   	01	0	46	40	433	079273	3:0ED
323	Timpani C#   	01	1	46	40	433	079273	3:0ED
324	Timpani D    	01	0	46	40	433	079273	3:0ED
324	Timpani D    	01	1	46	40	433	079273	3:0ED
325	Timpani D#   	01	0	46	40	433	079273	3:0ED
325	Timpani D#   	01	1	46	40	433	079273	3:0ED
326	Timpani E    	01	0	46	40	433	079273	3:0ED
326	Timpani E    	01	1	46	40	433	079273	3:0ED
327	Timpani F    	01	0	46	40	433	079273	3:0ED
327	Timpani F    	01	1	46	40	433	079273	3:0ED
328	Timpani F#   	01	0	46	40	433	079273	3:0ED
328	Timpani F#   	01	1	46	40	433	079273	3:0ED
329	Timpani G    	01	0	46	40	433	079273	3:0ED
329	Timpani G    	01	1	46	40	433	079273	3:0ED
330	Timpani G#   	01	0	46	40	433	079273	3:0ED
330	Timpani G#   	01	1	46	40	433	079273	3:0ED
331	Timpani A    	01	0	46	40	433	079273	3:0ED
331	Timpani A    	01	1	46	40	433	079273	3:0ED
332	Timpani A#   	01	0	46	40	433	079273	3:0ED
332	Timpani A#   	01	1	46	40	433	079273	3:0ED
333	Timpani B    	01	0	46	40	433	079273	3:0ED
333	Timpani B    	01	1	46	40	433	079273	3:0ED
334	Timpani c    	01	0	46	40	433	079273	3:0ED
334	Timpani c    	01	1	46	40	433	079273	3:0ED
335	Timpani c#   	01	0	46	40	433	079273	3:0ED
335	Timpani c#   	01	1	46	40	433	079273	3:0ED
336	Timpani d    	01	0	46	40	433	079273	3:0ED
336	Timpani d    	01	1	46	40	433	079273	3:0ED
337	Timpani d#   	01	0	46	40	433	079273	3:0ED
337	Timpani d#   	01	1	46	40	433	079273	3:0ED
338	Timpani e    	01	0	46	40	433	079273	3:0ED
338	Timpani e    	01	1	46	40	433	079273	3:0ED
339	Timpani f    	01	0	46	40	433	079273	3:0ED
339	Timpani f    	01	1	46	40	433	079273	3:0ED
340	Timpani f#   	01	0	46	40	433	079273	3:0ED
340	Timpani f#   	01	1	46	40	433	079273	3:0ED
341	Timpani g    	01	0	46	40	433	079273	3:0ED
341	Timpani g    	01	1	46	40	433	079273	3:0ED
342	Timpani g#   	01	0	46	40	433	079273	3:0ED
342	Timpani g#   	01	1	46	40	433	079273	3:0ED
343	Timpani a    	01	0	46	40	433	079273	3:0ED
343	Timpani a    	01	1	46	40	433	079273	3:0ED
344	Timpani a#   	01	0	46	40	433	079273	3:0ED
344	Timpani a#   	01	1	46	40	433	079273	3:0ED
345	Timpani b    	01	0	46	40	433	079273	3:0ED
345	Timpani b    	01	1	46	40	433	079273	3:0ED
346	Cuica High   	01	0	47	40	434	079282	5:073
346	Cuica High   	01	1	47	40	434	079282	5:073
347	Little Dog   	01	0	47	40	434	079282	5:073
347	Little Dog   	01	1	47	40	434	079282	5:073
348	Cuica Low    	01	0	47	41	435	079291	5:074
348	Cuica Low    	01	1	47	41	435	079291	5:074
349	Bullfrog     	01	0	47	41	435	079291	5:074
349	Bullfrog     	01	1	47	41	435	079291	5:074
350	Guiro Long 1 	01	0	48	40	436	0792A0	5:075
350	Guiro Long 1 	01	1	48	40	436	0792A0	5:075
351	Guiro Long 2 	01	0	48	40	436	0792A0	5:075
351	Guiro Long 2 	01	1	48	40	436	0792A0	5:075
352	Heart Beat   	01	0	48	40	436	0792A0	5:075
352	Heart Beat   	01	1	48	40	436	0792A0	5:075
353	Guiro Short 1	01	0	48	41	437	0792AF	5:076
353	Guiro Short 1	01	1	48	41	437	0792AF	5:076
354	Guiro Short 2	01	0	48	41	437	0792AF	5:076
354	Guiro Short 2	01	1	48	41	437	0792AF	5:076
355	Hand Claps   	01	0	49	40	438	0792BE	5:077
355	Hand Claps   	01	1	49	40	438	0792BE	5:077
356	Shaker On    	01	0	4A	40	439	0792CD	5:07D
356	Shaker On    	01	1	4A	40	439	0792CD	5:07D
357	Shaker Off   	01	0	4A	40	439	0792CD	5:07D
357	Shaker Off   	01	1	4A	40	439	0792CD	5:07D
358	Syn.Shaker On	01	0	4A	40	439	0792CD	5:07D
358	Syn.Shaker On	01	1	4A	40	439	0792CD	5:07D
359	Syn.ShakerOff	01	0	4A	40	439	0792CD	5:07D
359	Syn.ShakerOff	01	1	4A	40	439	0792CD	5:07D
360	Cabasa 1     	01	0	4B	40	440	0792DC	5:07E
360	Cabasa 1     	01	1	4B	40	440	0792DC	5:07E
361	Cabasa 2     	01	0	4B	40	440	0792DC	5:07E
361	Cabasa 2     	01	1	4B	40	440	0792DC	5:07E
362	Maracas On   	01	0	4C	40	441	0792EB	5:07F
362	Maracas On   	01	1	4C	40	441	0792EB	5:07F
363	Maracas Off  	01	0	4C	40	441	0792EB	5:07F
363	Maracas Off  	01	1	4C	40	441	0792EB	5:07F
364	Syn.MaracasOn	01	0	4C	40	441	0792EB	5:07F
364	Syn.MaracasOn	01	1	4C	40	441	0792EB	5:07F
365	SynMaracasOff	01	0	4C	40	441	0792EB	5:07F
365	SynMaracasOff	01	1	4C	40	441	0792EB	5:07F
366	SambaWhistleL	21	0	4D	40	442	0792FA	5:080
366	SambaWhistleL	21	1	4D	40	442	0792FA	5:080
367	SambaWhistleH	21	0	4D	40	442	0792FA	5:080
367	SambaWhistleH	21	1	4D	40	442	0792FA	5:080
368	SambaWhiShort	01	0	4D	40	442	0792FA	5:080
368	SambaWhiShort	01	1	4D	40	442	0792FA	5:080
369	SambaWhi Long	01	0	4D	40	442	0792FA	5:080
369	SambaWhi Long	01	1	4D	40	442	0792FA	5:080
370	SynSambaWhi L	21	0	4D	41	443	079309	4:0A1
370	SynSambaWhi L	21	1	4D	41	443	079309	4:0A1
371	SynSambaWhi H	21	0	4D	41	443	079309	4:0A1
371	SynSambaWhi H	21	1	4D	41	443	079309	4:0A1
372	SynSmbWhShort	01	0	4D	41	443	079309	4:0A1
372	SynSmbWhShort	01	1	4D	41	443	079309	4:0A1
373	SynSmbWh Long	01	0	4D	41	443	079309	4:0A1
373	SynSmbWh Long	01	1	4D	41	443	079309	4:0A1
374	Samba Drum On	01	0	4E	40	444	079318	5:084
374	Samba Drum On	01	1	4E	40	444	079318	5:084
375	SambaDrum Off	01	0	4E	41	445	079327	5:085
375	SambaDrum Off	01	1	4E	41	445	079327	5:085
376	TambourinAcc1	01	0	4F	40	446	079336	5:086
376	TambourinAcc1	01	1	4F	40	446	079336	5:086
377	TambourinAcc2	01	0	4F	40	446	079336	5:086
377	TambourinAcc2	01	1	4F	40	446	079336	5:086
378	TambourineBt1	01	0	4F	41	447	079345	5:087
378	TambourineBt1	01	1	4F	41	447	079345	5:087
379	TambourineBt2	01	0	4F	41	447	079345	5:087
379	TambourineBt2	01	1	4F	41	447	079345	5:087
380	OrchTambourin	01	0	50	40	448	079354	5:07B
380	OrchTambourin	01	1	50	40	448	079354	5:07B
381	Vibraslap    	01	0	51	40	449	079363	5:08A
381	Vibraslap    	01	1	51	40	449	079363	5:08A
382	Syn.Vibraslap	01	0	51	40	449	079363	5:08A
382	Syn.Vibraslap	01	1	51	40	449	079363	5:08A
383	Rattle       	21	0	51	40	449	079363	5:08A
383	Rattle       	21	1	51	40	449	079363	5:08A
384	WoodBlock Mid	01	0	52	40	450	079372	5:08B
384	WoodBlock Mid	01	1	52	40	450	079372	5:08B
385	WoodBlock Low	01	0	52	40	450	079372	5:08B
385	WoodBlock Low	01	1	52	40	450	079372	5:08B
386	WoodBlock Hi 	01	0	52	40	450	079372	5:08B
386	WoodBlock Hi 	01	1	52	40	450	079372	5:08B
387	Temple Block 	01	0	52	40	450	079372	5:08B
387	Temple Block 	01	1	52	40	450	079372	5:08B
388	Castanets    	01	0	53	40	451	079381	5:08C
388	Castanets    	01	1	53	40	451	079381	5:08C
389	Claves       	01	0	54	40	452	079390	5:08D
389	Claves       	01	1	54	40	452	079390	5:08D
390	Synth Claves 	01	0	54	40	452	079390	5:08D
390	Synth Claves 	01	1	54	40	452	079390	5:08D
391	Slap 1       	01	0	55	40	453	07939F	5:081
391	Slap 1       	01	1	55	40	453	07939F	5:081
392	Slap 2       	01	0	55	40	453	07939F	5:081
392	Slap 2       	01	1	55	40	453	07939F	5:081
393	Slap 3       	01	0	55	40	453	07939F	5:081
393	Slap 3       	01	1	55	40	453	07939F	5:081
394	Scratch 1    	01	0	56	40	454	0793AE	4:0A7
394	Scratch 1    	01	1	56	40	454	0793AE	4:0A7
395	Scratch 2    	01	0	56	40	454	0793AE	4:0A7
395	Scratch 2    	01	1	56	40	454	0793AE	4:0A7
396	Scratch 3    	01	0	56	41	455	0793BD	4:0A6
396	Scratch 3    	01	1	56	41	455	0793BD	4:0A6
397	Scratch 4    	01	0	56	41	455	0793BD	4:0A6
397	Scratch 4    	01	1	56	41	455	0793BD	4:0A6
398	Zap 1        	01	0	6D	40	481	079543	5:08F
398	Zap 1        	01	1	6D	40	481	079543	5:08F
399	AmbientHammer	01	0	57	40	456	0793CC	4:0A1
399	AmbientHammer	01	1	57	40	456	0793CC	4:0A1
400	Wave 1       	21	0	58	40	457	0793DB	4:0AD
400	Wave 1       	21	1	58	40	457	0793DB	4:0AD
401	Wave 3       	21	0	58	40	457	0793DB	4:0AD
401	Wave 3       	21	1	58	40	457	0793DB	4:0AD
402	Wave 4       	21	0	58	40	457	0793DB	4:0AD
402	Wave 4       	21	1	58	40	457	0793DB	4:0AD
403	Wave 7       	21	0	58	40	457	0793DB	4:0AD
403	Wave 7       	21	1	58	40	457	0793DB	4:0AD
404	Wave 8       	21	0	58	40	457	0793DB	4:0AD
404	Wave 8       	21	1	58	40	457	0793DB	4:0AD
405	Wave 10      	21	0	58	40	457	0793DB	4:0AD
405	Wave 10      	21	1	58	40	457	0793DB	4:0AD
406	Wave 11      	21	0	58	40	457	0793DB	4:0AD
406	Wave 11      	21	1	58	40	457	0793DB	4:0AD
407	Wave 2       	21	0	58	41	458	0793EA	4:0AE
407	Wave 2       	21	1	58	41	458	0793EA	4:0AE
408	Wave 5       	21	0	58	41	458	0793EA	4:0AE
408	Wave 5       	21	1	58	41	458	0793EA	4:0AE
409	Wave 6       	21	0	58	41	458	0793EA	4:0AE
409	Wave 6       	21	1	58	41	458	0793EA	4:0AE
410	Wave 9       	21	0	58	41	458	0793EA	4:0AE
410	Wave 9       	21	1	58	41	458	0793EA	4:0AE
411	Wave 12      	21	0	58	41	458	0793EA	4:0AE
411	Wave 12      	21	1	58	41	458	0793EA	4:0AE
412	Wave 13      	21	0	58	41	458	0793EA	4:0AE
412	Wave 13      	21	1	58	41	458	0793EA	4:0AE
413	Wave 14      	21	0	58	41	458	0793EA	4:0AE
413	Wave 14      	21	1	58	41	458	0793EA	4:0AE
414	Church Bell L	21	0	70	40	484	079570	5:066
414	Church Bell L	21	1	70	40	484	079570	5:066
415	Church Bell R	21	0	70	40	484	079570	5:066
415	Church Bell R	21	1	70	40	484	079570	5:066
416	Church Bell  	21	0	70	40	484	079570	5:066
416	Church Bell  	21	1	70	40	484	079570	5:066
417	Carillon     	21	0	41	44	416	079174	2:0B8
417	Carillon     	21	1	41	44	416	079174	2:0B8
418	Applause 1   	21	0	59	40	462	079426	4:0B5
418	Applause 1   	21	1	59	40	462	079426	4:0B5
419	Applause 2   	21	0	59	40	462	079426	4:0B5
419	Applause 2   	21	1	59	40	462	079426	4:0B5
420	Applause 3   	21	0	59	40	462	079426	4:0B5
420	Applause 3   	21	1	59	40	462	079426	4:0B5
421	Applause 4   	21	0	59	40	462	079426	4:0B5
421	Applause 4   	21	1	59	40	462	079426	4:0B5
422	Applause 5   	21	0	59	40	462	079426	4:0B5
422	Applause 5   	21	1	59	40	462	079426	4:0B5
423	Applause 6   	21	0	59	40	462	079426	4:0B5
423	Applause 6   	21	1	59	40	462	079426	4:0B5
424	Applause 7   	21	0	59	40	462	079426	4:0B5
424	Applause 7   	21	1	59	40	462	079426	4:0B5
425	Voice Ah     	01	0	5A	40	463	079435	4:0A8
425	Voice Ah     	01	1	5A	40	463	079435	4:0A8
426	Voice Yeh    	01	0	5A	41	464	079444	4:0A9
426	Voice Yeh    	01	1	5A	41	464	079444	4:0A9
427	Voice Uh     	01	0	5A	42	465	079453	4:0AA
427	Voice Uh     	01	1	5A	42	465	079453	4:0AA
428	Helicopter   	21	0	5B	40	466	079462	4:0B3
428	Helicopter   	21	1	5B	40	466	079462	4:0B3
429	Train        	21	0	5B	40	466	079462	4:0B3
429	Train        	21	1	5B	40	466	079462	4:0B3
430	Train 2      	21	0	5B	40	466	079462	4:0B3
430	Train 2      	21	1	5B	40	466	079462	4:0B3
431	Train 3      	21	0	5B	40	466	079462	4:0B3
431	Train 3      	21	1	5B	40	466	079462	4:0B3
432	Telephone    	21	0	5C	40	467	079471	4:0B2
432	Telephone    	21	1	5C	40	467	079471	4:0B2
433	Gun Shot     	01	0	5D	40	468	079480	4:0B4
433	Gun Shot     	01	1	5D	40	468	079480	4:0B4
434	Syn.HandClaps	01	0	5D	40	468	079480	4:0B4
434	Syn.HandClaps	01	1	5D	40	468	079480	4:0B4
435	Explosion    	01	0	5D	40	468	079480	4:0B4
435	Explosion    	01	1	5D	40	468	079480	4:0B4
436	Orch.Hit High	01	0	5E	40	469	07948F	3:0EC
436	Orch.Hit High	01	1	5E	40	469	07948F	3:0EC
437	Orch.Hit Low 	01	0	5E	40	469	07948F	3:0EC
437	Orch.Hit Low 	01	1	5E	40	469	07948F	3:0EC
438	Wind         	21	0	5F	40	470	07949E	0:0D4
438	Wind         	21	1	5F	40	470	07949E	0:0D4
439	Bird 2       	01	0	60	41	471	0794AD	4:0AB
439	Bird 2       	01	1	60	41	471	0794AD	4:0AB
440	Bird 3       	01	0	60	42	472	0794BC	4:0AC
440	Bird 3       	01	1	60	42	472	0794BC	4:0AC
441	Sax Breath   	21	0	61	40	473	0794CB	4:09B
441	Sax Breath   	21	1	61	40	473	0794CB	4:09B
442	Flute Breath 	21	0	61	41	474	0794DA	4:09D
442	Flute Breath 	21	1	61	41	474	0794DA	4:09D
443	Pick Noise 4 	01	0	62	40	475	0794E9	3:061
443	Pick Noise 4 	01	1	62	40	475	0794E9	3:061
444	Pick Noise 4 	01	0	62	41	475	0794E9	3:061
444	Pick Noise 4 	01	1	62	41	475	0794E9	3:061
445	Pick Noise 2 	01	0	62	42	476	0794F8	3:060
445	Pick Noise 2 	01	1	62	42	476	0794F8	3:060
446	Pick Noise 1 	01	0	62	43	477	079507	1:0B0
446	Pick Noise 1 	01	1	62	43	477	079507	1:0B0
447	Pick Noise 1 	01	0	62	43	477	079507	1:0B0
447	Pick Noise 1 	01	1	62	43	477	079507	1:0B0
448	Pick Noise 3 	01	0	62	44	478	079516	3:086
448	Pick Noise 3 	01	1	62	44	478	079516	3:086
449	Pick Noise 3 	01	0	62	44	478	079516	3:086
449	Pick Noise 3 	01	1	62	44	478	079516	3:086
450	Fret Noise   	01	0	63	40	479	079525	3:05F
450	Fret Noise   	01	1	63	40	479	079525	3:05F
451	Fret Noise   	01	0	63	40	479	079525	3:05F
451	Fret Noise   	01	1	63	40	479	079525	3:05F
452	Organ Click  	25	0	18	80	62	077CB6	6:028;6:030;6:038;6:040;6:048;6:050;6:058;6:060;6:068
452	Organ Click  	25	1	18	80	62	077CB6	6:028;6:030;6:038;6:040;6:048;6:050;6:058;6:060;6:068
453	Slap Shot    	01	0	64	40	480	079534	4:0A5
453	Slap Shot    	01	1	64	40	480	079534	4:0A5
454	Voice Uh 1   	01	0	5A	42	465	079453	4:0AA
454	Voice Uh 1   	01	1	5A	42	465	079453	4:0AA
455	Voice Uh 2   	01	0	5A	42	465	079453	4:0AA
455	Voice Uh 2   	01	1	5A	42	465	079453	4:0AA
456	Silent       	01	0	00	40	341	078D0F	0:002
456	Silent       	01	1	00	40	341	078D0F	0:002
457	Square Click 	01	0	00	41	342	078D1E	0:01D
457	Square Click 	01	1	00	41	342	078D1E	0:01D
458	FluteKeyClick	01	0	78	40	486	07958E	4:0A0
458	FluteKeyClick	01	1	78	40	486	07958E	4:0A0
459	Rock Bass Drm	01	0	01	40	343	078D2D	5:022
459	Rock Bass Drm	01	1	01	40	343	078D2D	5:022
460	Room BassDrm1	01	0	02	40	344	078D3C	5:023
460	Room BassDrm1	01	1	02	40	344	078D3C	5:023
461	Jazz BassDrm1	01	0	03	40	345	078D4B	5:024
461	Jazz BassDrm1	01	1	03	40	345	078D4B	5:024
462	Trad BassDrm2	01	0	04	40	346	078D5A	5:025
462	Trad BassDrm2	01	1	04	40	346	078D5A	5:025
463	LtRockBassDrm	01	0	05	40	347	078D69	5:026
463	LtRockBassDrm	01	1	05	40	347	078D69	5:026
464	PowerBassDrm1	01	0	06	40	348	078D78	5:027
464	PowerBassDrm1	01	1	06	40	348	078D78	5:027
465	PowerBassDrm2	01	0	06	40	348	078D78	5:027
465	PowerBassDrm2	01	1	06	40	348	078D78	5:027
466	Soul BassDrm1	01	0	08	40	350	078D96	5:029
466	Soul BassDrm1	01	1	08	40	350	078D96	5:029
467	ElectBassDrm1	01	0	0A	40	352	078DB4	5:02B
467	ElectBassDrm1	01	1	0A	40	352	078DB4	5:02B
468	ElectBassDrm2	01	0	0A	40	352	078DB4	5:02B
468	ElectBassDrm2	01	1	0A	40	352	078DB4	5:02B
469	Orch.BassDrm1	01	0	0C	40	354	078DD2	5:078
469	Orch.BassDrm1	01	1	0C	40	354	078DD2	5:078
470	Rock Snare 1 	01	0	0D	40	355	078DE1	5:02D
470	Rock Snare 1 	01	1	0D	40	355	078DE1	5:02D
471	Room Snare 1 	01	0	0E	40	356	078DF0	5:02E
471	Room Snare 1 	01	1	0E	40	356	078DF0	5:02E
472	Jazz Snare   	01	0	0F	40	358	078E0E	5:031
472	Jazz Snare   	01	1	0F	40	358	078E0E	5:031
473	Power Snare 1	01	0	12	40	362	078E4A	5:035
473	Power Snare 1	01	1	12	40	362	078E4A	5:035
474	Soul Snare 1 	01	0	14	40	364	078E68	5:037
474	Soul Snare 1 	01	1	14	40	364	078E68	5:037
475	Elect.Snare 1	01	0	16	40	366	078E86	5:039
475	Elect.Snare 1	01	1	16	40	366	078E86	5:039
476	Analog Snare 	01	0	18	40	368	078EA4	5:05D
476	Analog Snare 	01	1	18	40	368	078EA4	5:05D
477	Piccolo Snare	01	0	19	40	370	078EC2	5:03B
477	Piccolo Snare	01	1	19	40	370	078EC2	5:03B
478	Orch.Snare 1 	01	0	1A	40	371	078ED1	5:079
478	Orch.Snare 1 	01	1	1A	40	371	078ED1	5:079
479	Brush Swirl  	01	0	1D	40	374	078EFE	5:05A
479	Brush Swirl  	01	1	1D	40	374	078EFE	5:05A
480	Brush Tap    	01	0	1D	40	374	078EFE	5:05A
480	Brush Tap    	01	1	1D	40	374	078EFE	5:05A
481	Brush Slap   	01	0	1E	40	375	078F0D	5:05B
481	Brush Slap   	01	1	1E	40	375	078F0D	5:05B
482	Rock Rim     	01	0	1F	40	376	078F1C	5:046
482	Rock Rim     	01	1	1F	40	376	078F1C	5:046
483	MetronomeClik	01	0	6F	41	483	079561	5:091
483	MetronomeClik	01	1	6F	41	483	079561	5:091
484	MetronomeBell	01	0	6F	40	482	079552	5:090
484	MetronomeBell	01	1	6F	40	482	079552	5:090
485	Soul Rim     	01	0	20	40	377	078F2B	5:047
485	Soul Rim     	01	1	20	40	377	078F2B	5:047
486	Rock Tom 1   	01	0	22	40	379	078F49	5:03C
486	Rock Tom 1   	01	1	22	40	379	078F49	5:03C
487	Rock Tom 2   	01	0	22	40	379	078F49	5:03C
487	Rock Tom 2   	01	1	22	40	379	078F49	5:03C
488	Rock Tom 3   	01	0	22	40	379	078F49	5:03C
488	Rock Tom 3   	01	1	22	40	379	078F49	5:03C
489	Rock Tom High	01	0	22	40	379	078F49	5:03C
489	Rock Tom High	01	1	22	40	379	078F49	5:03C
490	Brush Tom 1  	01	0	22	44	380	078F58	5:041
490	Brush Tom 1  	01	1	22	44	380	078F58	5:041
491	Brush Tom 2  	01	0	22	44	380	078F58	5:041
491	Brush Tom 2  	01	1	22	44	380	078F58	5:041
492	Brush Tom 3  	01	0	22	44	380	078F58	5:041
492	Brush Tom 3  	01	1	22	44	380	078F58	5:041
493	BrushTom High	01	0	22	44	380	078F58	5:041
493	BrushTom High	01	1	22	44	380	078F58	5:041
494	RockBassTomHi	01	0	23	40	381	078F67	5:042
494	RockBassTomHi	01	1	23	40	381	078F67	5:042
495	RockBassTomLo	01	0	23	40	381	078F67	5:042
495	RockBassTomLo	01	1	23	40	381	078F67	5:042
496	BrushBassTomH	01	0	23	44	382	078F76	5:043
496	BrushBassTomH	01	1	23	44	382	078F76	5:043
497	BrushBassTomL	01	0	23	44	382	078F76	5:043
497	BrushBassTomL	01	1	23	44	382	078F76	5:043
498	Power Tom 1  	01	0	24	40	383	078F85	5:03D
498	Power Tom 1  	01	1	24	40	383	078F85	5:03D
499	Power Tom 2  	01	0	24	40	383	078F85	5:03D
499	Power Tom 2  	01	1	24	40	383	078F85	5:03D
500	Power Tom 3  	01	0	24	40	383	078F85	5:03D
500	Power Tom 3  	01	1	24	40	383	078F85	5:03D
501	PowerTom High	01	0	24	40	383	078F85	5:03D
501	PowerTom High	01	1	24	40	383	078F85	5:03D
502	Room Tom 1   	01	0	24	40	383	078F85	5:03D
502	Room Tom 1   	01	1	24	40	383	078F85	5:03D
503	Room Tom 2   	01	0	24	40	383	078F85	5:03D
503	Room Tom 2   	01	1	24	40	383	078F85	5:03D
504	Room Tom 3   	01	0	24	40	383	078F85	5:03D
504	Room Tom 3   	01	1	24	40	383	078F85	5:03D
505	Room Tom High	01	0	24	40	383	078F85	5:03D
505	Room Tom High	01	1	24	40	383	078F85	5:03D
506	PowerBassTomH	01	0	25	40	384	078F94	5:044
506	PowerBassTomH	01	1	25	40	384	078F94	5:044
507	PowerBassTomL	01	0	25	40	384	078F94	5:044
507	PowerBassTomL	01	1	25	40	384	078F94	5:044
508	ElectricTom 1	01	0	26	40	385	078FA3	5:03E
508	ElectricTom 1	01	1	26	40	385	078FA3	5:03E
509	ElectricTom 2	01	0	26	40	385	078FA3	5:03E
509	ElectricTom 2	01	1	26	40	385	078FA3	5:03E
510	ElectricTom 3	01	0	26	40	385	078FA3	5:03E
510	ElectricTom 3	01	1	26	40	385	078FA3	5:03E
511	ElectTom High	01	0	26	40	385	078FA3	5:03E
511	ElectTom High	01	1	26	40	385	078FA3	5:03E
512	ElectBassTomH	01	0	27	40	386	078FB2	5:045
512	ElectBassTomH	01	1	27	40	386	078FB2	5:045
513	ElectBassTomL	01	0	27	40	386	078FB2	5:045
513	ElectBassTomL	01	1	27	40	386	078FB2	5:045
514	Soul Tom 1   	01	0	28	40	387	078FC1	5:03F
514	Soul Tom 1   	01	1	28	40	387	078FC1	5:03F
515	Soul Tom 2   	01	0	28	40	387	078FC1	5:03F
515	Soul Tom 2   	01	1	28	40	387	078FC1	5:03F
516	Soul Tom 3   	01	0	28	40	387	078FC1	5:03F
516	Soul Tom 3   	01	1	28	40	387	078FC1	5:03F
517	Soul Tom High	01	0	28	40	387	078FC1	5:03F
517	Soul Tom High	01	1	28	40	387	078FC1	5:03F
518	SynthConga Lo	01	0	28	40	387	078FC1	5:03F
518	SynthConga Lo	01	1	28	40	387	078FC1	5:03F
519	SynthConga Hi	01	0	28	40	387	078FC1	5:03F
519	SynthConga Hi	01	1	28	40	387	078FC1	5:03F
520	Syn.CongaCrsh	01	0	28	40	387	078FC1	5:03F
520	Syn.CongaCrsh	01	1	28	40	387	078FC1	5:03F
521	SoulBassTom H	01	0	28	40	387	078FC1	5:03F
521	SoulBassTom H	01	1	28	40	387	078FC1	5:03F
522	SoulBassTom L	01	0	28	40	387	078FC1	5:03F
522	SoulBassTom L	01	1	28	40	387	078FC1	5:03F
523	Soul BassDrm2	01	0	29	40	388	078FD0	5:05C
523	Soul BassDrm2	01	1	29	40	388	078FD0	5:05C
524	HiHatClosed 1	01	0	2B	40	390	078FEE	5:049
524	HiHatClosed 1	01	1	2B	40	390	078FEE	5:049
525	HiHatClosed 4	01	0	2B	40	390	078FEE	5:049
525	HiHatClosed 4	01	1	2B	40	390	078FEE	5:049
526	DanceHHClose1	01	0	2C	40	392	07900C	5:05F
526	DanceHHClose1	01	1	2C	40	392	07900C	5:05F
527	HiHat Open 1 	01	0	2E	40	395	079039	5:04B
527	HiHat Open 1 	01	1	2E	40	395	079039	5:04B
528	HiHat Open 4 	01	0	2E	40	395	079039	5:04B
528	HiHat Open 4 	01	1	2E	40	395	079039	5:04B
529	Dance HH.Open	01	0	2F	40	396	079048	5:061
529	Dance HH.Open	01	1	2F	40	396	079048	5:061
530	HiHat Pedal 1	01	0	31	40	398	079066	5:04C
530	HiHat Pedal 1	01	1	31	40	398	079066	5:04C
531	CrashCymbal 1	01	0	33	40	399	079075	5:056
531	CrashCymbal 1	01	1	33	40	399	079075	5:056
532	CrashCymbal 2	01	0	33	40	399	079075	5:056
532	CrashCymbal 2	01	1	33	40	399	079075	5:056
533	CrashCymbal 4	01	0	33	40	399	079075	5:056
533	CrashCymbal 4	01	1	33	40	399	079075	5:056
534	CrashCymbal 6	01	0	33	44	400	079084	5:057
534	CrashCymbal 6	01	1	33	44	400	079084	5:057
535	SplashCymbal2	01	0	34	40	401	079093	5:058
535	SplashCymbal2	01	1	34	40	401	079093	5:058
536	ChinaCymbal 1	01	0	35	40	402	0790A2	5:059
536	ChinaCymbal 1	01	1	35	40	402	0790A2	5:059
537	Orch.Cymbal 1	01	0	36	40	403	0790B1	5:07A
537	Orch.Cymbal 1	01	1	36	40	403	0790B1	5:07A
538	Orch.Cymbal 2	01	0	36	40	403	0790B1	5:07A
538	Orch.Cymbal 2	01	1	36	40	403	0790B1	5:07A
539	Ride Cymbal 1	01	0	37	40	404	0790C0	5:04E
539	Ride Cymbal 1	01	1	37	40	404	0790C0	5:04E
540	Ride Cymbal 3	01	0	37	40	404	0790C0	5:04E
540	Ride Cymbal 3	01	1	37	40	404	0790C0	5:04E
541	Ride Cymbal 8	01	0	38	40	405	0790CF	5:051
541	Ride Cymbal 8	01	1	38	40	405	0790CF	5:051
542	Ride Bell 1  	01	0	39	40	406	0790DE	5:054
542	Ride Bell 1  	01	1	39	40	406	0790DE	5:054
543	Ride Bell 3  	01	0	39	40	406	0790DE	5:054
543	Ride Bell 3  	01	1	39	40	406	0790DE	5:054
544	ReverseCymbl1	01	0	3A	40	407	0790ED	5:052
544	ReverseCymbl1	01	1	3A	40	407	0790ED	5:052
545	Agogo Low    	01	0	3B	40	408	0790FC	5:062
545	Agogo Low    	01	1	3B	40	408	0790FC	5:062
546	Agogo High   	01	0	3B	40	408	0790FC	5:062
546	Agogo High   	01	1	3B	40	408	0790FC	5:062
547	Sleigh Bell  	01	0	3C	40	409	07910B	5:063
547	Sleigh Bell  	01	1	3C	40	409	07910B	5:063
548	Cowbell 2    	01	0	3D	40	410	07911A	5:064
548	Cowbell 2    	01	1	3D	40	410	07911A	5:064
549	Wind Chime   	01	0	3E	40	411	079129	5:065
549	Wind Chime   	01	1	3E	40	411	079129	5:065
550	Triangle Open	01	0	3F	40	412	079138	5:088
550	Triangle Open	01	1	3F	40	412	079138	5:088
551	Triangle Mute	01	0	3F	41	413	079147	5:089
551	Triangle Mute	01	1	3F	41	413	079147	5:089
552	Bongo High   	01	0	42	43	419	0791A1	5:069
552	Bongo High   	01	1	42	43	419	0791A1	5:069
553	Bongo Low    	01	0	42	44	420	0791B0	5:06A
553	Bongo Low    	01	1	42	44	420	0791B0	5:06A
554	CongaMutCrash	01	0	45	46	432	079264	5:070
554	CongaMutCrash	01	1	45	46	432	079264	5:070
555	Conga High   	01	0	45	43	431	079255	5:071
555	Conga High   	01	1	45	43	431	079255	5:071
556	Conga Low    	01	0	45	42	430	079246	5:072
556	Conga Low    	01	1	45	42	430	079246	5:072
557	Surdo Mute   	01	0	43	44	425	0791FB	5:06E
557	Surdo Mute   	01	1	43	44	425	0791FB	5:06E
558	Surdo Open   	01	0	43	44	425	0791FB	5:06E
558	Surdo Open   	01	1	43	44	425	0791FB	5:06E
559	TimbalesOpenL	01	0	44	40	427	079219	5:082
559	TimbalesOpenL	01	1	44	40	427	079219	5:082
560	TimblsOpenRim	01	0	44	41	428	079228	5:083
560	TimblsOpenRim	01	1	44	41	428	079228	5:083
561	Timpani F    	01	0	46	40	433	079273	3:0ED
561	Timpani F    	01	1	46	40	433	079273	3:0ED
562	Timpani F#   	01	0	46	40	433	079273	3:0ED
562	Timpani F#   	01	1	46	40	433	079273	3:0ED
563	Timpani G    	01	0	46	40	433	079273	3:0ED
563	Timpani G    	01	1	46	40	433	079273	3:0ED
564	Timpani G#   	01	0	46	40	433	079273	3:0ED
564	Timpani G#   	01	1	46	40	433	079273	3:0ED
565	Timpani A    	01	0	46	40	433	079273	3:0ED
565	Timpani A    	01	1	46	40	433	079273	3:0ED
566	Timpani A#   	01	0	46	40	433	079273	3:0ED
566	Timpani A#   	01	1	46	40	433	079273	3:0ED
567	Timpani B    	01	0	46	40	433	079273	3:0ED
567	Timpani B    	01	1	46	40	433	079273	3:0ED
568	Timpani c    	01	0	46	40	433	079273	3:0ED
568	Timpani c    	01	1	46	40	433	079273	3:0ED
569	Timpani c#   	01	0	46	40	433	079273	3:0ED
569	Timpani c#   	01	1	46	40	433	079273	3:0ED
570	Timpani d    	01	0	46	40	433	079273	3:0ED
570	Timpani d    	01	1	46	40	433	079273	3:0ED
571	Timpani d#   	01	0	46	40	433	079273	3:0ED
571	Timpani d#   	01	1	46	40	433	079273	3:0ED
572	Timpani e    	01	0	46	40	433	079273	3:0ED
572	Timpani e    	01	1	46	40	433	079273	3:0ED
573	Timpani f    	01	0	46	40	433	079273	3:0ED
573	Timpani f    	01	1	46	40	433	079273	3:0ED
574	Cuica High   	01	0	47	40	434	079282	5:073
574	Cuica High   	01	1	47	40	434	079282	5:073
575	Little Dog   	01	0	47	40	434	079282	5:073
575	Little Dog   	01	1	47	40	434	079282	5:073
576	Cuica Low    	01	0	47	41	435	079291	5:074
576	Cuica Low    	01	1	47	41	435	079291	5:074
577	Guiro Long 1 	01	0	48	40	436	0792A0	5:075
577	Guiro Long 1 	01	1	48	40	436	0792A0	5:075
578	Heart Beat   	01	0	48	40	436	0792A0	5:075
578	Heart Beat   	01	1	48	40	436	0792A0	5:075
579	Guiro Short 1	01	0	48	41	437	0792AF	5:076
579	Guiro Short 1	01	1	48	41	437	0792AF	5:076
580	Hand Claps   	01	0	49	40	438	0792BE	5:077
580	Hand Claps   	01	1	49	40	438	0792BE	5:077
581	Shaker On    	01	0	4A	40	439	0792CD	5:07D
581	Shaker On    	01	1	4A	40	439	0792CD	5:07D
582	Cabasa 1     	01	0	4B	40	440	0792DC	5:07E
582	Cabasa 1     	01	1	4B	40	440	0792DC	5:07E
583	Maracas On   	01	0	4C	40	441	0792EB	5:07F
583	Maracas On   	01	1	4C	40	441	0792EB	5:07F
584	Syn.MaracasOn	01	0	4C	40	441	0792EB	5:07F
584	Syn.MaracasOn	01	1	4C	40	441	0792EB	5:07F
585	SambaWhiShort	01	0	4D	40	442	0792FA	5:080
585	SambaWhiShort	01	1	4D	40	442	0792FA	5:080
586	SambaWhi Long	01	0	4D	40	442	0792FA	5:080
586	SambaWhi Long	01	1	4D	40	442	0792FA	5:080
587	TambourinAcc1	01	0	4F	40	446	079336	5:086
587	TambourinAcc1	01	1	4F	40	446	079336	5:086
588	Vibraslap    	01	0	51	40	449	079363	5:08A
588	Vibraslap    	01	1	51	40	449	079363	5:08A
589	WoodBlock Mid	01	0	52	40	450	079372	5:08B
589	WoodBlock Mid	01	1	52	40	450	079372	5:08B
590	WoodBlock Low	01	0	52	40	450	079372	5:08B
590	WoodBlock Low	01	1	52	40	450	079372	5:08B
591	Castanets    	01	0	53	40	451	079381	5:08C
591	Castanets    	01	1	53	40	451	079381	5:08C
592	Claves       	01	0	54	40	452	079390	5:08D
592	Claves       	01	1	54	40	452	079390	5:08D
593	Synth Claves 	01	0	54	40	452	079390	5:08D
593	Synth Claves 	01	1	54	40	452	079390	5:08D
594	Slap 1       	01	0	55	40	453	07939F	5:081
594	Slap 1       	01	1	55	40	453	07939F	5:081
595	Slap 3       	01	0	55	40	453	07939F	5:081
595	Slap 3       	01	1	55	40	453	07939F	5:081
596	Scratch 1    	01	0	56	40	454	0793AE	4:0A7
596	Scratch 1    	01	1	56	40	454	0793AE	4:0A7
597	Scratch 3    	01	0	56	41	455	0793BD	4:0A6
597	Scratch 3    	01	1	56	41	455	0793BD	4:0A6
598	Zap 1        	01	0	6D	40	481	079543	5:08F
598	Zap 1        	01	1	6D	40	481	079543	5:08F
599	Wave 1       	21	0	58	40	457	0793DB	4:0AD
599	Wave 1       	21	1	58	40	457	0793DB	4:0AD
600	Applause 1   	21	0	59	40	462	079426	4:0B5
600	Applause 1   	21	1	59	40	462	079426	4:0B5
601	Helicopter   	21	0	5B	40	466	079462	4:0B3
601	Helicopter   	21	1	5B	40	466	079462	4:0B3
602	Train        	21	0	5B	40	466	079462	4:0B3
602	Train        	21	1	5B	40	466	079462	4:0B3
603	Gun Shot     	01	0	5D	40	468	079480	4:0B4
603	Gun Shot     	01	1	5D	40	468	079480	4:0B4
604	Explosion    	01	0	5D	40	468	079480	4:0B4
604	Explosion    	01	1	5D	40	468	079480	4:0B4
605	Wind         	21	0	5F	40	470	07949E	0:0D4
605	Wind         	21	1	5F	40	470	07949E	0:0D4
606	Bird 3       	01	0	60	42	472	0794BC	4:0AC
606	Bird 3       	01	1	60	42	472	0794BC	4:0AC
607	Pick Noise 4 	01	0	62	41	475	0794E9	3:061
607	Pick Noise 4 	01	1	62	41	475	0794E9	3:061
608	Pick Noise 3 	01	0	62	44	478	079516	3:086
608	Pick Noise 3 	01	1	62	44	478	079516	3:086
609	Fret Noise   	01	0	63	40	479	079525	3:05F
609	Fret Noise   	01	1	63	40	479	079525	3:05F
