set_idx	sub_addr	region_off	flags	stride	ptrA	ptrB	ptrC	kmin	kmax	root	basepitch	n_zones	zones(lo-hi:class:entry)	finetune(E:hex)
0	077914	57914	80	6	07B09D	07B0C4	07AF1D	0C	78	42	4280	17	0-35:7:000;36-39:7:001;40-43:7:002;44-47:7:003;48-51:7:004;52-55:7:005;56-59:7:006;60-63:7:007;64-67:7:017;68-71:7:018;72-75:7:019;76-79:7:01A;80-83:7:01B;84-87:7:01C;88-91:7:01D;92-95:7:01E;96-127:7:01F	0:00f7cef2;1:00ee4ef9;2:00f7bdf4;3:00f270f0;4:00ee68f8;5:00f45df5;6:00e924f1;7:00f041f8;8:00f141f8;9:00eb6cf5;10:00f3a4f0;11:00f42df9;12:00f826f6;13:00f133f2;14:00f934f8;15:00ef42f4;16:00f747f2
1	077923	57923	80	6	07DD2E	07DD55	07AF1D	0C	78	42	4280	16	0-35:7:000;36-39:7:001;40-43:7:002;44-47:7:003;48-51:7:004;52-55:7:005;56-59:7:006;60-63:7:007;64-67:7:008;68-71:7:009;72-75:7:00A;76-79:7:00B;80-83:7:00C;84-87:7:00D;88-91:7:00E;92-127:7:00F	0:00f7cef2;1:00ee4ef9;2:00f7bdf4;3:00f270f0;4:00ee68f8;5:00f45df5;6:00e924f1;7:00f041f8;8:00ea6cf5;9:00efa4f0;10:00f12df9;11:00f326f6;12:00f033f2;13:00f134f8;14:00ed42f4;15:00f347f2
2	077932	57932	80	6	081203	08122A	07AF1D	0C	78	42	4280	16	0-35:7:010;36-39:7:011;40-43:7:012;44-47:7:013;48-51:7:014;52-55:7:015;56-59:7:016;60-63:7:017;64-67:7:018;68-71:7:019;72-75:7:01A;76-79:7:01B;80-83:7:01C;84-87:7:01D;88-91:7:01E;92-127:7:01F	0:00efcef2;1:00ec4ef9;2:00f3bdf4;3:00ee70f0;4:00eb68f8;5:00e95df5;6:00ee24f1;7:00f141f8;8:00eb6cf5;9:00f3a4f0;10:00f42df9;11:00f826f6;12:00f133f2;13:00f934f8;14:00ef42f4;15:00f747f2
3	077941	57941	80	6	081BF4	081C03	07AD9D	0C	60	42	4280	1	0-127:4:099	0:00f01d02
4	077950	57950	80	6	07B12A	07B151	07AF1D	0C	78	42	4280	17	0-35:7:010;36-39:7:010;40-43:7:011;44-47:7:012;48-51:7:013;52-55:7:014;56-59:7:015;60-63:7:016;64-67:7:017;68-71:7:018;72-75:7:019;76-79:7:01A;80-83:7:01B;84-87:7:01C;88-91:7:01D;92-95:7:01E;96-127:7:01F	0:00efcef2;1:00efcef2;2:00ec4ef9;3:00f3bdf4;4:00ee70f0;5:00eb68f8;6:00e95df5;7:00ee24f1;8:00f141f8;9:00eb6cf5;10:00f3a4f0;11:00f42df9;12:00f826f6;13:00f133f2;14:00f934f8;15:00ef42f4;16:00f747f2
5	07795F	5795F	80	6	07DDB5	07DDDC	07AF1D	0C	78	42	4280	17	0-35:7:000;36-39:7:000;40-43:7:001;44-47:7:002;48-51:7:003;52-55:7:004;56-59:7:005;60-63:7:006;64-67:7:007;68-71:7:008;72-75:7:009;76-79:7:00A;80-83:7:00B;84-87:7:00C;88-91:7:00D;92-95:7:00E;96-127:7:00F	0:00f7cef2;1:00f7cef2;2:00ee4ef9;3:00f7bdf4;4:00f270f0;5:00ee68f8;6:00f45df5;7:00e924f1;8:00f041f8;9:00ea6cf5;10:00efa4f0;11:00f12df9;12:00f326f6;13:00f033f2;14:00f134f8;15:00ed42f4;16:00f347f2
6	07796E	5796E	80	6	08059C	08060C	07B01D	0C	78	42	4280	11	0-39:2:001;40-44:2:002;45-51:2:003;52-57:2:004;58-63:2:005;64-69:2:006;70-74:2:007;75-79:2:008;80-86:2:009;87-92:2:00A;93-127:2:00B	0:00f9eafc;1:00f91ff9;2:00f728fe;3:00f81bf7;4:00f50efe;5:00fa11f8;6:00001afe;7:00fd06f9;8:000310f3;9:000215f9;10:00fc1af3
7	07797D	5797D	80	6	081C09	081C18	07AD9D	18	56	42	4280	1	0-127:4:09A	0:00fc1dec
8	07798C	5798C	80	6	07B1B7	07B227	07B01D	0C	6C	42	4280	8	0-45:2:00C;46-50:2:00D;51-56:2:00E;57-63:2:00F;64-69:2:010;70-76:2:011;77-84:2:012;85-127:2:013	0:00f369fe;1:00f296fe;2:00f6def9;3:00f446ff;4:00f977f8;5:00fa19fe;6:00fa0af5;7:00f64800
9	07799B	5799B	00	4	07B257	07B2C7	07B01D	0C	72	42	4280	14	0-23:2:053;24-35:2:053;36-43:2:052;44-47:2:055;48-50:2:054;51-57:2:056;58-59:2:058;60-65:2:057;66-71:2:059;72-74:2:05A;75-80:2:05B;81-83:2:05C;84-95:2:05D;96-127:2:05E	0:80f4;1:00f4;2:00f4;3:00ee;4:00ee;5:00fb;6:00f9;7:00f9;8:00fa;9:00fa;10:00fe;11:00fc;12:00fc;13:00fc
10	0779AA	579AA	00	4	08064E	0806BE	07B01D	0C	72	42	4280	14	0-23:2:060;24-35:2:060;36-43:2:05F;44-47:2:062;48-50:2:061;51-57:2:063;58-59:2:065;60-65:2:064;66-71:2:066;72-74:2:067;75-80:2:068;81-83:2:069;84-95:2:06A;96-127:2:06B	0:80f3;1:00f3;2:00f3;3:00fd;4:00fd;5:00f8;6:00fb;7:00fb;8:00f6;9:00f6;10:00f6;11:00fe;12:00fe;13:00fe
11	0779B9	579B9	00	4	07B2FF	07B36F	07B01D	0C	72	42	4280	10	0-23:2:025;24-35:2:025;36-47:2:024;48-59:2:026;60-71:2:027;72-83:2:028;84-95:2:029;96-107:2:02A;108-108:2:02B;109-127:2:01B	0:80eb;1:00eb;2:00eb;3:00ef;4:00f2;5:00e7;6:00f7;7:00f7;8:00f7;9:00f2
12	0779C8	579C8	00	4	07DE42	07DEB2	07B01D	0C	6F	42	4280	16	0-23:2:044;24-35:2:044;36-40:2:043;41-46:2:045;47-47:2:047;48-52:2:046;53-57:2:048;58-59:2:04A;60-63:2:049;64-70:2:04B;71-71:2:04D;72-76:2:04C;77-82:2:04E;83-83:2:050;84-95:2:04F;96-127:2:051	0:80f0;1:00f0;2:00f0;3:00ef;4:00f2;5:00f2;6:00fa;7:00f5;8:00f5;9:00fc;10:00f6;11:00f6;12:00fc;13:00fe;14:00fe;15:00fe
13	0779D7	579D7	00	4	07F24F	07F25E	07AD9D	0C	72	42	4280	9	0-23:2:015;24-35:2:015;36-47:2:014;48-59:2:016;60-71:2:017;72-83:2:018;84-95:2:019;96-107:2:01A;108-127:2:01B	0:80eb;1:00eb;2:00eb;3:00e5;4:00ee;5:00ea;6:00f2;7:00f2;8:00f2
14	0779E6	579E6	00	4	07FE3B	07FEAB	07B01D	0C	6F	42	4280	16	0-23:2:035;24-35:2:035;36-40:2:034;41-46:2:036;47-47:2:038;48-52:2:037;53-57:2:039;58-59:2:03A;60-63:2:03B;64-70:2:03C;71-71:2:03E;72-76:2:03D;77-82:2:03F;83-83:2:041;84-95:2:040;96-127:2:042	0:80f7;1:00f7;2:00f7;3:00f2;4:00f7;5:00f7;6:00f2;7:00f6;8:00f6;9:00fb;10:00fc;11:00fc;12:0000;13:00fa;14:00fa;15:00fa
15	0779F5	579F5	00	4	0806F6	080766	07B01D	0C	72	42	4280	10	0-23:2:01D;24-35:2:01D;36-47:2:01C;48-59:2:01E;60-71:2:01F;72-83:2:020;84-95:2:021;96-107:2:022;108-108:2:023;109-127:2:01B	0:80ed;1:00ed;2:00ed;3:00ec;4:00ee;5:00ed;6:00f9;7:00f9;8:00f9;9:00f2
16	077A04	57A04	00	4	08184B	0818BB	07B01D	0C	72	42	4280	10	0-23:2:02D;24-35:2:02D;36-47:2:02C;48-59:2:02E;60-71:2:02F;72-83:2:030;84-95:2:031;96-107:2:032;108-108:2:033;109-127:2:01B	0:80ed;1:00ed;2:00ed;3:00f2;4:00ec;5:00e6;6:00f6;7:00f6;8:00f6;9:00f2
17	077A13	57A13	00	4	081C1E	081C2D	07AD9D	0E	5C	42	4280	1	0-127:4:09D	0:00f2
18	077A22	57A22	01	4	082518	082527	07AD9D	0E	5C	42	4280	1	0-127:4:09E	0:00f2
19	077A31	57A31	00	4	07B397	07B3BE	07AF1D	0C	78	42	4280	7	0-59:2:077;60-71:2:078;72-83:2:079;84-87:2:07A;88-95:2:07B;96-107:2:07C;108-127:2:072	0:90f8;1:00f7;2:00f6;3:00f6;4:00f0;5:00f0;6:00f2
20	077A40	57A40	00	4	07DEF2	07DF62	07B01D	0C	78	42	4280	8	0-47:2:081;48-59:2:081;60-65:2:082;66-77:2:082;78-90:2:083;91-95:2:07B;96-107:2:07C;108-127:2:072	0:80f1;1:00f1;2:00ef;3:c0ef;4:c0f0;5:00f0;6:00f0;7:00f2
21	077A4F	57A4F	80	6	07F282	07F2A9	07AF1D	0C	6C	42	4280	4	0-63:2:084;64-75:2:086;76-87:2:088;88-127:2:08A	0:00f946ff;1:00f8b7fc;2:00f5d7f9;3:00f10000
22	077A5E	57A5E	00	4	08078E	0807B5	07AF1D	0C	78	42	4280	7	0-59:2:06C;60-71:2:06D;72-83:2:06E;84-87:2:06F;88-95:2:070;96-107:2:071;108-127:2:072	0:90f3;1:00f3;2:00f2;3:00f2;4:00f2;5:00f2;6:00f2
23	077A6D	57A6D	00	4	08128A	0812B1	07AF1D	0C	78	42	4280	7	0-59:2:073;60-71:2:074;72-83:2:075;84-87:2:076;88-95:2:070;96-107:2:071;108-127:2:072	0:90f4;1:00f3;2:00f3;3:00f3;4:00f2;5:00f2;6:00f2
24	077A7C	57A7C	00	4	0818E3	08190A	07AF1D	0C	78	42	4280	7	0-59:2:07D;60-71:2:07E;72-83:2:07F;84-87:2:080;88-95:2:07B;96-107:2:07C;108-127:2:072	0:90f5;1:00f5;2:00f3;3:00f3;4:00f0;5:00f0;6:00f2
25	077A8B	57A8B	00	4	07B3DA	07B44A	07B01D	0C	78	42	4280	7	0-71:3:0EE;72-83:3:0EE;84-95:3:0EF;96-104:3:0F0;105-107:2:09B;108-115:2:09C;116-127:1:094	0:80f5;1:00f5;2:00f5;3:00f5;4:00f4;5:00f4;6:00eb
26	077A9A	57A9A	00	4	081C31	081C40	07AD9D	0C	4E	42	4280	1	0-127:4:09B	0:00fa
27	077AA9	57AA9	00	4	082300	08230F	07AD9D	0C	4E	42	4280	1	0-127:4:09C	0:00fa
28	077AB8	57AB8	00	4	07B466	07B48D	07AF1D	0C	6C	42	4280	12	0-39:1:082;40-43:1:082;44-47:1:082;48-51:1:082;52-55:1:082;56-59:1:082;60-63:1:083;64-67:1:084;68-71:1:085;72-83:1:086;84-95:1:087;96-127:1:088	0:80e6;1:80ea;2:80ee;3:00f2;4:00f6;5:00fa;6:00f6;7:00f6;8:00fa;9:00fa;10:00fa;11:00fa
29	077AC7	57AC7	00	4	07B4BD	07B52D	07B01D	0C	78	42	4280	9	0-59:2:097;60-71:2:097;72-83:2:096;84-89:2:098;90-95:2:099;96-99:2:09A;100-107:2:09B;108-115:2:09C;116-127:1:094	0:80f8;1:00f8;2:00f8;3:00f5;4:00f8;5:00f8;6:00f4;7:00f4;8:00eb
30	077AD6	57AD6	00	4	07B551	07B56A	07AE1D	0C	6F	42	4280	7	0-47:2:09D;48-59:2:09D;60-65:2:09E;66-71:2:09F;72-83:2:0A0;84-95:2:0A1;96-127:2:0A2	0:80f4;1:00f4;2:00f0;3:00fd;4:0000;5:0000;6:0000
31	077AE5	57AE5	00	4	07B586	07B59F	07AE1D	0C	72	42	4280	8	0-59:2:0A4;60-71:2:0A4;72-77:2:0A3;78-83:2:0A5;84-89:2:0A6;90-95:2:0A7;96-107:2:0A8;108-127:2:0A9	0:80f7;1:00f7;2:00f7;3:00f6;4:00f5;5:00f3;6:00f3;7:00f3
32	077AF4	57AF4	00	4	07B5BF	07B62F	07B01D	0C	78	42	4280	13	0-47:1:089;48-59:1:089;60-63:1:089;64-69:1:08B;70-71:1:08D;72-76:1:08C;77-83:1:08E;84-84:1:08F;85-91:1:090;92-95:1:091;96-98:1:092;99-107:1:093;108-127:1:094	0:80f1;1:80f1;2:00f1;3:00f7;4:00fe;5:00fe;6:00fc;7:00fc;8:00fa;9:00f7;10:00f7;11:00f3;12:00f3
33	077B03	57B03	80	6	081C44	081C53	07AD9D	0C	64	42	4280	1	0-127:4:0A2	0:80f1a0ff
34	077B12	57B12	80	6	082313	082322	07AD9D	0C	64	42	4280	1	0-127:4:0A1	0:80f1a0ff
35	077B21	57B21	00	4	07B663	07B672	07AD9D	0C	78	42	4280	7	0-47:2:0B3;48-59:2:0B3;60-71:2:0B2;72-83:2:0B4;84-95:2:0B5;96-107:2:0B6;108-127:2:0B7	0:80fd;1:00fd;2:00fd;3:00fd;4:00fd;5:00fd;6:00fd
36	077B30	57B30	01	4	07B68E	07B6B5	07AF1D	0C	66	42	4280	2	0-79:2:0AE;80-127:2:0AF	0:9000;1:9000
37	077B3F	57B3F	00	4	07DF82	07DFF2	07B01D	0C	78	42	4280	6	0-83:2:0B0;84-95:2:0B0;96-98:2:0B0;99-107:2:0B1;108-108:2:0B1;109-127:1:094	0:80fa;1:00fa;2:f0fa;3:00e9;4:f0e9;5:00db
38	077B4E	57B4E	80	6	0807D1	080841	07B01D	0C	78	42	4280	5	0-96:2:0B8;97-98:2:0B0;99-107:2:0B1;108-108:2:0B1;109-127:1:094	0:80fd55ec;1:f0f60000;2:00e50000;3:f0e50000;4:00d70000
39	077B5D	57B5D	00	4	07B6BD	07B6D6	07AE1D	0C	66	42	4280	6	0-59:2:0AA;60-65:2:0AA;66-71:2:0AB;72-83:2:0AC;84-95:2:0AC;96-127:2:0AD	0:80f9;1:00f9;2:00ff;3:80ff;4:00ff;5:00ff
40	077B6C	57B6C	80	6	081C59	081C68	07AD9D	0C	72	42	4280	1	0-127:1:0B0	0:00fb000c
41	077B7B	57B7B	00	4	07B6EE	07B75E	07B01D	0C	72	42	4280	16	0-23:1:072;24-35:1:072;36-45:1:071;46-47:1:074;48-51:1:073;52-59:1:075;60-65:1:076;66-70:1:077;71-71:1:079;72-76:1:078;77-83:1:07A;84-93:1:07B;94-95:1:06A;96-101:1:06D;102-107:1:06F;108-127:1:070	0:80ec;1:00ec;2:00ec;3:00ec;4:00ec;5:00eb;6:00f2;7:00f0;8:00fa;9:00fa;10:00f8;11:00f8;12:00fa;13:00ed;14:00e2;15:00e2
42	077B8A	57B8A	00	4	07F2C1	07F331	07B01D	0C	72	42	4280	15	0-23:1:061;24-35:1:061;36-45:1:060;46-47:1:063;48-51:1:062;52-59:1:064;60-65:1:065;66-70:1:066;71-71:1:068;72-76:1:067;77-83:1:069;84-95:1:06A;96-101:1:06D;102-107:1:06F;108-127:1:070	0:80ef;1:00ef;2:00ef;3:00f2;4:00f2;5:00f3;6:00f6;7:00f8;8:00f8;9:00f8;10:00fa;11:00fa;12:00ed;13:00e2;14:00e2
43	077B99	57B99	80	6	081C6E	081C7D	07AD9D	0C	72	42	4280	1	0-127:3:061	0:80f9000c
44	077BA8	57BA8	80	6	082328	082337	07AD9D	0C	72	42	4280	1	0-127:3:060	0:80fc000c
45	077BB7	57BB7	00	4	07B79E	07B80E	07B01D	0C	72	42	4280	12	0-35:2:08D;36-47:2:08C;48-53:2:08E;54-58:2:08F;59-59:2:091;60-65:2:090;66-71:2:092;72-77:2:093;78-83:2:094;84-101:2:095;102-107:1:06F;108-127:1:070	0:80fb;1:00fb;2:00fd;3:00fa;4:00fd;5:00fd;6:00f6;7:00f7;8:00f9;9:00f9;10:00e6;11:00e6
46	077BC6	57BC6	00	4	081C83	081C92	07AD9D	11	78	42	4280	1	0-127:3:086	0:80f6
47	077BD5	57BD5	00	4	081C96	081CA5	07AD9D	0C	78	42	4280	1	0-127:3:02A	0:8000
48	077BE4	57BE4	00	4	081CA9	081CB8	07AD9D	0C	78	42	4280	1	0-127:3:02B	0:8000
49	077BF3	57BF3	02	4	07B83E	07B8AE	07B01D	0C	71	08	417F	8	0-47:3:000;48-59:3:001;60-71:3:002;72-83:3:003;84-91:3:003;92-95:3:040;96-102:3:041;103-127:3:048	0:d0ff;1:a0fc;2:80fd;3:80f9;4:00f9;5:00f6;6:00f6;7:d0ed
50	077C02	57C02	02	4	07E00A	07E07A	07B01D	0C	66	08	417F	11	0-23:3:006;24-35:3:006;36-47:3:005;48-53:3:007;54-59:3:008;60-66:3:009;67-71:3:00A;72-73:3:00B;74-83:3:00C;84-95:3:00D;96-127:3:00E	0:8000;1:0000;2:0000;3:00fb;4:00fc;5:00fa;6:00fb;7:00fb;8:00f9;9:00f9;10:00f9
51	077C11	57C11	00	4	08085F	0808CF	07B01D	0C	66	42	4280	10	0-35:3:018;36-47:3:018;48-54:3:019;55-59:3:01A;60-60:3:01B;61-66:3:01C;67-71:3:01D;72-83:3:01E;84-95:3:01F;96-127:3:020	0:80fd;1:00fd;2:00fd;3:00fd;4:00fd;5:00f5;6:00fa;7:00fa;8:00fa;9:00fa
52	077C20	57C20	02	4	07B8CE	07B93E	07B01D	0C	71	08	417F	13	0-35:3:010;36-47:3:010;48-51:3:00F;52-57:3:011;58-59:3:013;60-63:3:012;64-69:3:014;70-71:3:016;72-83:3:015;84-91:3:017;92-95:3:040;96-102:3:041;103-127:3:048	0:80fc;1:00fc;2:00fc;3:00fe;4:00ff;5:00ff;6:00fd;7:00ff;8:00ff;9:00ff;10:00fa;11:00fa;12:d0f1
53	077C2F	57C2F	80	6	081CBC	081CCB	07AD9D	0C	72	42	4280	1	0-127:3:05F	0:80f2000c
54	077C3E	57C3E	00	4	07B972	07B9E2	07B01D	0C	72	42	4280	14	0-35:3:02E;36-42:3:02E;43-47:3:02F;48-52:3:030;53-57:3:031;58-59:3:032;60-61:3:033;62-66:3:034;67-71:3:035;72-83:3:036;84-89:3:037;90-101:2:095;102-107:1:06F;108-127:1:070	0:80fb;1:00fb;2:00fc;3:00f8;4:00f7;5:00f8;6:00f8;7:00f7;8:00f9;9:00f9;10:00f9;11:00f5;12:00e2;13:00e2
55	077C4D	57C4D	80	6	081CD1	081CE0	07AD9D	0C	72	42	4280	1	0-127:4:0A8	0:00fbc40a
56	077C5C	57C5C	80	6	08233D	08234C	07AD9D	0C	72	42	4280	1	0-127:4:0A9	0:00fbc40a
57	077C6B	57C6B	80	6	08249C	0824AB	07AD9D	0C	6C	42	4280	1	0-127:4:0AA	0:00fbc40a
58	077C7A	57C7A	80	6	081CE6	081CF5	07AD9D	0C	6C	42	4280	1	0-127:4:0A7	0:00f9c40a
59	077C89	57C89	80	6	082352	082361	07AD9D	0C	6C	42	4280	1	0-127:4:0A6	0:00fdc40a
60	077C98	57C98	80	6	08252B	08253A	07AD9D	0C	6C	42	4280	1	0-127:5:08F	0:00fb4107
61	077CA7	57CA7	02	4	07BA1A	07BA8A	07B01D	0C	6F	10	417F	11	0-47:3:049;48-49:3:04A;50-54:3:04B;55-59:3:04C;60-61:3:04D;62-67:3:04E;68-71:3:04F;72-72:3:050;73-83:3:051;84-95:3:052;96-127:3:053	0:0001;1:0001;2:0000;3:00ff;4:00ff;5:0001;6:0000;7:0000;8:0003;9:0003;10:0003
62	077CB6	57CB6	80	6	081CFB	081D22	07AF9D	0C	78	42	4280	14	0-35:6:028;36-41:6:028;42-47:6:030;48-53:6:038;54-56:6:038;57-59:6:040;60-65:6:048;66-77:6:050;78-83:6:058;84-95:6:060;96-101:6:068;102-107:6:068;108-113:6:068;114-127:6:068	0:b0df0029;1:b0df001d;2:b0f40014;3:b0e70011;4:b0e70011;5:b0f60007;6:b0f10000;7:b0f900f8;8:b0ee00f4;9:b0f500ea;10:b0d900df;11:b0d900df;12:b0d900df;13:b0d900df
63	077CC5	57CC5	02	4	07BAB6	07BACF	07AE1D	0C	71	10	417F	7	0-41:3:042;42-47:3:043;48-53:3:044;54-59:3:045;60-71:3:046;72-77:3:047;78-127:3:048	0:b0ff;1:e0fc;2:a000;3:e0ff;4:90fc;5:a0fc;6:d0f5
64	077CD4	57CD4	02	4	07E0A6	07E116	07B01D	0C	71	10	417F	12	0-35:3:038;36-47:3:038;48-53:3:039;54-59:3:03A;60-60:3:03B;61-68:3:03C;69-71:3:03D;72-74:3:03E;75-83:3:03F;84-95:3:040;96-102:3:041;103-127:3:048	0:80f8;1:00f8;2:00fc;3:00fc;4:00fc;5:00fc;6:0000;7:0000;8:00fe;9:00fe;10:00fe;11:d0f5
65	077CE3	57CE3	00	4	081D76	081D85	07AD9D	0C	78	42	4280	1	0-127:4:0A5	0:80f3
66	077CF2	57CF2	02	4	07BAEB	07BB5B	07B01D	0C	72	00	417F	15	0-35:3:054;36-47:3:054;48-49:3:055;50-55:3:056;56-59:3:057;60-61:3:058;62-67:3:059;68-71:3:05A;72-73:3:05B;74-83:3:05C;84-93:3:05D;94-95:1:06A;96-101:1:06D;102-107:1:06F;108-127:1:070	0:80fe;1:00fe;2:00fe;3:0000;4:00fc;5:00fc;6:00fa;7:00fe;8:00fe;9:00f6;10:00f6;11:00f6;12:00e9;13:00de;14:00de
67	077D01	57D01	02	4	07E146	07E1B6	07B01D	0C	72	00	417F	12	0-35:3:06A;36-47:3:06A;48-52:3:06B;53-57:3:06C;58-59:3:06D;60-62:3:06D;63-71:3:06F;72-83:3:070;84-93:3:071;94-101:2:095;102-107:1:06F;108-127:1:070	0:80fb;1:00fb;2:00fd;3:0000;4:f0ff;5:f0ff;6:00fa;7:00fa;8:00f2;9:00f9;10:00e6;11:00e6
68	077D10	57D10	02	4	07F36D	07F3DD	07B01D	0C	72	00	417F	14	0-35:3:072;36-47:3:072;48-49:3:073;50-54:3:074;55-59:3:075;60-61:3:076;62-68:3:077;69-71:3:078;72-73:3:079;74-83:3:07A;84-95:3:07B;96-101:3:07C;102-107:1:06F;108-127:1:070	0:80f8;1:00f8;2:00f8;3:00f7;4:00f8;5:00f8;6:00ff;7:00fe;8:00fe;9:00fd;10:00fd;11:00fd;12:00e6;13:00e6
69	077D1F	57D1F	00	4	081D89	081D98	07AD9D	0C	78	42	4280	1	0-127:4:0A0	0:00d5
70	077D2E	57D2E	00	4	07E1E6	07E256	07B01D	0C	6F	42	4280	4	0-71:3:0B3;72-78:3:0B4;79-91:3:0B5;92-127:3:0B6	0:e0f5;1:90fd;2:f0f1;3:f0ee
71	077D3D	57D3D	00	4	07F415	07F485	07B01D	0C	72	42	4280	15	0-35:3:0A9;36-45:3:0A9;46-47:3:0AB;48-50:3:0AA;51-56:3:0AC;57-59:3:0AD;60-62:3:0AE;63-68:3:0AF;69-71:3:0B1;72-83:3:0B0;84-84:3:0B2;85-91:1:080;92-101:1:081;102-107:1:06F;108-127:1:070	0:80f7;1:00f7;2:00f7;3:00f7;4:00fb;5:00f8;6:00f8;7:00fa;8:00fc;9:00fc;10:00fc;11:90f3;12:90ec;13:00ea;14:00ea
72	077D4C	57D4C	00	4	07FEEB	07FF5B	07B01D	0C	78	42	4280	10	0-47:3:021;48-59:3:021;60-64:3:022;65-69:3:023;70-71:3:024;72-73:3:025;74-83:3:026;84-95:3:027;96-107:3:028;108-127:3:029	0:80fe;1:00fe;2:00fd;3:00f9;4:00fb;5:00fb;6:00f8;7:00f8;8:00f8;9:00f8
73	077D5B	57D5B	02	4	07BB97	07BBB0	07AE1D	0C	71	00	417F	10	0-35:3:062;36-47:3:062;48-53:3:063;54-59:3:064;60-65:3:065;66-71:3:066;72-83:3:067;84-95:3:068;96-101:3:069;102-127:3:048	0:80fc;1:00fc;2:00fe;3:00f7;4:00f7;5:00f6;6:00f4;7:00f4;8:00f4;9:d0dd
74	077D6A	57D6A	02	4	07BBD8	07BC48	07B01D	0C	72	10	417F	13	0-35:3:07D;36-47:3:07D;48-53:3:07E;54-59:3:07F;60-65:3:080;66-71:3:081;72-77:3:082;78-83:3:083;84-95:3:084;96-96:3:085;97-101:1:06D;102-107:1:06F;108-127:1:070	0:80fe;1:00fe;2:00fc;3:00f9;4:0002;5:00f8;6:00fb;7:00f4;8:00f4;9:00f4;10:00e5;11:00da;12:00da
75	077D79	57D79	02	4	07F4C1	07F531	07B01D	0C	72	10	417F	14	0-35:3:087;36-47:3:087;48-48:3:088;49-52:3:089;53-56:3:08A;57-59:3:08B;60-63:3:08C;64-68:3:08D;69-71:3:08E;72-83:3:08F;84-95:3:090;96-103:3:091;104-107:1:06F;108-127:1:070	0:80fb;1:00fb;2:00fb;3:00fd;4:00fd;5:00fd;6:00f8;7:00fc;8:00f8;9:00f8;10:00f8;11:00f8;12:00de;13:00de
76	077D88	57D88	00	4	07BC7C	07BCEC	07B01D	0C	6F	42	4280	11	0-35:3:092;36-47:3:092;48-53:3:096;54-59:3:099;60-65:3:09C;66-71:3:09E;72-77:3:0A1;78-83:3:0A3;84-95:3:0A4;96-97:3:0A5;98-127:3:0C5	0:80fa;1:00fa;2:00f8;3:00fb;4:00fc;5:00fc;6:00ff;7:00f7;8:00f7;9:00f7;10:00f8
77	077D97	57D97	00	4	07BD18	07BD31	07AE1D	0C	6F	42	4280	5	0-41:3:0C6;42-47:3:0C6;48-59:3:0C6;60-101:3:0C7;102-127:3:0C5	0:e0f3;1:e0f7;2:e0fb;3:80f7;4:00ec
78	077DA6	57DA6	02	4	07E266	07E27F	07AE1D	0C	6F	00	417F	7	0-47:3:0B7;48-59:3:0B7;60-65:3:0B8;66-71:3:0B9;72-83:3:0BA;84-101:3:0BB;102-127:3:0C5	0:80fd;1:00fd;2:00ff;3:00fa;4:00fb;5:00fb;6:00f4
79	077DB5	57DB5	00	4	07F569	07F590	07AF9D	0C	6F	42	4280	11	0-35:3:0BC;36-47:3:0BC;48-50:3:0BD;51-56:3:0BE;57-59:3:0BF;60-62:3:0C0;63-68:3:0C1;69-71:3:0C2;72-74:3:0C3;75-83:3:0C4;84-127:3:0C5	0:80f2;1:00f2;2:00f2;3:00f5;4:00fe;5:00fe;6:00f6;7:00f9;8:00f9;9:00f4;10:00f4
80	077DC4	57DC4	00	4	07FF83	07FFF3	07B01D	0C	72	42	4280	12	0-35:3:0C8;36-47:3:0C8;48-48:3:0C9;49-54:3:0CA;55-59:3:0CB;60-60:3:0CC;61-66:3:0CD;67-71:3:0CE;72-72:3:0CF;73-83:3:0D0;84-95:3:0D1;96-127:3:0D2	0:80f6;1:00f6;2:00f6;3:00f8;4:00f7;5:00f7;6:00f8;7:00f8;8:00f8;9:00f7;10:00f7;11:00f7
81	077DD3	57DD3	00	4	081D9C	081DAB	07AD9D	0C	78	42	4280	1	0-127:4:0A3	0:80f3
82	077DE2	57DE2	00	4	082540	08254F	07AD9D	10	78	42	4280	1	0-127:4:0A4	0:80f8
83	077DF1	57DF1	00	4	07BD45	07BDB5	07B01D	0C	6D	42	4280	12	0-23:3:0E2;24-35:3:0E2;36-47:3:0E1;48-49:3:0E3;50-54:3:0E4;55-59:3:0E5;60-65:3:0E6;66-71:3:0E7;72-77:3:0E8;78-83:3:0E9;84-95:3:0EA;96-127:3:0EB	0:80f4;1:00f4;2:00f4;3:00f4;4:00f3;5:00f8;6:00f7;7:00f4;8:00fa;9:00f6;10:00fb;11:00fb
84	077E00	57E00	80	6	081DAF	081DBE	07AD9D	0C	6C	42	4280	1	0-127:5:022	0:0001c40a
85	077E0F	57E0F	80	6	082367	082376	07AD9D	0C	6C	42	4280	1	0-127:5:02B	0:00fec40a
86	077E1E	57E1E	00	4	07BDE5	07BE55	07B01D	0C	72	42	4280	11	0-47:3:0D3;48-57:3:0D3;58-59:3:0D5;60-65:3:0D4;66-71:3:0D6;72-83:3:0D7;84-91:3:0D8;92-96:3:100;97-101:3:0F9;102-107:1:06F;108-127:1:070	0:80ff;1:00ff;2:00fc;3:00fc;4:00fb;5:00f8;6:00f8;7:00fb;8:00f0;9:00e0;10:00e0
87	077E2D	57E2D	80	6	08237C	08238B	07AD9D	11	72	42	4280	1	0-127:5:078	0:00f13c0c
88	077E3C	57E3C	80	6	082391	0823A0	07AD9D	0C	6C	42	4280	1	0-127:5:02A	0:00fcc40a
89	077E4B	57E4B	80	6	0824B1	0824C0	07AD9D	0C	6C	42	4280	1	0-127:5:029	0:00fdc40a
90	077E5A	57E5A	00	4	07BE81	07BEA8	07AF9D	0C	72	42	4280	12	0-35:3:0DB;36-47:3:0DB;48-59:3:0DA;60-68:3:0DC;69-71:3:0DE;72-77:3:0DD;78-83:3:0DF;84-92:3:0E0;93-95:3:110;96-101:3:111;102-107:1:06F;108-127:1:070	0:80fa;1:00fa;2:00fa;3:00fc;4:00fe;5:00fe;6:00f3;7:00f3;8:00ef;9:00ef;10:00e2;11:00e2
91	077E69	57E69	00	4	0808F7	080967	07B01D	0C	72	42	4280	13	0-35:3:133;36-47:3:133;48-54:3:132;55-59:3:134;60-64:3:135;65-70:3:136;71-71:3:138;72-76:3:137;77-83:3:139;84-95:3:13A;96-101:3:13B;102-107:1:06F;108-127:1:070	0:80fe;1:00fe;2:00fe;3:00fe;4:00fd;5:00fa;6:00f8;7:00f8;8:00f8;9:00f8;10:00f8;11:00e6;12:00e6
92	077E78	57E78	80	6	081DC4	081DD3	07AD9D	0C	6C	42	4280	1	0-127:5:028	0:00ffc40a
93	077E87	57E87	00	4	07BED8	07BF48	07B01D	0C	72	42	4280	11	0-47:3:0FA;48-56:3:0FA;57-59:3:0FB;60-60:3:0FC;61-66:3:0FD;67-71:3:0FE;72-83:3:0FF;84-96:3:100;97-101:3:0F9;102-107:1:06F;108-127:1:070	0:80fb;1:00fb;2:00fc;3:00fc;4:00f9;5:00fb;6:00fb;7:00fb;8:00f0;9:00e0;10:00e0
94	077E96	57E96	00	4	07BF74	07BFE4	07B01D	0C	72	42	4280	12	0-35:3:0F2;36-47:3:0F2;48-53:3:0F1;54-59:3:0F3;60-65:3:0F4;66-71:3:0F5;72-76:3:0F6;77-83:3:0F7;84-95:3:0F8;96-101:3:0F9;102-107:1:06F;108-127:1:070	0:80f3;1:00f3;2:00f3;3:00f7;4:00fa;5:00fa;6:00fd;7:00f8;8:00f8;9:00f8;10:00e6;11:00e6
95	077EA5	57EA5	80	6	081DD9	081DE8	07AD9D	0C	78	42	4280	1	0-127:5:02F	0:00f0bb04
96	077EB4	57EB4	00	4	07C014	07C02D	07AE1D	0C	72	42	4280	9	0-47:3:104;48-53:3:104;54-59:3:105;60-71:3:106;72-83:3:108;84-95:1:06A;96-101:1:06D;102-107:1:06F;108-127:1:070	0:80ff;1:00ff;2:00ea;3:00f5;4:00f3;5:00f2;6:00e5;7:00da;8:00da
97	077EC3	57EC3	00	4	07E29B	07E30B	07B01D	0C	72	42	4280	12	0-47:3:10A;48-59:3:10A;60-64:3:109;65-68:3:10B;69-71:3:10C;72-72:3:10D;73-77:3:10E;78-83:3:10F;84-95:3:110;96-101:3:111;102-107:1:06F;108-127:1:070	0:80f8;1:00f8;2:00f8;3:00f9;4:00fe;5:00fe;6:00fb;7:00f6;8:00f3;9:00f3;10:00e6;11:00e6
98	077ED2	57ED2	80	6	0823A6	0823B5	07AD9D	0C	6C	42	4280	1	0-127:5:079	0:00f43c0c
99	077EE1	57EE1	00	4	07C051	07C060	07AD9D	0C	6C	42	4280	4	0-71:3:101;72-83:3:101;84-95:3:102;96-127:3:103	0:80f8;1:00f8;2:00f8;3:00f8
100	077EF0	57EF0	80	6	081DEE	081DFD	07AD9D	0C	78	42	4280	1	0-127:5:037	0:00fabb04
101	077EFF	57EFF	80	6	0824C6	0824D5	07AD9D	0C	78	42	4280	1	0-127:5:036	0:00fabb04
102	077F0E	57F0E	00	4	07C070	07C0E0	07B01D	0C	6C	42	4280	10	0-23:4:0B6;24-35:4:0B6;36-36:4:0B7;37-43:4:0B8;44-47:4:0B9;48-59:4:0BA;60-71:4:0BB;72-83:4:0BC;84-95:4:0BD;96-127:4:0BE	0:80fe;1:00fe;2:00fe;3:00f8;4:00f7;5:00f7;6:00f7;7:00f7;8:00f7;9:00f7
103	077F1D	57F1D	00	4	07E33B	07E3AB	07B01D	0C	66	42	4280	10	0-23:6:016;24-35:6:016;36-40:6:017;41-47:6:019;48-59:6:01A;60-71:6:01B;72-83:6:01C;84-89:6:01D;90-95:5:097;96-127:5:098	0:8000;1:0000;2:00f7;3:00f4;4:00f4;5:00f4;6:00f4;7:00f4;8:00fa;9:00fa
104	077F2C	57F2C	00	4	07F5BC	07F62C	07B01D	0C	66	42	4280	5	0-23:1:0AA;24-35:1:0AA;36-37:1:0AB;38-47:1:0AC;48-127:1:0AD	0:80fc;1:00fc;2:00fc;3:00fc;4:80fc
105	077F3B	57F3B	00	4	080023	080032	07AD9D	0C	66	42	4280	8	0-23:5:093;24-35:5:093;36-47:5:092;48-59:5:094;60-71:5:095;72-83:5:096;84-95:5:097;96-127:5:098	0:80fa;1:00fa;2:00fa;3:00fa;4:00fa;5:00fa;6:00fa;7:00fa
106	077F4A	57F4A	00	4	08099B	080A0B	07B01D	0C	66	42	4280	9	0-23:3:198;24-35:3:198;36-39:3:199;40-47:3:19A;48-59:3:19B;60-71:3:19C;72-83:3:19D;84-96:3:19E;97-127:5:098	0:80ff;1:00ff;2:00ff;3:00fa;4:00fa;5:00fa;6:00fa;7:00fa;8:00fa
107	077F59	57F59	00	4	0812CD	08133D	07B01D	0C	66	42	4280	5	0-23:6:01F;24-35:6:01F;36-47:6:01E;48-96:6:020;97-127:1:0AD	0:80fc;1:00fc;2:00fc;3:80fc;4:80fc
108	077F68	57F68	80	6	081E03	081E12	07AD9D	0C	6C	42	4280	1	0-127:5:05D	0:80f5c40a
109	077F77	57F77	80	6	0823BB	0823CA	07AD9D	0C	78	42	4280	1	0-127:5:03B	0:00f2bb04
110	077F86	57F86	00	4	07C108	07C12F	07AF1D	0C	66	42	4280	9	0-23:3:1A7;24-35:3:1A7;36-47:3:1A6;48-59:3:1A8;60-71:3:1A9;72-83:3:1AA;84-87:3:1AB;88-95:5:097;96-127:5:098	0:80f7;1:00f7;2:00f7;3:00f7;4:00f7;5:00f7;6:00f7;7:00fa;8:00fa
111	077F95	57F95	00	4	07E3D3	07E443	07B01D	0C	66	42	4280	9	0-23:7:020;24-34:7:020;35-35:7:022;36-47:7:021;48-59:7:023;60-71:7:024;72-83:7:025;84-95:7:026;96-127:7:027	0:80fd;1:00fd;2:00fe;3:00fe;4:00fe;5:00fe;6:00fe;7:00fe;8:00fe
112	077FA4	57FA4	00	4	080A2F	080A9F	07B01D	0C	66	42	4280	9	0-35:3:1AD;36-47:3:1AD;48-59:3:1AC;60-71:3:1AE;72-83:3:1AF;84-84:3:1B0;85-87:3:1AB;88-95:5:097;96-127:5:098	0:80f8;1:00f8;2:00f8;3:00f8;4:00f8;5:00f8;6:00f7;7:00fa;8:00fa
113	077FB3	57FB3	00	4	081351	08136A	07AE1D	0C	66	42	4280	8	0-35:7:029;36-47:7:029;48-59:7:028;60-71:7:02A;72-77:7:02B;78-83:7:025;84-95:7:026;96-127:7:027	0:80fc;1:00fc;2:00fc;3:00fc;4:00fc;5:00fe;6:00fe;7:00fe
114	077FC2	57FC2	80	6	081E18	081E27	07AD9D	0C	78	42	4280	1	0-127:5:030	0:00edbb04
115	077FD1	57FD1	00	4	07C153	07C1C3	07B01D	0C	66	42	4280	9	0-23:3:1A0;24-35:3:1A0;36-41:3:19F;42-47:3:1A1;48-59:3:1A2;60-71:3:1A3;72-83:3:1A4;84-84:3:1A5;85-127:3:1B1	0:80fb;1:00fb;2:00fb;3:00f4;4:00f4;5:00f4;6:00f4;7:00f4;8:80f7
116	077FE0	57FE0	00	4	080AC3	080B33	07B01D	0C	66	42	4280	11	0-23:7:020;24-34:7:020;35-35:7:022;36-41:7:021;42-47:7:029;48-59:7:028;60-71:7:02A;72-77:7:02B;78-83:7:025;84-95:7:026;96-127:7:027	0:80fd;1:00fd;2:00fe;3:00fe;4:00fc;5:00fc;6:00fc;7:00fc;8:00fe;9:00fe;10:00fe
117	077FEF	57FEF	00	4	081926	081996	07B01D	0C	66	42	4280	11	0-23:3:1A7;24-35:3:1A7;36-41:3:1A6;42-47:3:1AD;48-59:3:1AC;60-71:3:1AE;72-83:3:1AF;84-84:3:1B0;85-87:3:1AB;88-95:5:097;96-127:5:098	0:80f7;1:00f7;2:00f7;3:00f8;4:00f8;5:00f8;6:00f8;7:00f8;8:00f7;9:00fa;10:00fa
118	077FFE	57FFE	80	6	081E2D	081E3C	07AD9D	0C	68	42	4280	1	0-127:5:03C	0:00fd0016
119	07800D	5800D	00	4	07C1E7	07C20E	07AF9D	0C	66	42	4280	9	0-23:1:099;24-35:1:099;36-38:1:09A;39-47:1:09B;48-59:1:09C;60-71:1:09D;72-83:1:09E;84-95:1:09F;96-127:1:0A0	0:80f9;1:00f9;2:00f9;3:00fe;4:00fe;5:00fe;6:00fe;7:00fe;8:00fe
120	07801C	5801C	00	4	07E467	07E4D7	07B01D	0C	66	42	4280	6	0-23:1:0A1;24-35:1:0A1;36-36:1:0A2;37-42:1:0A3;43-47:1:0A4;48-127:1:0A4	0:80fa;1:00fa;2:00fa;3:00fe;4:00fc;5:f0fc
121	07802B	5802B	00	4	07F640	07F667	07AF1D	0C	66	42	4280	5	0-39:7:02C;40-77:7:02D;78-83:7:02E;84-89:7:02F;90-127:7:030	0:80fd;1:c0fd;2:c0f8;3:c0f7;4:c0f2
122	07803A	5803A	80	6	081E42	081E51	07AD9D	0C	72	42	4280	1	0-127:5:03E	0:00f5000c
123	078049	58049	80	6	0823D0	0823DF	07AD9D	0C	6C	42	4280	1	0-127:5:045	0:00ffc40f
124	078058	58058	00	4	07C232	07C2A2	07B01D	0C	66	42	4280	2	0-84:1:0AF;85-127:1:0AD	0:e0fb;1:80f4
125	078067	58067	00	4	080052	080079	07AF1D	0C	66	42	4280	2	0-87:3:1B2;88-127:3:1B1	0:80fc;1:80ff
126	078076	58076	00	4	080B5F	080BCF	07B01D	0C	66	42	4280	2	0-84:3:1B3;85-127:3:1B1	0:80f6;1:80fb
127	078085	58085	00	4	08138A	0813FA	07B01D	0C	66	42	4280	2	0-84:0:0D5;85-127:3:1B1	0:80f8;1:80fb
128	078094	58094	00	4	0819C2	081A32	07B01D	0C	66	42	4280	9	0-23:5:0A3;24-35:5:0A3;36-47:5:0A2;48-59:5:0A4;60-71:5:0A5;72-83:5:0A6;84-84:5:0A7;85-89:7:02F;90-127:7:030	0:80f3;1:00f3;2:00f3;3:00f3;4:00f3;5:00f3;6:00f3;7:c0fb;8:c0f6
129	0780A3	580A3	80	6	081E57	081E66	07AD9D	0C	72	42	4280	1	0-127:5:03F	0:00fd000b
130	0780B2	580B2	00	4	07E4EF	07E516	07AF1D	0C	66	42	4280	2	0-91:1:0AE;92-127:3:1B1	0:80fb;1:80fb
131	0780C1	580C1	00	4	07F67B	07F6A2	07AF9D	0C	66	42	4280	4	0-38:5:0A0;39-77:5:0A1;78-89:3:1B2;90-127:3:1B1	0:f0ff;1:c0ff;2:80fc;3:80ff
132	0780D0	580D0	00	4	080BD7	080BE6	07AD9D	0C	66	42	4280	1	0-127:3:1B1	0:80fb
133	0780DF	580DF	80	6	081E6C	081E7B	07AD9D	0C	68	42	4280	1	0-127:5:041	0:00fc5015
134	0780EE	580EE	00	4	07C2AA	07C2B9	07AD9D	0C	70	42	4280	8	0-23:5:09A;24-35:5:09A;36-47:5:099;48-59:5:09B;60-71:5:09C;72-83:5:09D;84-95:5:09E;96-127:5:09F	0:80fa;1:00fa;2:00fa;3:00fa;4:00fa;5:00fa;6:00fa;7:00fa
135	0780FD	580FD	00	4	07F6B2	07F6C1	07AD9D	0C	6C	42	4280	8	0-23:4:0BF;24-35:4:0BF;36-47:4:0C0;48-59:4:0C1;60-71:4:0C2;72-83:4:0C3;84-95:4:0C4;96-127:4:0C5	0:80fc;1:00fc;2:00fc;3:00fc;4:00fc;5:00fc;6:00fc;7:00fc
136	07810C	5810C	00	4	080081	0800F1	07B01D	0C	72	42	4280	9	0-23:7:031;24-35:7:031;36-36:7:032;37-47:7:033;48-59:7:034;60-71:7:035;72-83:7:036;84-95:7:037;96-127:7:038	0:80fd;1:00fd;2:00fd;3:00f7;4:00f7;5:00f7;6:00f7;7:00f7;8:00f7
137	07811B	5811B	00	4	080BEA	080C5A	07B01D	0C	66	42	4280	9	0-23:6:021;24-35:6:021;36-47:6:022;48-59:6:023;60-71:6:024;72-83:6:025;84-95:6:026;96-96:6:027;97-127:7:030	0:80fd;1:00fd;2:00fd;3:00fd;4:00fd;5:00fd;6:00fd;7:00fd;8:c0f2
138	07812A	5812A	80	6	081E81	081E90	07AD9D	0C	60	42	4280	1	0-127:5:05B	0:00f2c40a
139	078139	58139	00	4	07C2D9	07C349	07B01D	0C	66	42	4280	6	0-59:1:011;60-63:1:012;64-69:1:013;70-75:1:014;76-89:1:015;90-127:1:016	0:f0f8;1:90fc;2:c0fc;3:80f8;4:c0f6;5:c0f6
140	078148	58148	00	4	07E51E	07E58E	07B01D	0C	66	42	4280	6	0-61:1:01B;62-66:1:01C;67-71:1:01D;72-77:1:01E;78-89:1:01F;90-127:1:016	0:80f7;1:a0f6;2:e0ff;3:a0fa;4:e0fd;5:c0f6
141	078157	58157	00	4	07F6E1	07F708	07AF9D	0C	66	42	4280	6	0-62:1:017;63-68:1:018;69-74:1:019;75-86:1:01A;87-89:1:015;90-127:1:016	0:80fa;1:b000;2:80fc;3:b0fc;4:c0f6;5:c0f6
142	078166	58166	80	6	081E96	081EA5	07AD9D	0C	60	42	4280	1	0-127:5:05A	0:00cfc40a
143	078175	58175	00	4	07C361	07C3D1	07B01D	0C	66	42	4280	6	0-66:1:020;67-72:1:021;73-76:1:022;77-84:1:023;85-91:1:026;92-127:1:016	0:b0f0;1:d0f6;2:a0fa;3:c0f8;4:c0f9;5:c0f2
144	078184	58184	00	4	07E5A6	07E5CD	07AF9D	0C	66	42	4280	4	0-65:1:024;66-74:1:025;75-92:1:026;93-127:1:016	0:90fc;1:f0fb;2:c0f9;3:c0f2
145	078193	58193	00	4	07C3E9	07C459	07B01D	0C	66	42	4280	6	0-59:1:027;60-65:1:028;66-71:1:029;72-77:1:02A;78-96:1:02B;97-127:1:016	0:f0fd;1:80f9;2:d0f6;3:90ff;4:c0fb;5:c0f6
146	0781A2	581A2	80	6	081EAB	081EBA	07AD9D	0C	6C	42	4280	1	0-127:5:046	0:00f7000c
147	0781B1	581B1	00	4	07C471	07C4E1	07B01D	0C	66	42	4280	10	0-46:1:02C;47-50:1:02D;51-56:1:02E;57-62:1:02F;63-68:1:030;69-71:1:031;72-83:1:032;84-84:1:033;85-89:1:01F;90-127:1:016	0:e0fd;1:80fb;2:b0fc;3:f0fa;4:b0fb;5:e0fb;6:00fb;7:00fb;8:e0f9;9:c0f2
148	0781C0	581C0	80	6	080115	080185	07B01D	0C	66	42	4280	8	0-47:1:03A;48-50:1:03B;51-56:1:03C;57-61:1:03D;62-66:1:03E;67-87:1:03F;88-89:1:01F;90-127:1:016	0:e0f40000;1:90f805fb;2:c0fbfbf8;3:80f3b0fd;4:a0f105fb;5:e0ef0000;6:e0f50000;7:c0ee0000
149	0781CF	581CF	80	6	081EC0	081ECF	07AD9D	0C	6C	42	4280	1	0-127:5:047	0:00fdc40a
150	0781DE	581DE	00	4	07C509	07C522	07AE1D	0C	66	42	4280	6	0-47:1:034;48-53:1:035;54-59:1:036;60-65:1:037;66-71:1:038;72-127:1:039	0:d0fb;1:90f9;2:d0f9;3:90fe;4:d0fa;5:90fb
151	0781ED	581ED	80	6	081ED5	081EE4	07AD9D	0C	6C	42	4280	1	0-127:5:048	0:00fec40a
152	0781FC	581FC	00	4	07C53A	07C5AA	07B01D	0C	71	42	4280	5	0-52:1:040;53-56:1:041;57-59:1:042;60-65:1:043;66-127:1:044	0:a0fe;1:c0fd;2:e0f9;3:a0f8;4:d0fc
153	07820B	5820B	00	4	07E5DD	07E64D	07B01D	0C	66	42	4280	7	0-53:1:045;54-59:1:046;60-65:1:047;66-71:1:048;72-91:1:049;92-96:1:02B;97-127:1:016	0:a0fd;1:e0f9;2:a0fd;3:e0ff;4:80fa;5:c0eb;6:c0e6
154	07821A	5821A	80	6	0823E5	0823F4	07AD9D	0C	54	42	4280	1	0-127:5:05F	0:80f5c40a
155	078229	58229	00	4	07C5BE	07C62E	07B01D	0C	66	42	4280	9	0-35:1:04A;36-40:1:04B;41-44:1:04C;45-48:1:04D;49-72:1:04E;73-75:1:014;76-89:1:015;90-96:1:016;97-127:1:016	0:e0fa;1:a0fb;2:c0fe;3:e0fb;4:80fc;5:80f8;6:c0f6;7:c0f6;8:c0f6
156	078238	58238	80	6	081EEA	081EF9	07AD9D	0C	60	42	4280	1	0-127:5:049	0:00f5000c
157	078247	58247	80	6	07C652	07C66B	07AE1D	0C	60	42	4280	7	0-47:1:006;48-53:1:007;54-59:1:008;60-65:1:009;66-71:1:00A;72-77:1:00B;78-127:1:00C	0:e0f828f5;1:a0fe17fa;2:d0fe30f6;3:90fd0cfc;4:d00111f5;5:90ff0cfc;6:d0fa0000
158	078256	58256	80	6	0823FA	082409	07AD9D	0C	4D	42	4280	1	0-127:5:061	0:80f2c40a
159	078265	58265	80	6	07C695	07C705	07B01D	0C	60	42	4280	7	0-49:1:000;50-54:1:001;55-59:1:002;60-64:1:003;65-69:1:004;70-87:1:005;88-127:1:00C	0:f00429ff;1:a0ff56fa;2:e001f2f4;3:901023fc;4:c006f5f6;5:800410fa;6:d0fe0000
160	078274	58274	80	6	081EFF	081F0E	07AD9D	0C	4D	42	4280	1	0-127:5:04B	0:00f4000c
161	078283	58283	80	6	07C72F	07C756	07AF9D	0C	54	42	4280	3	0-62:1:05D;63-68:1:05E;69-127:1:05F	0:e005c412;1:b006c40b;2:e005a006
162	078292	58292	00	4	081F14	081F23	07AD9D	10	60	42	4280	1	0-127:5:056	0:00f2
163	0782A1	582A1	00	4	08240F	08241E	07AD9D	10	5D	42	4280	1	0-127:5:057	0:00fc
164	0782B0	582B0	00	4	082553	082562	07AD9D	10	5C	42	4280	1	0-127:5:058	0:00f6
165	0782BF	582BF	00	4	082590	08259F	07AD9D	10	60	42	4280	1	0-127:5:059	0:00f7
166	0782CE	582CE	80	6	07C768	07C7D8	07B01D	0C	60	42	4280	6	0-48:1:00D;49-53:1:00E;54-72:1:00F;73-84:1:010;85-87:1:005;88-127:1:00C	0:e00a5cfc;1:a00b0000;2:e00b0000;3:e006c3f4;4:800010fa;5:d0fa0000
167	0782DD	582DD	80	6	081F27	081F36	07AD9D	0C	63	42	4280	1	0-127:5:07A	0:00fac40a
168	0782EC	582EC	80	6	07E669	07E6D9	07B01D	0C	60	42	4280	5	0-53:1:04F;54-65:1:050;66-79:1:051;80-84:0:046;85-127:0:048	0:00f20000;1:00fd0000;2:00fc0000;3:00fa91f7;4:00f94af9
169	0782FB	582FB	00	4	0801B5	0801DC	07AF9D	0C	66	42	4280	7	0-44:1:052;45-53:1:053;54-62:1:054;63-68:1:055;69-83:1:056;84-89:1:057;90-127:1:039	0:00f5;1:00f4;2:00f8;3:00f7;4:00f5;5:00f1;6:90fb
170	07830A	5830A	00	4	081F3C	081F4B	07AD9D	0C	60	42	4280	1	0-127:5:04E	0:00f5
171	078319	58319	00	4	0801F8	080268	07B01D	0C	66	42	4280	6	0-53:1:058;54-65:1:059;66-77:1:05A;78-84:1:05B;85-96:1:05C;97-127:1:039	0:80f4;1:80f6;2:80f9;3:80f8;4:80f6;5:90fb
172	078328	58328	00	4	081F4F	081F5E	07AD9D	0C	60	42	4280	1	0-127:5:051	0:00eb
173	078337	58337	00	4	081F62	081F71	07AD9D	0C	60	42	4280	1	0-127:5:054	0:00eb
174	078346	58346	00	4	081F75	081F84	07AD9D	0C	60	42	4280	1	0-127:5:04F	0:00f5
175	078355	58355	00	4	082422	082431	07AD9D	0C	60	42	4280	1	0-127:5:052	0:00eb
176	078364	58364	80	6	07C7FC	07C86C	07B01D	0E	6F	42	4280	3	0-88:5:000;89-94:5:001;95-127:5:002	0:80f828f7;1:d0fa28f7;2:90f5cdf9
177	078373	58373	80	6	07E6F7	07E767	07B01D	0C	6C	42	4280	6	0-62:5:00C;63-65:5:00D;66-71:5:00E;72-76:5:00F;77-86:5:010;87-127:5:006	0:80f340fe;1:b0f3f6f7;2:e0f70000;3:80ffd3fb;4:b0f616f8;5:00f87bf9
178	078382	58382	80	6	081F88	081F97	07AD9D	09	78	42	4280	1	0-127:5:06E	0:00f80807
179	078391	58391	80	6	082435	082444	07AD9D	09	78	42	4280	1	0-127:5:072	0:00f80808
180	0783A0	583A0	80	6	07C87E	07C8EE	07B01D	0C	6C	42	4280	4	0-72:5:003;73-78:5:004;79-84:5:005;85-127:5:006	0:00f215f8;1:00f6a7f8;2:00f80000;3:00f87bf9
181	0783AF	583AF	80	6	07E78B	07E7FB	07B01D	0C	6C	42	4280	7	0-47:5:007;48-59:5:007;60-72:5:007;73-75:5:008;76-79:5:009;80-83:5:00A;84-127:5:00B	0:00ec51f7;1:00f451f7;2:00fc51f7;3:00f646f8;4:00f70000;5:00faa9fe;6:00ff0000
182	0783BE	583BE	80	6	081F9D	081FAC	07AD9D	10	78	42	4280	1	0-127:5:06F	0:00fb0801
183	0783CD	583CD	00	4	07C906	07C92D	07AF9D	0C	66	42	4280	6	0-65:3:17E;66-68:3:17F;69-71:3:180;72-77:3:181;78-89:3:182;90-127:1:016	0:90fd;1:c0f9;2:e0ff;3:90fc;4:b0f7;6:c0f6
184	0783DC	583DC	00	4	07C949	07C970	07AF1D	0C	66	42	4280	6	0-59:3:183;60-65:3:184;66-71:3:185;72-87:3:186;88-89:1:015;90-127:1:016	0:e0ee;1:90fc;2:e0fc;3:80fe;4:c0f6;5:c0f6
185	0783EB	583EB	80	6	081FB2	081FC1	07AD9D	10	6C	42	4280	1	0-127:5:069	0:00fd0001
186	0783FA	583FA	00	4	07C988	07C9F8	07B01D	0C	66	42	4280	7	0-56:3:167;57-60:3:168;61-65:3:169;66-70:3:16A;71-83:3:16B;84-91:3:178;92-127:3:194	0:c0f8;1:e0f7;2:a0f6;3:c0fa;4:80fd;5:d0fd;6:c0f1
187	078409	58409	00	4	07E825	07E895	07B01D	0C	66	42	4280	8	0-53:3:167;54-56:3:168;57-60:3:169;61-65:3:16A;66-70:3:16B;71-83:3:16B;84-91:3:178;92-127:3:194	0:c0f8;1:e0f7;2:a0f6;3:c0fa;4:80fd;5:80fd;6:d0fd;7:c0f1
188	078418	58418	00	4	07F720	07F790	07B01D	0C	66	42	4280	7	0-57:3:16C;58-63:3:16D;64-69:3:16E;70-74:3:16F;75-87:3:170;88-91:3:178;92-127:3:194	0:c0ff;1:80f8;2:c0fc;3:c0fd;4:a0fc;5:d0f9;6:c0ed
189	078427	58427	00	4	07CA14	07CA3B	07AF1D	0C	66	42	4280	9	0-55:3:171;56-59:3:172;60-63:3:173;64-67:3:174;68-71:3:175;72-75:3:176;76-79:3:177;80-91:3:178;92-127:3:194	0:b0f9;1:e0f5;2:80f9;3:a0f2;4:e0f0;5:a0ef;6:b0f6;7:d0f9;8:c0ed
190	078436	58436	00	4	07E8B5	07E925	07B01D	0C	66	42	4280	11	0-48:3:179;49-53:3:17A;54-58:3:17B;59-62:3:17C;63-65:3:17D;66-67:3:174;68-71:3:175;72-75:3:176;76-79:3:177;80-91:3:178;92-127:3:194	0:f0f4;1:90f9;2:d0f9;3:8000;4:a0f8;5:a0f2;6:e0f0;7:a0ef;8:b0f6;9:d0f9;10:c0ed
191	078445	58445	80	6	081FC7	081FD6	07AD9D	0C	6C	42	4280	1	0-127:5:082	0:00fb2013
192	078454	58454	00	4	07CA5F	07CA86	07AF1D	0C	66	42	4280	9	0-41:3:187;42-47:3:188;48-53:3:189;54-59:3:18A;60-65:3:18B;66-77:3:18C;78-87:3:186;88-89:1:015;90-127:1:016	0:90fe;1:e0fd;2:90fa;3:d0f5;4:a0f6;5:e0fd;6:80fe;7:c0f6;8:c0f6
193	078463	58463	80	6	081FDC	081FEB	07AD9D	0C	68	42	4280	1	0-127:5:083	0:00e8a411
194	078472	58472	80	6	07CAAA	07CB1A	07B01D	0C	6C	42	4280	2	0-96:5:011;97-127:5:006	0:00ff0000;1:00007bf9
195	078481	58481	80	6	080C7E	080CA5	07AF9D	0C	6C	42	4280	5	0-77:5:01E;78-80:5:01F;81-89:5:020;90-101:5:021;102-127:5:015	0:80eb0000;1:c0f431f8;2:80f728ff;3:c0f5e7f5;4:c0f32300
196	078490	58490	80	6	081FF1	082000	07AD9D	0C	6C	42	4280	1	0-127:5:084	0:00fd0008
197	07849F	5849F	00	4	07CB26	07CB4D	07AF1D	0C	66	42	4280	4	0-71:3:195;72-77:3:196;78-91:3:197;92-127:1:016	0:e0f9;1:a0f7;2:c0ef;3:c0f6
198	0784AE	584AE	00	4	07F7AC	07F81C	07B01D	0C	6C	42	4280	2	0-76:5:01C;77-127:5:01D	0:a0f4;1:c0fc
199	0784BD	584BD	80	6	082006	082015	07AD9D	0C	6C	42	4280	1	0-127:5:085	0:00ed0007
200	0784CC	584CC	80	6	07CB5D	07CBCD	07B01D	0C	6C	42	4280	6	0-47:5:012;48-59:5:012;60-75:5:012;76-81:5:013;82-99:5:014;100-127:5:015	0:00ef0000;1:00f70000;2:00ff0000;3:00f90000;4:00ff0000;5:c0fd2300
201	0784DB	584DB	80	6	07E951	07E960	07AD9D	0C	6C	42	4280	3	0-47:5:015;48-59:5:015;60-127:5:015	0:c0ed2300;1:c0f52300;2:c0fd2300
202	0784EA	584EA	80	6	07CBF1	07CC61	07B01D	0C	6C	42	4280	6	0-64:5:017;65-69:5:018;70-76:5:019;77-84:5:01A;85-97:5:01B;98-127:5:006	0:90f210fc;1:c0f4def5;2:80f2bffc;3:e0f30000;4:a0000000;5:00f87bf9
203	0784F9	584F9	80	6	08201B	08202A	07AD9D	00	6C	42	4280	1	0-127:5:08B	0:00fa3c04
204	078508	58508	00	4	07CC85	07CCF5	07B01D	0C	66	42	4280	10	0-35:3:13F;36-47:3:13F;48-59:3:140;60-63:3:13E;64-68:3:141;69-72:3:142;73-77:3:143;78-89:3:144;90-96:3:145;97-127:1:016	0:80fc;1:00fc;2:00fc;3:00fc;4:c0fe;5:e0fb;6:a000;7:d0ff;8:d0fb;9:c0f6
205	078517	58517	00	4	07E972	07E9E2	07B01D	0C	66	42	4280	9	0-35:3:13F;36-47:3:13F;48-59:3:140;60-64:3:141;65-68:3:142;69-73:3:143;74-89:3:144;90-96:3:145;97-127:1:016	0:80fc;1:00fc;2:00fc;3:c0fe;4:e0fb;5:a000;6:d0ff;7:d0fb;8:c0f6
206	078526	58526	80	6	082030	08203F	07AD9D	15	6C	42	4280	1	0-127:5:08D	0:00ff80fa
207	078535	58535	80	6	07CD1D	07CD8D	07B01D	0C	66	42	4280	7	0-60:3:146;61-65:3:147;66-69:3:148;70-72:3:149;73-87:3:14A;88-89:1:015;90-127:1:016	0:e0fdddf7;1:90fd0000;2:d0fd05fb;3:f0fe05fb;4:90fdb0fd;5:c0f60000;6:c0f60000
208	078544	58544	80	6	082045	082054	07AD9D	11	60	42	4280	1	0-127:5:08C	0:0000a0fe
209	078553	58553	80	6	07CDB7	07CDDE	07AF9D	0C	60	42	4280	6	0-50:3:157;51-56:3:158;57-59:3:159;60-65:3:15A;66-71:3:15B;72-127:3:15B	0:00fb0000;1:00fef6f7;2:00fd0000;3:00fd10fa;4:00fc98fa;5:00f998fa
210	078562	58562	00	4	07EA06	07EA76	07B01D	0C	66	42	4280	8	0-51:3:14B;52-56:3:14C;57-60:3:14D;61-65:3:14E;66-84:3:14F;85-89:3:144;90-96:3:145;97-127:1:016	0:90fc;1:a0fb;2:e0f2;3:80fa;4:c0f8;5:d0ef;6:d0eb;7:c0e6
211	078571	58571	80	6	07F824	07F894	07B01D	0C	66	42	4280	10	0-51:3:150;52-55:3:151;56-58:3:152;59-62:3:153;63-65:3:154;66-69:3:155;70-79:3:156;80-87:3:14A;88-89:1:015;90-127:1:016	0:80fd0000;1:a0fc0000;2:d0fc0000;3:80010000;4:a0040000;5:c0020000;6:f0fc0000;7:90fdb0fd;8:c0f60000;9:c0f60000
212	078580	58580	80	6	08205A	082069	07AD9D	0C	60	42	4280	1	0-127:5:081	0:0000c40a
213	07858F	5858F	00	4	07CE02	07CE72	07B01D	0C	66	42	4280	9	0-47:3:15C;48-53:3:15D;54-59:3:15E;60-65:3:15F;66-71:3:160;72-84:3:161;85-89:3:144;90-96:3:145;97-127:1:016	0:e0f7;1:b0fb;2:80fa;3:80f5;4:c0f4;5:90f2;6:d0fb;7:d0f7;8:c0f2
214	07859E	5859E	00	4	07EA96	07EB06	07B01D	0C	66	42	4280	9	0-41:3:162;42-47:3:163;48-53:3:164;54-59:3:165;60-77:3:166;78-84:3:14F;85-89:3:144;90-96:3:145;97-127:1:016	0:a0f5;1:e0f4;2:90f8;3:d0f8;4:a0f4;5:c0f8;6:d0ef;7:d0eb;8:c0e6
215	0785AD	585AD	80	6	08206F	08207E	07AD9D	0C	6C	42	4280	1	0-127:5:077	0:00fec40a
216	0785BC	585BC	00	4	07CE96	07CF06	07B01D	0C	6C	42	4280	8	0-59:4:036;60-67:4:037;68-84:4:038;85-87:4:03E;88-93:4:03F;94-95:4:066;96-101:4:066;102-127:4:067	0:e0f8;1:a0f4;2:e0f3;3:80fb;4:80f7;5:a0f7;6:a0f3;7:a0ed
217	0785CB	585CB	00	4	07EB2A	07EB9A	07B01D	0C	6C	42	4280	17	0-43:4:079;44-47:4:07A;48-53:4:07B;54-57:4:07C;58-62:4:07D;63-65:4:07E;66-67:4:07F;68-71:4:080;72-77:4:081;78-79:4:088;80-83:4:089;84-87:4:08F;88-91:4:08F;92-95:4:08F;96-99:4:08F;100-101:4:08F;102-127:4:067	0:c0f5;1:f0f4;2:90f5;3:c0f5;4:f0f5;5:b0f3;6:c0ef;7:e0f1;8:80ee;9:c0f4;10:e0f1;11:90ed;12:90e9;13:90e5;14:90e1;15:90dd;16:a0e5
218	0785DA	585DA	00	4	07F8D0	07F940	07B01D	0C	6C	42	4280	17	0-43:4:079;44-47:4:07A;48-52:4:07B;53-56:4:082;57-61:4:083;62-67:4:084;68-71:4:085;72-74:4:086;75-76:4:087;77-79:4:088;80-83:4:089;84-87:4:08F;88-91:4:08F;92-95:4:08F;96-99:4:08F;100-101:4:08F;102-127:4:067	0:c0f5;1:f0f4;2:90f5;3:c0f6;4:f0f7;5:a0f6;6:f0f2;7:90ee;8:a0f0;9:c0f4;10:e0f1;11:90ed;12:90e9;13:90e5;14:90e1;15:90dd;16:a0e5
219	0785E9	585E9	00	4	080280	0802F0	07B01D	0C	6C	42	4280	17	0-43:4:079;44-47:4:07A;48-52:4:07B;53-56:4:082;57-61:4:083;62-63:4:084;64-68:4:08A;69-72:4:08B;73-76:4:08C;77-79:4:08D;80-83:4:08E;84-87:4:08F;88-91:4:08F;92-95:4:08F;96-99:4:08F;100-101:4:08F;102-127:4:067	0:c0f5;1:f0f4;2:90f5;3:c0f6;4:f0f7;5:a0f6;6:c0f1;7:f0f3;8:a0f9;9:c0f2;10:e0ed;11:90ed;12:90e9;13:90e5;14:90e1;15:90dd;16:a0e5
220	0785F8	585F8	00	4	081402	081472	07B01D	0C	6C	42	4280	14	0-55:4:090;56-60:4:091;61-64:4:092;65-67:4:093;68-71:4:094;72-74:4:095;75-77:4:096;78-83:4:097;84-87:4:08F;88-91:4:08F;92-95:4:08F;96-99:4:08F;100-101:4:08F;102-127:4:067	0:c0f0;1:f0f4;2:a0fb;3:c0f0;4:f0fb;5:90f2;6:a0eb;7:e0ee;8:90ed;9:90e9;10:90e5;11:90e1;12:90dd;13:a0e5
221	078607	58607	80	6	082084	082093	07AD9D	0C	54	42	4280	1	0-127:5:07F	0:00f9c40a
222	078616	58616	00	4	07CF26	07CF96	07B01D	0C	6C	42	4280	10	0-55:4:039;56-59:4:03A;60-63:4:03B;64-67:4:03C;68-71:4:03D;72-87:4:03E;88-93:4:03F;94-95:4:066;96-101:4:066;102-127:4:067	0:c0fd;1:e0fa;2:80f7;3:c0f5;4:d0f7;5:80fb;6:80f7;7:a0f7;8:a0f3;9:a0ed
223	078625	58625	00	4	07EBDE	07EC4E	07B01D	0C	6C	42	4280	16	0-46:4:04E;47-48:4:04F;49-50:4:050;51-53:4:051;54-57:4:052;58-60:4:053;61-64:4:054;65-67:4:055;68-69:4:056;70-72:4:057;73-76:4:05F;77-86:4:060;87-91:4:066;92-95:4:066;96-101:4:066;102-127:4:067	0:e0fd;1:80fc;2:90f8;3:a0f7;4:e0f5;5:f0f4;6:90f4;7:c0f9;8:e0f7;9:80fc;10:a0f9;11:b0f6;12:a0f3;13:a0ef;14:a0eb;15:a0e5
224	078634	58634	00	4	07F984	07F9F4	07B01D	0C	6C	42	4280	13	0-55:4:058;56-58:4:059;59-62:4:05A;63-65:4:05B;66-67:4:05C;68-69:4:05D;70-72:4:05E;73-76:4:05F;77-86:4:060;87-91:4:066;92-95:4:066;96-101:4:066;102-127:4:067	0:c0fe;1:e0ff;2:80f5;3:a0f4;4:c0f4;5:e0f6;6:80ef;7:a0f9;8:b0f6;9:a0f3;10:a0ef;11:a0eb;12:a0e5
225	078643	58643	00	4	080334	0803A4	07B01D	0C	6C	42	4280	9	0-69:4:061;70-72:4:062;73-78:4:063;79-83:4:064;84-86:4:065;87-91:4:066;92-95:4:066;96-101:4:066;102-127:4:067	0:c0f7;1:f0fd;2:90f6;3:e0f0;4:80f3;5:a0f3;6:a0ef;7:a0eb;8:a0e5
226	078652	58652	00	4	080CC3	080D33	07B01D	0C	6C	42	4280	13	0-45:4:068;46-47:4:069;48-52:4:06A;53-57:4:06B;58-59:4:06C;60-64:4:06D;65-69:4:06E;70-72:4:06F;73-89:4:070;90-91:4:066;92-95:4:066;96-101:4:066;102-127:4:067	0:e0ff;1:f0fd;2:90fd;3:b000;4:f0fe;5:9000;6:c0fc;7:f0f0;8:90f8;9:a0f3;10:a0ef;11:a0eb;12:a0e5
227	078661	58661	00	4	0814AA	08151A	07B01D	0C	6C	42	4280	12	0-58:4:071;59-62:4:072;63-65:4:073;66-69:4:074;70-71:4:075;72-75:4:076;76-79:4:077;80-89:4:078;90-91:4:066;92-95:4:066;96-101:4:066;102-127:4:067	0:e0fd;1:80fb;2:a0f6;3:c0f8;4:f0fb;5:80f8;6:b0f4;7:e0f4;8:a0f3;9:a0ef;10:a0eb;11:a0e5
228	078670	58670	80	6	082099	0820A8	07AD9D	0C	54	42	4280	1	0-127:5:07E	0:00f7c40a
229	07867F	5867F	80	6	07CFBE	07CFE5	07AF1D	0C	60	42	4280	6	0-55:4:040;56-59:4:041;60-65:4:042;66-71:4:043;72-77:4:044;78-127:4:045	0:b0ea50fa;1:e0f3c3f3;2:90fbcefa;3:e0f1c5f2;4:a0f4d3f9;5:e0f20000
230	07868E	5868E	80	6	080D67	080DD7	07B01D	0C	60	42	4280	6	0-57:4:046;58-63:4:047;64-68:4:048;69-76:4:049;77-87:4:04A;88-127:4:045	0:c0f82df8;1:80f328ff;2:c0f236f9;3:80f036ff;4:c0f60000;5:e0f20000
231	07869D	5869D	00	4	08154A	0815BA	07B01D	0C	6C	42	4280	10	0-39:4:04B;40-44:4:04C;45-65:4:04D;66-67:4:03C;68-71:4:03D;72-87:4:03E;88-93:4:03F;94-95:4:066;96-101:4:066;102-127:4:067	0:90fd;1:b0f1;2:e0f7;3:c0f1;4:d0f3;5:80f7;6:80f3;7:a0f3;8:a0ef;9:a0e9
232	0786AC	586AC	80	6	0820AE	0820BD	07AD9D	0C	54	42	4280	1	0-127:5:07D	0:00fec40a
233	0786BB	586BB	00	4	07D009	07D079	07B01D	0C	66	42	4280	5	0-69:3:18D;70-77:3:18E;78-87:3:18F;88-96:3:190;97-127:3:194	0:c0f7;1:80fb;2:80f5;3:80f3;4:c0f5
234	0786CA	586CA	00	4	07EC8E	07ECB5	07AF1D	0C	66	42	4280	4	0-79:3:191;80-87:3:192;88-91:3:193;92-127:3:194	0:a0f3;1:80fe;2:c0fa;3:c0f5
235	0786D9	586D9	80	6	0820C3	0820D2	07AD9D	0C	41	42	4280	1	0-127:5:063	0:00f5c40a
236	0786E8	586E8	80	6	07D08D	07D0B4	07AF9D	0C	60	42	4280	13	0-47:4:022;48-53:4:023;54-59:4:024;60-65:4:025;66-71:4:026;72-77:4:027;78-80:4:027;81-83:4:027;84-86:4:027;87-89:4:027;90-92:4:027;93-95:4:027;96-127:4:027	0:00f666f9;1:00f8e8fc;2:00f801f8;3:00f610fc;4:00f913f6;5:00fd0000;6:00fb0000;7:00f90000;8:00f50000;9:00f30000;10:00f10000;11:00ef0000;12:00ed0000
237	0786F7	586F7	80	6	0820D8	0820E7	07AD9D	0C	59	42	4280	1	0-127:5:076	0:00f83c0c
238	078706	58706	00	4	080DFB	080E14	07AE1D	0C	6C	42	4280	11	0-47:4:01B;48-53:4:01C;54-59:4:01D;60-65:4:01E;66-71:4:01F;72-77:4:020;78-83:4:021;84-89:4:021;90-95:4:021;96-101:4:021;102-127:4:021	0:00e8;1:00ec;2:00ec;3:00e4;4:00e7;5:00e6;6:00e5;7:00e1;8:00dd;9:00d9;10:00d5
239	078715	58715	00	4	0815E2	0815FB	07AE1D	0C	6C	42	4280	11	0-47:4:014;48-53:4:015;54-59:4:016;60-65:4:017;66-71:4:018;72-77:4:019;78-83:4:01A;84-89:4:01A;90-95:4:01A;96-101:4:01A;102-127:4:01A	0:00e3;1:00e2;2:00e2;3:00d6;4:00d8;5:00d0;6:00d0;7:00cc;8:00c8;9:00c4;10:00c0
240	078724	58724	80	6	0820ED	0820FC	07AD9D	0C	59	42	4280	1	0-127:5:075	0:00f83c0c
241	078733	58733	80	6	080E40	080E59	07AE1D	0C	60	42	4280	8	0-47:4:02F;48-53:4:030;54-59:4:031;60-65:4:032;66-71:4:033;72-77:4:034;78-83:4:035;84-127:4:035	0:000000f4;1:000105ef;2:00fe00f4;3:00fb00f4;4:00f600f4;5:00ef00f4;6:00e700f4;7:00df00f4
242	078742	58742	80	6	081627	081640	07AE1D	0C	60	42	4280	8	0-47:4:028;48-53:4:029;54-59:4:02A;60-65:4:02B;66-71:4:02C;72-77:4:02D;78-83:4:02E;84-127:4:02E	0:00fc00f4;1:00fc05ef;2:00f600f4;3:00f300f4;4:00ee00f4;5:00ed00f4;6:00e400f4;7:00dc00f4
243	078751	58751	80	6	082102	082111	07AD9D	15	6C	42	4280	1	0-127:5:073	0:00fa20fc
244	078760	58760	80	6	08244A	082459	07AD9D	0C	67	42	4280	1	0-127:5:074	0:00ff0010
245	07876F	5876F	00	4	082117	082126	07AD9D	0C	4F	42	4280	1	0-127:5:089	0:00fa
246	07877E	5877E	00	4	07D102	07D172	07B01D	0C	78	42	4280	5	0-59:4:001;60-67:4:002;68-103:4:003;104-111:4:013;112-127:0:000	0:e0fc;1:a0f8;2:e0f5;3:e0eb;4:00e4
247	07878D	5878D	80	6	08212A	082139	07AD9D	1C	60	42	4280	1	0-127:5:088	0:00f900e8
248	07879C	5879C	00	4	07D186	07D1F6	07B01D	0C	78	42	4280	9	0-47:4:004;48-53:4:005;54-59:4:006;60-65:4:007;66-71:4:008;72-77:4:009;78-103:4:00A;104-111:4:013;112-127:0:000	0:e0fd;1:a000;2:e0f8;3:a0f5;4:e0ef;5:a0f2;6:e0f1;7:e0eb;8:00e4
249	0787AB	587AB	80	6	08213F	0821AF	07B01D	0C	78	42	4280	5	0-91:5:062;92-95:3:115;96-105:3:116;106-107:1:093;108-127:1:094	0:00ffc0fd;1:00eb0000;2:00eb0000;3:00eb0000;4:00eb0000
250	0787BA	587BA	80	6	0821CD	0821DC	07AD9D	0C	60	42	4280	1	0-127:5:064	0:00fcd006
251	0787C9	587C9	00	4	07D21A	07D28A	07B01D	0C	78	42	4280	4	0-71:4:011;72-83:4:012;84-111:4:013;112-127:0:000	0:b0f9;1:e0f5;2:e0eb;3:00e4
252	0787D8	587D8	00	4	07ECC5	07ECD4	07AD9D	0C	78	42	4280	2	0-95:6:096;96-127:0:000	0:b0f7;1:00f8
253	0787E7	587E7	00	4	07FA28	07FA37	07AD9D	0C	78	42	4280	2	0-95:6:070;96-127:0:000	0:b0f0;1:00f8
254	0787F6	587F6	00	4	0821E2	0821F1	07AD9D	0C	4F	42	4280	1	0-127:5:086	0:00fe
255	078805	58805	80	6	08245F	08246E	07AD9D	0C	5F	42	4280	1	0-127:5:07B	0:00ffc40a
256	078814	58814	00	4	0824DB	0824EA	07AD9D	0C	4F	42	4280	1	0-127:5:087	0:00f0
257	078823	58823	80	6	0821F5	082204	07AD9D	13	6C	42	4280	1	0-127:5:08E	0:00f780f1
258	078832	58832	00	4	07D29A	07D30A	07B01D	0C	78	42	4280	7	0-47:4:00B;48-53:4:00C;54-59:4:00D;60-65:4:00E;66-71:4:00F;72-111:4:010;112-127:0:000	0:e0f8;1:a0f4;2:e0f5;3:a0f7;4:e0f5;5:a0ee;6:00e4
259	078841	58841	00	4	08220A	082219	07AD9D	10	5A	42	4280	1	0-127:5:08A	0:00f7
260	078850	58850	00	4	07ECDC	07ECEB	07AD9D	0C	78	42	4280	1	0-127:0:000	0:00f8
261	07885F	5885F	00	4	080E89	080E98	07AD9D	0C	6C	42	4280	1	0-127:5:05C	0:00ff
262	07886E	5886E	80	6	08221D	08222C	07AD9D	18	5B	42	4280	1	0-127:5:080	0:00f500fa
263	07887D	5887D	80	6	082232	082241	07AD9D	13	5B	42	4280	1	0-127:5:065	0:00f3c4fe
264	07888C	5888C	80	6	082566	082575	07AD9D	0C	66	42	4280	1	0-127:5:07C	0:0003c40a
265	07889B	5889B	00	4	07D326	07D396	07B01D	0C	60	42	4280	6	0-63:0:0A1;64-69:0:0A2;70-75:0:0A3;76-81:0:0A4;82-89:0:0A5;90-127:0:0A5	0:80ef;1:c0ea;2:80e9;3:c0e9;4:80e7;5:80e3
266	0788AA	588AA	00	4	07ECEF	07ED5F	07B01D	0C	60	42	4280	7	0-61:0:0A7;62-65:0:0A8;66-71:0:0A9;72-76:0:0AA;77-87:0:0AB;88-89:0:0A5;90-127:0:0A5	0:f0ff;1:a0f4;2:e0f8;3:80f9;4:f0f9;5:80e3;6:80df
267	0788B9	588B9	00	4	07D3AE	07D41E	07B01D	0C	60	42	4280	9	0-41:0:0B0;42-47:0:0B1;48-53:0:0B2;54-59:0:0B3;60-65:0:0B4;66-77:0:0B5;78-81:0:0A4;82-89:0:0A5;90-127:0:0A5	0:90f7;1:e0f4;2:90f7;3:e0ef;4:90f2;5:e0f2;6:c0e9;7:80e7;8:80e3
268	0788C8	588C8	00	4	07ED7B	07EDEB	07B01D	0C	60	42	4280	6	0-53:0:0AC;54-59:0:0AD;60-70:0:0AE;71-84:0:0AF;85-89:0:0A5;90-127:0:0A5	0:a0e9;1:e0e5;2:a0ea;3:80e8;4:80e3;5:80df
269	0788D7	588D7	80	6	082247	082256	07AD9D	0C	66	42	4280	1	0-127:4:0AB	0:00eac40a
270	0788E6	588E6	00	4	07D442	07D4B2	07B01D	0C	60	42	4280	7	0-35:0:0B6;36-39:0:0B7;40-71:0:0B8;72-77:0:0B5;78-81:0:0A4;82-89:0:0A5;90-127:0:0A5	0:e0ec;1:90ed;2:c0f2;3:e0f2;4:c0e9;5:80e7;6:80e3
271	0788F5	588F5	80	6	08225C	08226B	07AD9D	0C	66	42	4280	1	0-127:4:0AC	0:00e3c40a
272	078904	58904	00	4	07D4CE	07D53E	07B01D	0C	72	42	4280	15	0-23:0:094;24-35:0:094;36-41:0:093;42-47:0:095;48-52:0:096;53-57:0:097;58-59:0:099;60-63:0:098;64-69:0:09A;70-71:0:09C;72-75:0:09B;76-81:0:09D;82-83:0:09F;84-95:0:09E;96-127:0:0A0	0:80fc;1:00fc;2:00fc;3:00fa;4:00f5;5:00ff;6:00f8;7:00f8;8:00fd;9:00ff;10:00ff;11:00f9;12:00f4;13:00f4;14:00f4
273	078913	58913	80	6	07D57A	07D5EA	07B01D	0C	6C	42	4280	9	0-46:0:073;47-54:0:075;55-60:0:077;61-66:0:079;67-72:0:07B;73-78:0:07D;79-84:0:07F;85-103:0:081;104-127:0:091	0:00f806f8;1:00fe13fb;2:00fd26f5;3:00f5fefa;4:00f720f5;5:00fceffa;6:00eb06f5;7:00f515fc;8:00f666fc
274	078922	58922	81	6	07FA3F	07FAAF	07B01D	0C	6C	42	4280	9	0-46:0:074;47-54:0:076;55-60:0:078;61-66:0:07A;67-72:0:07C;73-78:0:07E;79-84:0:080;85-103:0:082;104-127:0:092	0:00f806f8;1:00fe13fb;2:00fd26f5;3:00f5fefa;4:00f720f5;5:00fceffa;6:00eb06f5;7:00f515fc;8:00f666fc
275	078931	58931	80	6	080E9C	080F0C	07B01D	0C	6C	42	4280	10	0-46:0:083;47-52:0:085;53-58:0:087;59-64:0:089;65-70:0:08B;71-76:0:08D;77-82:0:08F;83-97:0:091;98-103:0:081;104-127:0:091	0:00eca0f7;1:00fc0dfc;2:00f653f7;3:00fa23fc;4:00f93ef6;5:00f819fc;6:00f508f6;7:00f666fc;8:00f515fc;9:00f666fc
276	078940	58940	81	6	081670	0816E0	07B01D	0C	6C	42	4280	10	0-46:0:084;47-52:0:086;53-58:0:088;59-64:0:08A;65-70:0:08C;71-76:0:08E;77-82:0:090;83-97:0:092;98-103:0:082;104-127:0:092	0:00eca0f7;1:00fc0dfc;2:00f653f7;3:00fa23fc;4:00f93ef6;5:00f819fc;6:00f508f6;7:00f666fc;8:00f515fc;9:00f666fc
277	07894F	5894F	80	6	07D620	07D690	07B01D	0C	6C	42	4280	10	0-45:6:00D;46-54:6:00E;55-60:6:001;61-67:6:002;68-74:6:003;75-80:6:004;81-85:6:005;86-100:6:006;101-103:0:081;104-127:0:091	0:00ff3cf7;1:00f923fc;2:00fd0bfa;3:00fa26fb;4:00f72bf4;5:00f943f9;6:00fa39f4;7:00f397f7;8:00f515fc;9:00f666fc
278	07895E	5895E	80	6	07EE03	07EE73	07B01D	0C	6C	42	4280	9	0-36:6:012;37-42:6:013;43-48:6:014;49-54:6:015;55-60:6:00F;61-67:6:010;68-73:6:011;74-78:6:00B;79-127:6:00C	0:0005cef2;1:0001fbf8;2:00fdc7f2;3:00f7fbf8;4:00fd13f5;5:00ff29fa;6:00ff0bf2;7:00f4cdfb;8:00f837f6
279	07896D	5896D	80	6	07D6CC	07D73C	07B01D	0C	6C	42	4280	8	0-60:6:001;61-67:6:002;68-74:6:003;75-80:6:004;81-85:6:005;86-100:6:006;101-103:0:081;104-127:0:091	0:00fd0bfa;1:00fa26fb;2:00f72bf4;3:00f943f9;4:00fa39f4;5:00f397f7;6:00f515fc;7:00f666fc
280	07897C	5897C	80	6	080F48	080FB8	07B01D	0C	6C	42	4280	6	0-53:6:007;54-60:6:008;61-67:6:009;68-73:6:00A;74-78:6:00B;79-127:6:00C	0:000247fd;1:000117f6;2:00fc41fb;3:00f247f4;4:00f4cdfb;5:00f837f6
281	07898B	5898B	80	6	082271	082280	07AD9D	0C	6C	42	4280	1	0-127:4:0B4	0:00f3c40a
282	07899A	5899A	80	6	07D76C	07D7DC	07B01D	0C	6C	42	4280	10	0-45:6:00D;46-53:6:00E;54-60:6:00F;61-67:6:010;68-77:6:011;78-80:6:004;81-85:6:005;86-100:6:006;101-103:0:081;104-127:0:091	0:00ff3cf7;1:00f923fc;2:00fd13f5;3:00ff29fa;4:00ff0bf2;5:00f943f9;6:00fa39f4;7:00f397f7;8:00f515fc;9:00f666fc
283	0789A9	589A9	80	6	080FDC	08104C	07B01D	0C	60	42	4280	4	0-36:6:012;37-42:6:013;43-48:6:014;49-127:6:015	0:0005cef2;1:0001fbf8;2:00fdc7f2;3:00f7fbf8
284	0789B8	589B8	81	6	07EEA9	07EF19	07B01D	0C	68	42	4280	5	0-57:0:0C7;58-63:0:0C8;64-69:0:0C9;70-75:0:0CA;76-127:0:0CB	0:00f80000;1:00f1f1fc;2:00f200f7;3:00f3edfc;4:00fa4ffb
285	0789C7	589C7	80	6	07FAE5	07FB55	07B01D	0C	65	42	4280	12	0-51:0:0C0;52-55:0:0C1;56-59:0:0C2;60-63:0:0C3;64-67:0:0C4;68-71:0:0C5;72-83:0:0C6;84-87:0:0C6;88-91:0:0C6;92-95:0:0C6;96-96:0:0C6;97-127:0:0BF	0:00fa5dff;1:00faf4f7;2:00f522f5;3:00fb1dfb;4:00fb12f8;5:00fb0df5;6:00f60000;7:00f20000;8:00ee0000;9:00ea0000;10:00e60000;11:00e40000
286	0789D6	589D6	81	6	081064	08107D	07AE1D	0C	65	42	4280	7	0-47:0:0B9;48-53:0:0BA;54-59:0:0BB;60-65:0:0BC;66-71:0:0BD;72-77:0:0BE;78-127:0:0BF	0:00f30000;1:00ea2bfb;2:00f537f5;3:00f505fb;4:00f7fdf4;5:00f3fbfa;6:00fc0000
287	0789E5	589E5	81	6	08171C	081735	07AE1D	0C	65	42	4280	7	0-53:0:0B9;54-59:0:0BA;60-65:0:0BB;66-71:0:0BC;72-77:0:0BD;78-83:0:0BE;84-127:0:0BF	0:00f30000;1:00ea2bfb;2:00f537f5;3:00f505fb;4:00f7fdf4;5:00f3fbfa;6:00fc0000
288	0789F4	589F4	81	6	07D818	07D888	07B01D	0C	68	42	4280	6	0-51:0:0C7;52-57:0:0C8;58-63:0:0C9;64-69:0:0CA;70-75:0:0CB;76-127:0:0CB	0:00f80000;1:00f1f1fc;2:00f200f7;3:00f3edfc;4:00fa4ffb;5:00fa4ffb
289	078A03	58A03	81	6	07EF37	07EF5E	07AF1D	0C	6C	42	4280	2	0-103:0:082;104-127:0:092	0:00f515fc;1:00f666fc
290	078A12	58A12	00	4	07FB9D	07FBAC	07AD9D	0C	6C	42	4280	1	0-127:0:0D4	0:80f8
291	078A21	58A21	00	4	082286	082295	07AD9D	13	78	42	4280	1	0-127:5:066	0:00ea
292	078A30	58A30	00	4	07D8AC	07D8D3	07AF9D	0C	66	42	4280	3	0-62:0:0CC;63-68:0:0CD;69-127:0:0CE	0:00f4;1:00fd;2:00ff
293	078A3F	58A3F	80	6	07EF6A	07EFDA	07B01D	0C	66	42	4280	5	0-57:0:0CF;58-62:0:0D0;63-69:0:0D1;70-73:0:0D2;74-127:0:0D3	0:00f3a6fb;1:00fa55f1;2:00f1abf6;3:00fd3cfd;4:00f90000
294	078A4E	58A4E	00	4	07D8DF	07D8EE	07AD9D	0C	78	42	4280	3	0-47:5:016;48-59:5:016;60-127:5:016	0:e0ef;1:e0f7;2:e0ff
295	078A5D	58A5D	00	4	07D8FA	07D96A	07B01D	0C	78	42	4280	7	0-59:3:129;60-71:3:129;72-83:3:128;84-95:3:12A;96-113:3:12B;114-115:2:09C;116-127:1:094	0:80f3;1:00f3;2:00f3;3:00f3;4:00f3;5:00f4;6:00eb
296	078A6C	58A6C	00	4	07FBB0	07FC20	07B01D	0C	78	42	4280	8	0-47:3:114;48-59:3:114;60-71:3:113;72-83:3:112;84-95:3:115;96-105:3:116;106-107:1:093;108-127:1:094	0:80f3;1:00f3;2:00f3;3:00f3;4:00f3;5:00f3;6:00f3;7:00f3
297	078A7B	58A7B	00	4	0803C8	080438	07B01D	0C	78	42	4280	13	0-35:3:120;36-47:3:120;48-59:3:121;60-71:3:11E;72-74:3:11F;75-83:3:122;84-85:3:123;86-93:3:124;94-95:3:126;96-107:3:125;108-113:3:127;114-115:2:09C;116-127:1:094	0:80fb;1:00fb;2:00fb;3:00fb;4:00fb;5:00fc;6:00fc;7:00f7;8:00fb;9:00fb;10:00fb;11:00f4;12:00eb
298	078A8A	58A8A	00	4	0810A7	081117	07B01D	0C	78	42	4280	10	0-59:3:117;60-69:3:117;70-71:3:119;72-75:3:118;76-82:3:11A;83-83:3:11C;84-95:3:11B;96-113:3:11D;114-115:2:09C;116-127:1:094	0:80fb;1:00fb;2:00f7;3:00f7;4:00f8;5:00f5;6:00f5;7:00f5;8:00f4;9:00eb
299	078A99	58A99	00	4	08175F	081786	07AF9D	0C	78	42	4280	9	0-35:3:12D;36-47:3:12D;48-59:3:12C;60-71:3:12E;72-83:3:12F;84-95:3:130;96-98:3:131;99-107:1:093;108-127:1:094	0:80f0;1:00f0;2:00f0;3:00f0;4:00f0;5:00f0;6:00f0;7:00f3;8:00f3
300	078AA8	58AA8	80	6	082299	0822A8	07AD9D	0C	6C	42	4280	1	0-127:4:0B3	0:00e5c40a
301	078AB7	58AB7	00	4	07D986	07D9AD	07AF1D	0C	6F	42	4280	4	0-83:1:095;84-95:1:096;96-103:1:097;104-127:1:098	0:90fc;1:90f8;2:90f4;3:90f4
302	078AC6	58AC6	80	6	0822AE	0822BD	07AD9D	0C	51	42	4280	1	0-127:4:0B2	0:00f0c40a
303	078AD5	58AD5	00	4	07D9BD	07D9E4	07AF1D	0C	72	42	4280	8	0-47:1:07C;48-59:1:07D;60-71:1:07E;72-83:1:07F;84-91:1:080;92-101:1:081;102-107:1:06F;108-127:1:070	0:90f1;1:90f0;2:90f1;3:90ee;4:90eb;5:90e4;6:00e2;7:00e2
304	078AE4	58AE4	81	6	07DA04	07DA2B	07AF1D	0C	6C	42	4280	5	0-51:2:085;52-63:2:085;64-75:2:087;76-87:2:089;88-127:2:08B	0:00f746ff;1:00f346ff;2:00fcb7fc;3:00fbd7f9;4:00f70000
305	078AF3	58AF3	80	6	0822C3	0822D2	07AD9D	0C	66	42	4280	1	0-127:4:0B5	0:00ecc40a
306	078B02	58B02	80	6	07DA49	07DAB9	07B01D	0C	60	42	4280	5	0-53:0:040;54-59:0:042;60-71:0:044;72-84:0:046;85-127:0:048	0:00fbe0fa;1:00fa5df4;2:00fd27fb;3:00fa91f7;4:00f94af9
307	078B11	58B11	80	6	07FC40	07FCB0	07B01D	0C	60	42	4280	4	0-60:0:04A;61-79:0:04B;80-84:0:047;85-127:0:049	0:00fc0000;1:00fe0000;2:00fa91f7;3:00f94af9
308	078B20	58B20	81	6	08113F	0811AF	07B01D	0C	60	42	4280	5	0-53:0:041;54-59:0:043;60-71:0:045;72-84:0:047;85-127:0:049	0:00fbe0fa;1:00fa5df4;2:00fd27fb;3:00fa91f7;4:00f94af9
309	078B2F	58B2F	80	6	081A56	081AC6	07B01D	0C	6C	42	4280	5	0-71:0:04C;72-88:0:04D;89-97:0:092;98-103:0:082;104-127:0:092	0:00f50000;1:00f50000;2:00f666fc;3:00f515fc;4:00f666fc
310	078B3E	58B3E	80	6	0822D8	0822E7	07AD9D	0C	6C	42	4280	1	0-127:4:0AD	0:00efc40a
311	078B4D	58B4D	80	6	082474	082483	07AD9D	0C	6C	42	4280	1	0-127:4:0AE	0:00efc40a
312	078B5C	58B5C	80	6	0824EE	0824FD	07AD9D	0C	6C	42	4280	1	0-127:4:0AF	0:00efc40a
313	078B6B	58B6B	80	6	082503	082512	07AD9D	0C	6C	42	4280	1	0-127:4:0B0	0:00efc40a
314	078B7A	58B7A	80	6	08257B	08258A	07AD9D	0C	6C	42	4280	1	0-127:4:0B1	0:00e9c40a
315	078B89	58B89	80	6	07DAD7	07DAE6	07AD9D	0C	66	42	4280	1	0-127:0:04E	0:00f4c4f9
316	078B98	58B98	80	6	081AE4	081B54	07B01D	0C	60	42	4280	4	0-71:0:04F;72-81:0:050;82-84:0:047;85-127:0:049	0:00fd0000;1:00fb0000;2:00fa91f7;3:00f94af9
317	078BA7	58BA7	00	4	07DAEC	07DB5C	07B01D	0C	78	42	4280	11	0-41:0:00A;42-47:0:00B;48-53:0:00C;54-59:0:00D;60-65:0:00E;66-71:0:00F;72-77:0:010;78-89:0:011;90-101:0:012;102-108:0:009;109-127:0:000	0:00fb;1:00fa;2:00fa;3:00f8;4:00f7;5:00f5;6:00f3;7:00f3;8:00f0;9:00f8;10:00f0
318	078BB6	58BB6	00	4	07EFF8	07F068	07B01D	0C	78	42	4280	8	0-53:0:003;54-59:0:004;60-65:0:005;66-71:0:006;72-77:0:007;78-87:0:008;88-108:0:009;109-127:0:000	0:00f8;1:00f8;2:00f8;3:00f8;4:00f8;5:00f8;6:00f8;7:00f0
319	078BC5	58BC5	00	4	07FCC8	07FD38	07B01D	0C	78	42	4280	10	0-53:0:051;54-59:0:052;60-65:0:053;66-71:0:054;72-77:0:055;78-83:0:056;84-89:0:057;90-101:0:012;102-108:0:009;109-127:0:000	0:00f0;1:00f0;2:00f0;3:00f0;4:00f0;5:00f0;6:00f0;7:00f0;8:00f8;9:00f0
320	078BD4	58BD4	00	4	08046C	0804DC	07B01D	0C	78	42	4280	8	0-65:0:058;66-71:0:059;72-77:0:059;78-83:0:05A;84-87:0:05B;88-101:0:05C;102-108:0:009;109-127:0:000	0:00f7;1:00f2;2:00f6;3:00f0;4:00f0;5:00f0;6:00e8;7:00e0
321	078BE3	58BE3	00	4	0811CD	0811E6	07AE1D	0C	78	42	4280	2	0-77:0:05D;78-127:0:05E	0:00f8;1:00f8
322	078BF2	58BF2	00	4	0817AA	08181A	07B01D	0C	78	42	4280	7	0-53:0:05F;54-63:0:060;64-83:0:061;84-91:0:062;92-101:0:05C;102-108:0:009;109-127:0:000	0:00f9;1:00f9;2:00f9;3:00f9;4:00f0;5:00e8;6:00e0
323	078C01	58C01	00	4	081B6C	081BDC	07B01D	0C	78	42	4280	6	0-51:0:063;52-71:0:064;72-83:0:065;84-95:0:066;96-108:0:067;109-127:0:000	0:00f8;1:00f8;2:00f8;3:00f8;4:00f8;5:00f0
324	078C10	58C10	00	4	07F088	07F0F8	07B01D	0C	78	42	4280	9	0-53:0:019;54-59:0:01A;60-65:0:01B;66-71:0:01C;72-77:0:01D;78-89:0:01E;90-98:0:01F;99-108:0:009;109-127:0:000	0:00f7;1:00f5;2:00f4;3:00f3;4:00f1;5:00ef;6:00f0;7:00f8;8:00f0
325	078C1F	58C1F	00	4	07DB88	07DBF8	07B01D	0C	78	42	4280	11	0-41:0:020;42-47:0:021;48-53:0:022;54-59:0:023;60-65:0:024;66-71:0:025;72-77:0:026;78-89:0:027;90-101:0:012;102-108:0:009;109-127:0:000	0:00f7;1:00f7;2:00f6;3:00f6;4:00f6;5:00f5;6:00f4;7:00f4;8:00f0;9:00f8;10:00f0
326	078C2E	58C2E	00	4	07F11C	07F18C	07B01D	0C	78	42	4280	11	0-41:0:028;42-47:0:029;48-53:0:02A;54-59:0:02B;60-65:0:02C;66-71:0:02D;72-77:0:02E;78-89:0:02F;90-101:0:012;102-108:0:009;109-127:0:000	0:00f9;1:00f7;2:00f6;3:00f7;4:00f6;5:00f5;6:00f5;7:00f5;8:00f0;9:00f8;10:00f0
327	078C3D	58C3D	00	4	07FD60	07FDD0	07B01D	0C	78	42	4280	12	0-41:0:030;42-47:0:031;48-53:0:032;54-59:0:033;60-65:0:034;66-71:0:035;72-77:0:036;78-84:0:037;85-89:0:02F;90-101:0:012;102-108:0:009;109-127:0:000	0:00f7;1:00f7;2:00f6;3:00f6;4:00f6;5:00f7;6:00f6;7:00f5;8:00f1;9:00ec;10:00f4;11:00ec
328	078C4C	58C4C	00	4	0804FC	08056C	07B01D	0C	78	42	4280	12	0-41:0:038;42-47:0:039;48-53:0:03A;54-59:0:03B;60-65:0:03C;66-71:0:03D;72-77:0:03E;78-84:0:03F;85-89:0:02F;90-101:0:012;102-108:0:009;109-127:0:000	0:00f8;1:00f7;2:00f6;3:00f6;4:00f6;5:00f6;6:00f4;7:00ef;8:00e5;9:00e0;10:00e8;11:00e0
329	078C5B	58C5B	01	4	07DC24	07DC3D	07AE1D	0C	78	42	4280	2	0-101:0:068;102-127:0:000	0:00f0;1:00e8
330	078C6A	58C6A	00	4	07F1B8	07F228	07B01D	0C	78	42	4280	5	0-59:0:069;60-71:0:06A;72-81:0:06B;82-101:0:06C;102-127:0:000	0:00f3;1:00f3;2:00f3;3:00f3;4:00e0
331	078C79	58C79	00	4	07FE00	07FE27	07AF1D	0C	78	42	4280	5	0-53:0:06D;54-75:0:06E;76-91:0:06F;92-101:0:068;102-127:0:000	0:00f8;1:00f8;2:00f8;3:00f0;4:00e8
332	078C88	58C88	00	4	07DC45	07DCB5	07B01D	0C	78	42	4280	8	0-59:0:013;60-71:0:014;72-77:0:015;78-81:0:016;82-87:0:017;88-101:0:018;102-108:0:009;109-127:0:000	0:00f7;1:00f4;2:00f3;3:00f1;4:00ef;5:00ed;6:00f8;7:00f0
333	078C97	58C97	80	6	07DCD5	07DCEE	07AE1D	0C	60	42	4280	4	0-65:0:070;66-77:0:071;78-83:0:071;84-127:0:072	0:80f8c410;1:80fbc404;2:80f7c404;3:80f4c404
334	078CA6	58CA6	80	6	07DD06	07DD15	07AD9D	0C	60	42	4280	1	0-127:3:0ED	0:e0ff44fe
335	078CB5	58CB5	00	4	07DD1B	07DD2A	07AD9D	0C	78	42	4280	1	0-127:0:002	0:00f8
336	078CC4	58CC4	00	4	07F23C	07F24B	07AD9D	0C	6C	42	4280	1	0-127:3:0EC	0:00ff
337	078CD3	58CD3	80	6	0811EE	0811FD	07AD9D	0C	6C	42	4280	1	0-127:3:13C	0:00ffc405
338	078CE2	58CE2	80	6	081836	081845	07AD9D	0C	6C	42	4280	1	0-127:3:13D	0:00f5c408
339	078CF1	58CF1	00	4	0822ED	0822FC	07AD9D	0C	4F	42	4280	1	0-127:5:090	0:00eb
340	078D00	58D00	00	4	082489	082498	07AD9D	0C	6C	42	4280	1	0-127:5:091	0:00e6
341	078D0F	58D0F	00	4	0825A3	0825B2	07AD9D	0C	78	42	4D44	1	0-127:0:002	0:00f8
342	078D1E	58D1E	00	4	082D5B	082D6A	07AD9D	0C	78	42	4880	1	0-127:0:01D	0:00f1
343	078D2D	58D2D	00	4	0825B6	0825C5	07AD9D	0C	78	42	4D44	1	0-127:5:022	0:0001
344	078D3C	58D3C	00	4	0825C9	0825D8	07AD9D	0C	78	42	4D44	1	0-127:5:023	0:00f9
345	078D4B	58D4B	00	4	0825DC	0825EB	07AD9D	0C	78	42	4D44	1	0-127:5:024	0:00fe
346	078D5A	58D5A	00	4	0825EF	0825FE	07AD9D	0C	78	42	4D44	1	0-127:5:025	0:00fe
347	078D69	58D69	00	4	082602	082611	07AD9D	0C	78	42	4D44	1	0-127:5:026	0:00ff
348	078D78	58D78	00	4	082615	082624	07AD9D	0C	78	42	4D44	1	0-127:5:027	0:00e9
349	078D87	58D87	00	4	082628	082637	07AD9D	0C	78	42	4D44	1	0-127:5:028	0:00ff
350	078D96	58D96	00	4	08263B	08264A	07AD9D	0C	78	42	4D44	1	0-127:5:029	0:00fd
351	078DA5	58DA5	00	4	08264E	08265D	07AD9D	0C	78	42	4D44	1	0-127:5:02A	0:00fc
352	078DB4	58DB4	00	4	082661	082670	07AD9D	0C	78	42	4D44	1	0-127:5:02B	0:00fe
353	078DC3	58DC3	00	4	082674	082683	07AD9D	0C	78	42	4D44	1	0-127:5:02C	0:00fb
354	078DD2	58DD2	00	4	082687	082696	07AD9D	0C	78	42	4EBC	1	0-127:5:078	0:00f1
355	078DE1	58DE1	00	4	08269A	0826A9	07AD9D	0C	78	42	4D44	1	0-127:5:02D	0:0002
356	078DF0	58DF0	00	4	0826AD	0826BC	07AD9D	0C	78	42	4D44	1	0-127:5:02E	0:0002
357	078DFF	58DFF	00	4	082D6E	082D7D	07AD9D	0C	78	42	4D44	1	0-127:5:02F	0:00f0
358	078E0E	58E0E	00	4	0826C0	0826CF	07AD9D	0C	78	42	4D44	1	0-127:5:031	0:00fa
359	078E1D	58E1D	00	4	082D81	082D90	07AD9D	0C	78	42	4D44	1	0-127:5:032	0:00f9
360	078E2C	58E2C	00	4	0826D3	0826E2	07AD9D	0C	78	42	4D44	1	0-127:5:033	0:00ff
361	078E3B	58E3B	00	4	0826E6	0826F5	07AD9D	0C	78	42	4D44	1	0-127:5:034	0:00fa
362	078E4A	58E4A	00	4	0826F9	082708	07AD9D	0C	78	42	4D44	1	0-127:5:035	0:00ea
363	078E59	58E59	00	4	08270C	08271B	07AD9D	0C	78	42	4D44	1	0-127:5:036	0:00fa
364	078E68	58E68	00	4	08271F	08272E	07AD9D	0C	78	42	4D44	1	0-127:5:037	0:00fa
365	078E77	58E77	00	4	082732	082741	07AD9D	0C	78	42	4D44	1	0-127:5:038	0:00f9
366	078E86	58E86	00	4	082745	082754	07AD9D	0C	78	42	4D44	1	0-127:5:039	0:0001
367	078E95	58E95	00	4	082758	082767	07AD9D	0C	78	42	4D44	1	0-127:5:03A	0:00f2
368	078EA4	58EA4	00	4	08276B	08277A	07AD9D	0C	78	42	4D44	1	0-127:5:05D	0:00f5
369	078EB3	58EB3	00	4	082D94	082DA3	07AD9D	0C	78	42	4D44	1	0-127:5:05E	0:00fe
370	078EC2	58EC2	00	4	08277E	08278D	07AD9D	0C	78	42	4D44	1	0-127:5:03B	0:00f2
371	078ED1	58ED1	00	4	082791	0827A0	07AD9D	0C	78	42	4EBC	1	0-127:5:079	0:00f4
372	078EE0	58EE0	00	4	0827A4	0827B3	07AD9D	0C	78	42	4D44	1	0-127:5:030	0:00ed
373	078EEF	58EEF	00	4	0827B7	0827C6	07AD9D	0C	78	42	4561	1	0-127:4:09A	0:00fc
374	078EFE	58EFE	08	4	0827CA	0827D9	07AD9D	0C	78	42	4D44	1	0-127:5:05A	0:00cf
375	078F0D	58F0D	00	4	0827DD	0827EC	07AD9D	0C	78	42	4D44	1	0-127:5:05B	0:00f2
376	078F1C	58F1C	00	4	0827F0	0827FF	07AD9D	0C	78	42	534D	1	0-127:5:046	0:00f7
377	078F2B	58F2B	00	4	082803	082812	07AD9D	0C	78	42	4D44	1	0-127:5:047	0:00fd
378	078F3A	58F3A	00	4	082816	082825	07AD9D	0C	78	42	4D44	1	0-127:5:048	0:00fe
379	078F49	58F49	00	4	082829	082838	07AD9D	0C	78	42	534D	1	0-127:5:03C	0:00fd
380	078F58	58F58	00	4	082F82	082F91	07AD9D	0C	78	42	501E	1	0-127:5:041	0:00fc
381	078F67	58F67	00	4	08283C	08284B	07AD9D	0C	78	42	5167	1	0-127:5:042	0:0008
382	078F76	58F76	00	4	082F95	082FA4	07AD9D	0C	78	42	5167	1	0-127:5:043	0:00ff
383	078F85	58F85	00	4	08284F	08285E	07AD9D	0C	78	42	534D	1	0-127:5:03D	0:00ee
384	078F94	58F94	00	4	082862	082871	07AD9D	0C	78	42	5167	1	0-127:5:044	0:00ef
385	078FA3	58FA3	00	4	082875	082884	07AD9D	0C	78	42	534D	1	0-127:5:03E	0:00f5
386	078FB2	58FB2	00	4	082888	082897	07AD9D	0C	78	42	4D44	1	0-127:5:045	0:00ff
387	078FC1	58FC1	00	4	08289B	0828AA	07AD9D	0C	78	42	4D44	1	0-127:5:03F	0:00fd
388	078FD0	58FD0	00	4	0828AE	0828BD	07AD9D	0C	78	42	1F87	1	0-127:5:05C	0:00ff
389	078FDF	58FDF	00	4	0828C1	0828D0	07AD9D	0C	78	42	4D44	1	0-127:5:040	0:0000
390	078FEE	58FEE	08	4	0828D4	0828E3	07AD9D	0C	78	42	4D44	1	0-127:5:049	0:00f5
391	078FFD	58FFD	00	4	083053	083062	07AD9D	0C	78	42	4D44	1	0-127:5:04A	0:00f2
392	07900C	5900C	08	4	0828E7	0828F6	07AD9D	0C	78	42	4D44	1	0-127:5:05F	0:00f5
393	07901B	5901B	08	4	082FA8	082FB7	07AD9D	0C	78	42	4D44	1	0-127:5:060	0:0000
394	07902A	5902A	08	4	0828FA	082909	07AD9D	0C	78	42	4561	1	0-127:4:09A	0:00fc
395	079039	59039	00	4	08290D	08291C	07AD9D	0C	78	42	4D44	1	0-127:5:04B	0:00f4
396	079048	59048	00	4	082920	08292F	07AD9D	0C	78	42	4D44	1	0-127:5:061	0:00f2
397	079057	59057	00	4	082933	082942	07AD9D	0C	78	42	4561	1	0-127:4:09A	0:00fc
398	079066	59066	08	4	082946	082955	07AD9D	0C	78	42	4D44	1	0-127:5:04C	0:00f2
399	079075	59075	00	4	082959	082968	07AD9D	0C	78	42	534D	1	0-127:5:056	0:00f2
400	079084	59084	00	4	082FBB	082FCA	07AD9D	0C	78	42	534D	1	0-127:5:057	0:00fc
401	079093	59093	00	4	08296C	08297B	07AD9D	0C	78	42	534D	1	0-127:5:058	0:00f6
402	0790A2	590A2	00	4	08297F	08298E	07AD9D	0C	78	42	534D	1	0-127:5:059	0:00f7
403	0790B1	590B1	00	4	082992	0829A1	07AD9D	0C	78	42	4D44	1	0-127:5:07A	0:00fa
404	0790C0	590C0	00	4	0829A5	0829B4	07AD9D	0C	78	42	49C1	1	0-127:5:04E	0:00f5
405	0790CF	590CF	00	4	0829B8	0829C7	07AD9D	0C	78	42	4D44	1	0-127:5:051	0:00eb
406	0790DE	590DE	00	4	0829CB	0829DA	07AD9D	0C	78	42	4D44	1	0-127:5:054	0:00eb
407	0790ED	590ED	00	4	0829DE	0829ED	07AD9D	0C	78	42	4D44	1	0-127:5:052	0:00eb
408	0790FC	590FC	00	4	0829F1	082A00	07AD9D	0C	78	42	4D44	1	0-127:5:062	0:00ff
409	07910B	5910B	00	4	082A04	082A13	07AD9D	0C	78	42	4D44	1	0-127:5:063	0:00f5
410	07911A	5911A	00	4	082A17	082A26	07AD9D	0C	78	42	4D44	1	0-127:5:064	0:00fc
411	079129	59129	00	4	082A2A	082A39	07AD9D	0C	78	42	4D44	1	0-127:5:065	0:00f3
412	079138	59138	00	4	082A3D	082A4C	07AD9D	0C	78	42	4D44	1	0-127:5:088	0:00f9
413	079147	59147	08	4	082DA7	082DB6	07AD9D	0C	78	42	4D44	1	0-127:5:089	0:00fa
414	079156	59156	00	4	082A50	082A5F	07AD9D	0C	78	42	4E80	1	0-127:3:112	0:00f3
415	079165	59165	00	4	082A63	082A72	07AD9D	0C	78	42	3280	1	0-127:2:0AE	0:0000
416	079174	59174	00	4	082FCE	082FDD	07AD9D	0C	78	42	34D5	1	0-127:2:0B8	0:00fd
417	079183	59183	00	4	082A76	082A85	07AD9D	0C	78	42	4EBC	1	0-127:5:067	0:00e2
418	079192	59192	00	4	082DBA	082DC9	07AD9D	0C	78	42	4EBC	1	0-127:5:068	0:00c5
419	0791A1	591A1	00	4	082F36	082F45	07AD9D	0C	78	42	4EBC	1	0-127:5:069	0:00fd
420	0791B0	591B0	00	4	082FE1	082FF0	07AD9D	0C	78	42	4EBC	1	0-127:5:06A	0:00f8
421	0791BF	591BF	00	4	082A89	082A98	07AD9D	0C	78	42	4D44	1	0-127:5:06B	0:00db
422	0791CE	591CE	00	4	082DCD	082DDC	07AD9D	0C	78	42	4D44	1	0-127:5:06C	0:00d3
423	0791DD	591DD	00	4	082ED7	082EE6	07AD9D	0C	78	42	4D44	1	0-127:5:06D	0:00fd
424	0791EC	591EC	00	4	082F49	082F58	07AD9D	0C	78	42	4F44	1	0-127:5:06E	0:00f8
425	0791FB	591FB	08	4	082FF4	083003	07AD9D	0C	78	42	4D44	1	0-127:5:06E	0:00f8
426	07920A	5920A	00	4	08302D	08303C	07AD9D	0C	78	42	4D44	1	0-127:5:06F	0:00fb
427	079219	59219	00	4	082A9C	082AAB	07AD9D	0C	78	42	4EBC	1	0-127:5:082	0:00fb
428	079228	59228	00	4	082DE0	082DEF	07AD9D	0C	78	42	4EBC	1	0-127:5:083	0:00e8
429	079237	59237	00	4	082AAF	082ABE	07AD9D	0C	78	42	4D44	1	0-127:4:0A2	0:00f1
430	079246	59246	00	4	082EEA	082EF9	07AD9D	0C	78	42	4D44	1	0-127:5:072	0:00f8
431	079255	59255	00	4	082F5C	082F6B	07AD9D	0C	78	42	4D44	1	0-127:5:071	0:00f5
432	079264	59264	00	4	083066	083075	07AD9D	0C	78	42	4D44	1	0-127:5:070	0:0000
433	079273	59273	00	4	082AC2	082AD1	07AD9D	0C	78	42	1FC4	1	0-127:3:0ED	0:00ff
434	079282	59282	00	4	082AD5	082AE4	07AD9D	0C	78	42	4EBC	1	0-127:5:073	0:00fa
435	079291	59291	00	4	082DF3	082E02	07AD9D	0C	78	42	4EBC	1	0-127:5:074	0:00ff
436	0792A0	592A0	00	4	082AE8	082AF7	07AD9D	0C	78	42	4EBC	1	0-127:5:075	0:00f8
437	0792AF	592AF	00	4	082E06	082E15	07AD9D	0C	78	42	4EBC	1	0-127:5:076	0:00f8
438	0792BE	592BE	00	4	082AFB	082B0A	07AD9D	0C	78	42	4D44	1	0-127:5:077	0:00fe
439	0792CD	592CD	00	4	082B0E	082B1D	07AD9D	0C	78	42	4D44	1	0-127:5:07D	0:00fe
440	0792DC	592DC	00	4	082B21	082B30	07AD9D	0C	78	42	4D44	1	0-127:5:07E	0:00f7
441	0792EB	592EB	00	4	082B34	082B43	07AD9D	0C	78	42	4D44	1	0-127:5:07F	0:00f9
442	0792FA	592FA	08	4	082B47	082B56	07AD9D	0C	78	42	4EBC	1	0-127:5:080	0:00f5
443	079309	59309	08	4	082E19	082E28	07AD9D	0C	78	42	4D44	1	0-127:4:0A1	0:00f1
444	079318	59318	00	4	082B5A	082B69	07AD9D	0C	78	42	4EBC	1	0-127:5:084	0:00fd
445	079327	59327	00	4	082E2C	082E3B	07AD9D	0C	78	42	4EBC	1	0-127:5:085	0:00ed
446	079336	59336	00	4	082B6D	082B7C	07AD9D	0C	78	42	4D44	1	0-127:5:086	0:00fe
447	079345	59345	00	4	082E3F	082E4E	07AD9D	0C	78	42	4D44	1	0-127:5:087	0:00f0
448	079354	59354	00	4	082B80	082B8F	07AD9D	0C	78	42	4D44	1	0-127:5:07B	0:00ff
449	079363	59363	00	4	082B93	082BA2	07AD9D	0C	78	42	4EBC	1	0-127:5:08A	0:00f7
450	079372	59372	00	4	082BA6	082BB5	07AD9D	0C	78	42	4EBC	1	0-127:5:08B	0:00fa
451	079381	59381	00	4	082BB9	082BC8	07AD9D	0C	78	42	4EBC	1	0-127:5:08C	0:0000
452	079390	59390	00	4	082BCC	082BDB	07AD9D	0C	78	42	4EBC	1	0-127:5:08D	0:00ff
453	07939F	5939F	00	4	082BDF	082BEE	07AD9D	0C	78	42	4D44	1	0-127:5:081	0:0000
454	0793AE	593AE	00	4	082BF2	082C01	07AD9D	0C	78	42	4D44	1	0-127:4:0A7	0:00f9
455	0793BD	593BD	00	4	082E52	082E61	07AD9D	0C	78	42	4D44	1	0-127:4:0A6	0:00fd
456	0793CC	593CC	00	4	082C05	082C14	07AD9D	0C	78	42	4D44	1	0-127:4:0A1	0:00f1
457	0793DB	593DB	00	4	082C18	082C27	07AD9D	0C	78	42	4D44	1	0-127:4:0AD	0:00ef
458	0793EA	593EA	00	4	082E65	082E74	07AD9D	0C	78	42	4D44	1	0-127:4:0AE	0:00ef
459	0793F9	593F9	00	4	082EFD	082F0C	07AD9D	0C	78	42	4D44	1	0-127:4:0AF	0:00ef
460	079408	59408	00	4	082F6F	082F7E	07AD9D	0C	78	42	4D44	1	0-127:4:0B0	0:00ef
461	079417	59417	00	4	083007	083016	07AD9D	0C	78	42	4D44	1	0-127:4:0B1	0:00e9
462	079426	59426	00	4	082C2B	082C3A	07AD9D	0C	78	42	4D44	1	0-127:4:0B5	0:00ec
463	079435	59435	00	4	082C3E	082C4D	07AD9D	0C	78	42	4D44	1	0-127:4:0A8	0:00fb
464	079444	59444	00	4	082E78	082E87	07AD9D	0C	78	42	4D44	1	0-127:4:0A9	0:00fb
465	079453	59453	00	4	082F10	082F1F	07AD9D	0C	78	42	4D44	1	0-127:4:0AA	0:00fb
466	079462	59462	00	4	082C51	082C60	07AD9D	0C	78	42	4D44	1	0-127:4:0B3	0:00e5
467	079471	59471	00	4	082C64	082C73	07AD9D	0C	78	42	4D44	1	0-127:4:0B2	0:00f0
468	079480	59480	00	4	082C77	082C86	07AD9D	0C	78	42	4D44	1	0-127:4:0B4	0:00f3
469	07948F	5948F	00	4	082C8A	082C99	07AD9D	0C	78	42	4180	1	0-127:3:0EC	0:00ff
470	07949E	5949E	00	4	082C9D	082CAC	07AD9D	0C	78	42	4880	1	0-127:0:0D4	0:00f8
471	0794AD	594AD	00	4	082E8B	082E9A	07AD9D	0C	78	42	4D44	1	0-127:4:0AB	0:00ea
472	0794BC	594BC	00	4	082F23	082F32	07AD9D	0C	78	42	4D44	1	0-127:4:0AC	0:00e3
473	0794CB	594CB	00	4	082CB0	082CBF	07AD9D	0C	78	42	2E80	1	0-127:4:09B	0:00fa
474	0794DA	594DA	00	4	082E9E	082EAD	07AD9D	0C	78	42	4527	1	0-127:4:09D	0:00ce
475	0794E9	594E9	00	4	082CC3	082CD2	07AD9D	0C	78	42	4EBC	1	0-127:3:061	0:00f9
476	0794F8	594F8	00	4	082EB1	082EC0	07AD9D	0C	78	42	4EBC	1	0-127:3:060	0:00fc
477	079507	59507	00	4	08301A	083029	07AD9D	0C	78	42	4EBC	1	0-127:1:0B0	0:00fb
478	079516	59516	00	4	083040	08304F	07AD9D	0C	78	42	4D44	1	0-127:3:086	0:00f6
479	079525	59525	00	4	082CD6	082CE5	07AD9D	0C	78	42	5167	1	0-127:3:05F	0:00f2
480	079534	59534	00	4	082CE9	082CF8	07AD9D	0C	78	42	5880	1	0-127:4:0A5	0:00f3
481	079543	59543	00	4	082CFC	082D0B	07AD9D	0C	78	42	49C1	1	0-127:5:08F	0:00fb
482	079552	59552	00	4	082D0F	082D1E	07AD9D	0C	78	42	4D44	1	0-127:5:090	0:00eb
483	079561	59561	00	4	082EC4	082ED3	07AD9D	0C	78	42	4D44	1	0-127:5:091	0:00e6
484	079570	59570	00	4	082D22	082D31	07AD9D	0C	78	42	4D44	1	0-127:5:066	0:00ea
485	07957F	5957F	00	4	082D35	082D44	07AD9D	0C	78	42	4D44	1	0-127:5:07C	0:0003
486	07958E	5958E	00	4	082D48	082D57	07AD9D	0C	78	42	4D44	1	0-127:4:0A0	0:00d5
