page	class	chunk	param_ptr	wave_off	rom_start	rom_end	samples	shared	param_record
0	4	0	0x0318	0x01A3	0x001A30	0x001C30	256	1	
0	4	1	0x031A	0x01C3	0x001C30	0x002730	1408	1	40/00 30/00 20/00 00/c0
0	4	2	0x0324	0x0273	0x002730	0x003030	1152	1	40/00 30/00 20/00
0	4	3	0x032C	0x0303	0x003030	0x0035B0	704	1	40/00 30/00 20/00 00/c0
0	4	4	0x0336	0x035B	0x0035B0	0x0039B0	512	1	40/00
0	4	5	0x033A	0x039B	0x0039B0	0x003EB0	640	1	40/00
0	4	6	0x033E	0x03EB	0x003EB0	0x004230	448	1	40/00
0	4	7	0x0342	0x0423	0x004230	0x004370	160	1	40/00
0	4	8	0x0346	0x0437	0x004370	0x004410	80	1	fd/00
0	4	9	0x034A	0x0441	0x004410	0x004510	128	1	fe/01 40/00
0	4	10	0x0350	0x0451	0x004510	0x004A10	640	1	40/c0
0	4	11	0x0354	0x04A1	0x004A10	0x004F10	640	1	40/00
0	4	12	0x0358	0x04F1	0x004F10	0x005290	448	1	40/00
0	4	13	0x035C	0x0529	0x005290	0x005690	512	1	40/c0
0	4	14	0x0360	0x0569	0x005690	0x005C10	704	1	40/00
0	4	15	0x0364	0x05C1	0x005C10	0x005FD0	480	1	40/00
0	4	16	0x0368	0x05FD	0x005FD0	0x0064D0	640	1	40/c0
0	4	17	0x036C	0x064D	0x0064D0	0x006BD0	896	1	40/00
0	4	18	0x0370	0x06BD	0x006BD0	0x0070D0	640	1	00/c0
0	4	19	0x0374	0x070D	0x0070D0	0x0073D0	384	1	40/00
0	4	20	0x0378	0x073D	0x0073D0	0x0082D0	1920	1	40/00 30/00
0	4	21	0x037E	0x082D	0x0082D0	0x008AD0	1024	1	40/00 30/00
0	4	22	0x0384	0x08AD	0x008AD0	0x0092D0	1024	1	40/00 30/00
0	4	23	0x038A	0x092D	0x0092D0	0x009750	576	1	40/00 30/c0
0	4	24	0x0390	0x0975	0x009750	0x009D50	768	1	40/00 30/c0
0	4	25	0x0396	0x09D5	0x009D50	0x00A650	1152	1	40/00 30/00
0	4	26	0x039C	0x0A65	0x00A650	0x00B190	1440	1	40/00 30/c0
0	4	27	0x03A2	0x0B19	0x00B190	0x00C090	1920	1	40/00 30/00
0	4	28	0x03A8	0x0C09	0x00C090	0x00C890	1024	1	40/00 30/00
0	4	29	0x03AE	0x0C89	0x00C890	0x00D090	1024	1	40/00 30/00
0	4	30	0x03B4	0x0D09	0x00D090	0x00D510	576	1	40/00 30/c0
0	4	31	0x03BA	0x0D51	0x00D510	0x00DB10	768	1	40/00 30/c0
0	4	32	0x03C0	0x0DB1	0x00DB10	0x00E410	1152	1	40/00 30/00
0	4	33	0x03C6	0x0E41	0x00E410	0x00EF50	1440	1	40/00 30/c0
0	4	34	0x03CC	0x0EF5	0x00EF50	0x012B60	7688	1	e2/40
0	4	35	0x03D0	0x12B6	0x012B60	0x015F70	6664	1	ff/0a cc/40
0	4	36	0x03D6	0x15F7	0x015F70	0x019100	6344	1	ff/11 fe/01 d2/80
0	4	37	0x03DE	0x1910	0x019100	0x01BA50	5288	1	ff/0a f9/08 ff/08 fc/08 fe/08 d3/40
0	4	38	0x03EC	0x1BA5	0x01BA50	0x01E320	5224	1	fe/0a f2/08 f0/08 fd/08 e8/40
0	4	39	0x03F8	0x1E32	0x01E320	0x022870	8872	1	fe/1c fa/0a ff/08 ff/08 f7/08 ff/08 ff/08 ff/08 ff/08 ff/08 ff/08 ff/08 ff/08 ff/08 ff/08 ff/08 ff/08 ff/08 ff/08 ff/08 ff/08 ff/08 ff/08 ff/08 ff/08 ff/08 ff/08 ff/08 ff/08 fe/00 ff/01 ff/01 ff/01 ff
0	4	40	0x0478	0x2287	0x022870	0x025E90	6928	1	fc/80
0	4	41	0x047C	0x25E9	0x025E90	0x0290B0	6416	1	fd/80
0	4	42	0x0480	0x290B	0x0290B0	0x02A8B0	3072	1	40/c0
0	4	43	0x0484	0x2A8B	0x02A8B0	0x02C3B0	3456	1	40/c0
0	4	44	0x0488	0x2C3B	0x02C3B0	0x02D6B0	2432	1	40/c0
0	4	45	0x048C	0x2D6B	0x02D6B0	0x02F1B0	3456	1	40/c0
0	4	46	0x0490	0x2F1B	0x02F1B0	0x0304B0	2432	1	fe/0a bd/00
0	4	47	0x0496	0x304B	0x0304B0	0x033AD0	6928	1	fc/80
0	4	48	0x049A	0x33AD	0x033AD0	0x036CF0	6416	1	fd/80
0	4	49	0x049E	0x36CF	0x036CF0	0x0384F0	3072	1	40/c0
0	4	50	0x04A2	0x384F	0x0384F0	0x039FF0	3456	1	40/c0
0	4	51	0x04A6	0x39FF	0x039FF0	0x03B2F0	2432	1	40/c0
0	4	52	0x04AA	0x3B2F	0x03B2F0	0x03CDF0	3456	1	40/c0
0	4	53	0x04AE	0x3CDF	0x03CDF0	0x03E0F0	2432	1	ff/13 fb/01 ff/01 40/c0
0	4	54	0x04B8	0x3E0F	0x03E0F0	0x03EDF0	1664	1	40/00 30/00
0	4	55	0x04BE	0x3EDF	0x03EDF0	0x03F670	1088	1	40/00 30/00
0	4	56	0x04C4	0x3F67	0x03F670	0x03FCF0	832	1	40/00 30/00
0	4	57	0x04CA	0x3FCF	0x03FCF0	0x0404F0	1024	1	40/00 30/00
0	4	58	0x04D0	0x404F	0x0404F0	0x0406F0	256	1	fe/12 38/00 28/c0
0	4	59	0x04D8	0x406F	0x0406F0	0x040870	192	1	ff/1c 40/03 30/c0
0	4	60	0x04E0	0x4087	0x040870	0x040AB0	288	1	ff/13 38/01 28/c0
0	4	61	0x04E8	0x40AB	0x040AB0	0x040BD0	144	1	ff/24 38/01 28/c0
0	4	62	0x04F0	0x40BD	0x040BD0	0x041150	704	1	40/00 30/c0
0	4	63	0x04F6	0x4115	0x041150	0x0414D0	448	1	40/00 30/c0
0	4	64	0x04FC	0x414D	0x0414D0	0x04C5F0	22672	1	82/80
0	4	65	0x0500	0x4C5F	0x04C5F0	0x051800	10504	1	ff/13 fd/01 fe/49 fe/08 f9/08 f3/08 ed/08 ee/08 f2/08 f7/08
0	4	66	0x0516	0x5180	0x051800	0x058050	13352	1	ff/1c fc/0a eb/08 fa/08 f8/08 e7/08 f7/08 fd/08 da/01 b0/09 f9/08 fa/0a
0	4	67	0x0530	0x5805	0x058050	0x05C6E0	9032	1	ff/0a a4/08 e8/00 ff/01 b6/08 e4/08 f3/00
0	4	68	0x0540	0x5C6E	0x05C6E0	0x0606F0	8200	1	ff/1c fe/0a f1/08 9e/00 f7/01 ed/01 e1/08 e3/08 f8/01 fd/01 f4/01 f0/01 fe/01 f2/08
0	4	69	0x055E	0x606F	0x0606F0	0x072C10	37520	1	80/00 80/00
0	4	70	0x0564	0x72C1	0x072C10	0x07A330	15248	1	c8/80
0	4	71	0x0568	0x7A33	0x07A330	0x07D540	6408	1	fe/1c ff/0a a9/40
0	4	72	0x0570	0x7D54	0x07D540	0x080110	5608	1	ff/1c ff/0a a2/40
0	4	73	0x0578	0x8011	0x080110	0x0829C0	5208	1	fe/1c fe/0a ee/08 a0/00 80/00
0	4	74	0x0584	0x829C	0x0829C0	0x089650	13896	1	fe/1c fc/0a e0/08 ce/00 f5/01 ed/01 ec/40 f3/01 f6/01 e2/80
0	4	75	0x059A	0x8965	0x089650	0x08AE50	3072	1	40/00 30/00 20/c0
0	4	76	0x05A2	0x8AE5	0x08AE50	0x08EC50	7936	1	40/00 30/00 20/c0
0	4	77	0x05AA	0x8EC5	0x08EC50	0x091650	5376	1	40/00 30/00 20/c0
0	4	78	0x05B2	0x9165	0x091650	0x092750	2176	1	40/00 30/00 20/00
0	4	79	0x05BA	0x9275	0x092750	0x093A50	2432	1	40/00 30/00 20/00
0	4	80	0x05C2	0x93A5	0x093A50	0x094F50	2688	1	40/00 30/00 20/00
0	4	81	0x05CA	0x94F5	0x094F50	0x096350	2560	1	40/00 30/00 20/00 00/c0
0	4	82	0x05D4	0x9635	0x096350	0x096FD0	1600	1	40/00 30/00 20/00 00/c0
0	4	83	0x05DE	0x96FD	0x096FD0	0x097AD0	1408	1	40/00 30/00 20/00 00/c0
0	4	84	0x05E8	0x97AD	0x097AD0	0x0984D0	1280	1	40/00 28/00 00/c0
0	4	85	0x05F0	0x984D	0x0984D0	0x0991D0	1664	1	40/00 30/00 20/00
0	4	86	0x05F8	0x991D	0x0991D0	0x0998D0	896	1	40/00 30/00 20/00
0	4	87	0x0600	0x998D	0x0998D0	0x09A0D0	1024	1	40/00 30/00 20/00
0	4	88	0x0608	0x9A0D	0x09A0D0	0x09B1D0	2176	1	40/00 30/00 20/00 00/c0
0	4	89	0x0612	0x9B1D	0x09B1D0	0x09C3D0	2304	1	40/00 30/00 20/00 00/c0
0	4	90	0x061C	0x9C3D	0x09C3D0	0x09CDD0	1280	1	40/00 30/00 20/00 00/c0
0	4	91	0x0626	0x9CDD	0x09CDD0	0x09D950	1472	1	40/00 30/00 20/00 00/c0
0	4	92	0x0630	0x9D95	0x09D950	0x09E6D0	1728	1	40/00 30/00 20/00 00/c0
0	4	93	0x063A	0x9E6D	0x09E6D0	0x09F550	1856	1	40/00 30/00 20/00 00/c0
0	4	94	0x0644	0x9F55	0x09F550	0x09FD50	1024	1	40/00 30/00 20/00
0	4	95	0x064C	0x9FD5	0x09FD50	0x0A0650	1152	1	40/00 30/00 20/00 00/c0
0	4	96	0x0656	0xA065	0x0A0650	0x0A10D0	1344	1	40/00 30/00 20/00 00/c0
0	4	97	0x0660	0xA10D	0x0A10D0	0x0A1E50	1728	1	40/00 30/00 20/00 00/c0
0	4	98	0x066A	0xA1E5	0x0A1E50	0x0A2ED0	2112	1	40/00 30/00 20/00 10/00
0	4	99	0x0674	0xA2ED	0x0A2ED0	0x0A37D0	1152	1	fc/1c fd/0a f5/00 38/00 28/00 18/00
0	4	100	0x0682	0xA37D	0x0A37D0	0x0A4490	1632	1	fd/1c fd/0a e4/00 38/00 28/00 18/00
0	4	101	0x0690	0xA449	0x0A4490	0x0A4D50	1120	1	fe/1c fc/0a d6/00 38/00 28/00 18/00
0	4	102	0x069E	0xA4D5	0x0A4D50	0x0A5750	1280	1	40/00 30/00 20/00 00/c0
0	4	103	0x06A8	0xA575	0x0A5750	0x0A6150	1280	1	40/00 30/00 20/00 00/c0
0	4	104	0x06B2	0xA615	0x0A6150	0x0A7950	3072	1	40/00 30/00 20/00 00/c0
0	4	105	0x06BC	0xA795	0x0A7950	0x0A8650	1664	1	40/00 30/00 20/00 00/c0
0	4	106	0x06C6	0xA865	0x0A8650	0x0A9350	1664	1	40/00 30/00 20/00
0	4	107	0x06CE	0xA935	0x0A9350	0x0AA250	1920	1	40/00 30/00 20/00
0	4	108	0x06D6	0xAA25	0x0AA250	0x0AABD0	1216	1	40/00 30/00 20/00 00/c0
0	4	109	0x06E0	0xAABD	0x0AABD0	0x0AB650	1344	1	40/00 30/00 20/00
0	4	110	0x06E8	0xAB65	0x0AB650	0x0AC3D0	1728	1	40/00 30/00 20/00 00/c0
0	4	111	0x06F2	0xAC3D	0x0AC3D0	0x0AD3D0	2048	1	40/00 30/00 20/00 00/c0
0	4	112	0x06FC	0xAD3D	0x0AD3D0	0x0ADC90	1120	1	40/00 30/00 20/00
0	4	113	0x0704	0xADC9	0x0ADC90	0x0AEF90	2432	1	40/00 30/00 18/00
0	4	114	0x070C	0xAEF9	0x0AEF90	0x0AF6D0	928	1	ff/1c fe/0a f0/00 38/00 28/00 00/c0
0	4	115	0x071A	0xAF6D	0x0AF6D0	0x0AFC50	704	1	ff/1c fe/0a fa/00 38/00 28/00 00/c0
0	4	116	0x0728	0xAFC5	0x0AFC50	0x0B02D0	832	1	ff/1c fe/0a f7/00 38/00 28/00 00/c0
0	4	117	0x0736	0xB02D	0x0B02D0	0x0B0AD0	1024	1	fe/1c fe/0a f0/00 38/00 28/00 18/00
0	4	118	0x0744	0xB0AD	0x0B0AD0	0x0B0ED0	512	1	fe/1c fe/0a f1/00 38/00 28/00 00/c0
0	4	119	0x0752	0xB0ED	0x0B0ED0	0x0B13F0	656	1	fd/1c fd/0a ea/00 38/00 28/00 00/c0
0	4	120	0x0760	0xB13F	0x0B13F0	0x0B20B0	1632	1	40/00 30/00 20/00 00/c0
0	4	121	0x076A	0xB20B	0x0B20B0	0x0B3EB0	3840	1	40/00 30/00 20/00
0	4	122	0x0772	0xB3EB	0x0B3EB0	0x0B72B0	6656	1	40/00 30/00 20/00 00/c0
0	4	123	0x077C	0xB72B	0x0B72B0	0x0B84B0	2304	1	40/00 30/00 20/00
0	4	124	0x0784	0xB84B	0x0B84B0	0x0B97B0	2432	1	40/00 30/00 20/00
0	4	125	0x078C	0xB97B	0x0B97B0	0x0BA8B0	2176	1	40/00 30/00 20/00 00/c0
0	4	126	0x0796	0xBA8B	0x0BA8B0	0x0BB3B0	1408	1	40/00 30/00 20/00
0	4	127	0x079E	0xBB3B	0x0BB3B0	0x0BBFB0	1536	1	40/00 30/00 20/00
0	4	128	0x07A6	0xBBFB	0x0BBFB0	0x0BCE30	1856	1	40/00 30/00 20/00 00/c0
0	4	129	0x07B0	0xBCE3	0x0BCE30	0x0BDE30	2048	1	40/00 30/00 20/00
0	4	130	0x07B8	0xBDE3	0x0BDE30	0x0BF930	3456	1	40/00 30/00 20/00 00/c0
0	4	131	0x07C2	0xBF93	0x0BF930	0x0C1430	3456	1	40/00 30/00 20/00 00/c0
0	4	132	0x07CC	0xC143	0x0C1430	0x0C2A30	2816	1	40/00 30/00 20/c0
0	4	133	0x07D4	0xC2A3	0x0C2A30	0x0C31B0	960	1	fd/1c fc/0a ff/00 38/00 28/00
0	4	134	0x07E0	0xC31B	0x0C31B0	0x0C3A30	1088	1	fc/1c fc/0a f9/00 38/00 28/00
0	4	135	0x07EC	0xC3A3	0x0C3A30	0x0C3EF0	608	1	fd/1c fe/0a ee/00 38/00 28/00
0	4	136	0x07F8	0xC3EF	0x0C3EF0	0x0C54F0	2816	1	40/00 30/00 20/c0
0	4	137	0x0800	0xC54F	0x0C54F0	0x0C6D70	3136	1	40/00 30/00 20/c0
0	4	138	0x0808	0xC6D7	0x0C6D70	0x0C7A70	1664	1	40/00 30/00 20/00
0	4	139	0x0810	0xC7A7	0x0C7A70	0x0C8A70	2048	1	40/00 30/00 20/00 00/c0
0	4	140	0x081A	0xC8A7	0x0C8A70	0x0C9DF0	2496	1	40/00 30/00 20/00
0	4	141	0x0822	0xC9DF	0x0C9DF0	0x0CB370	2752	1	40/00 28/00
0	4	142	0x0828	0xCB37	0x0CB370	0x0CB970	768	1	40/00 30/00 20/00
0	4	143	0x0830	0xCB97	0x0CB970	0x0CBF70	768	1	40/00 30/00 20/00
0	4	144	0x0838	0xCBF7	0x0CBF70	0x0CD470	2688	1	40/00 30/00 20/00 00/c0
0	4	145	0x0842	0xCD47	0x0CD470	0x0CEC70	3072	1	40/00 30/00 20/00 00/c0
0	4	146	0x084C	0xCEC7	0x0CEC70	0x0CF970	1664	1	fe/1c fe/0a f9/00 38/00 28/00 00/c0
0	4	147	0x085A	0xCF97	0x0CF970	0x0D0030	864	1	fe/1c fd/0a fb/00 38/00 28/00 18/00
0	4	148	0x0868	0xD003	0x0D0030	0x0D0830	1024	1	fd/1c fc/0a fb/00 38/00 28/00 18/00
0	4	149	0x0876	0xD083	0x0D0830	0x0D10F0	1120	1	fd/1c fa/0a fd/00 38/00 28/00 00/c0
0	4	150	0x0884	0xD10F	0x0D10F0	0x0D24F0	2560	1	40/00 30/00 20/00 00/c0
0	4	151	0x088E	0xD24F	0x0D24F0	0x0D42F0	3840	1	40/00 30/00 20/00 00/c0
0	4	152	0x0898	0xD42F	0x0D42F0	0x0D60F0	3840	1	40/00 30/00 20/00 00/c0
0	4	153	0x08A2	0xD60F	0x0D60F0	0x0D76E0	2808	1	ff/01 ff/01 ff/01 ff/01 ff/01 fa/08 e9/08 f0/80
0	4	154	0x08B4	0xD76E	0x0D76E0	0x0D8CD0	2808	1	ff/08 ff/08 ff/08 ff/08 fe/08 ff/08 ff/08 fd/08 ff/08 ff/08 ff/08 ff/08 ff/08 ff/08 fd/08 ff/08 ff/08 fd/08 ff/08 ff/08 fd/08 ff/08 ff/08 ff/08 fe/08 ff/08 ff/08 ff/08 ff/08 ff/08 ff/08
0	4	155	0x08F4	0xD8CD	0x0D8CD0	0x0DA2D0	2816	1	fe/0a fd/08 fd/08 ff/08 ff/0a ff/0a fa/0a ff/0a f6/5a fd/1a fd/1a eb/9a
0	4	156	0x090E	0xDA2D	0x0DA2D0	0x0DB300	2072	1	ff/13 ff/13 ff/13
0	4	157	0x0916	0xDB30	0x0DB300	0x0DB5C0	352	1	fe/02 ff/01 f5/11 ff/13 ff/11 ec/01 fd/01 ff/01 ff/01 fd/01 ff/01 ff/01 fe/01 fa/01 fb/01 ff/01 ff/01 ff/01 ff/01 ff/01 ff/01 ff/01 ff/01 fe/08 fa/08 ff/08 fd/08 ff/08 ff/08 ff/08 fc/08 fe/08 fa/08 ff
0	4	158	0x098E	0xDB5C	0x0DB5C0	0x0DC580	2016	1	ff/11 ec/01 fd/01 ff/01 ff/01 fd/01 ff/01 ff/01 fe/01 fa/01 fb/01 ff/01 ff/01 ff/01 ff/01 ff/01 ff/01 ff/01 ff/01 fe/08 fa/08 ff/08 fd/08 ff/08 ff/08 ff/08 fc/08 fe/08 fa/08 ff/08 ff/08 f9/08 fd/08 fe
0	4	159	0x09FE	0xDC58	0x0DC580	0x0DDAB0	2712	1	fe/08 fa/08 ff/08 fd/08 ff/08 ff/08 ff/08 fc/08 fe/08 fa/08 ff/08 ff/08 f9/08 fd/08 fe/08 f9/08 f3/08 ff/08 ff/08 ff/08 ff/08 ff/08 f9/08 f9/08 ff/08 f9/08 ff/08 ff/08 ff/08 fa/08 ff/08 fb/08 ff/08 ff
0	4	160	0x0A48	0xDDAB	0x0DDAB0	0x0DDC50	208	1	ff/1a fd/0a fd/08 ff/2b
0	4	161	0x0A52	0xDDC5	0x0DDC50	0x0DDE30	240	1	fe/11 fe/23 fd/13 f1/08 fe/08 f7/08 f8/08 fb/08 ff/08 fe/08 fc/08 fe/08 ff/0a fd/08 fc/08 ff/4a fe/08 f7/08 ff/08 fd/08 fe/08 fc/08 ff/08 ff/08 fd/08 ff/08 fe/08 fd/08 ff/08 fd/08 fd/08 fc/08 ff/8a
0	4	162	0x0A96	0xDDE3	0x0DDE30	0x0DF260	2584	1	ff/02 ff/01 ff/01 fe/01 ff/01 fe/01 ff/01 ff/01 fb/01 fe/11 fe/01 fe/01 fe/11 ff/01 fe/01 fe/01 ff/01 fe/01 ff/01 ff/01 f9/01 fd/01 ff/01 fe/01 ff/01 fe/01 fe/01 fd/01 fe/01 fe/11
0	4	163	0x0AD4	0xDF26	0x0DF260	0x0DFBA0	1184	1	fa/08 ff/0a fa/1a fd/2c 00/c5
0	4	164	0x0AE0	0xDFBA	0x0DFBA0	0x0DFF20	448	1	fd/11 ff/11 fe/11 ff/13 fd/13 fd/13 ff/23 fd/23 f5/23 ff/2b ff/2c 00/c5
0	4	165	0x0AFA	0xDFF2	0x0DFF20	0x0E0720	1024	1	00/c0
0	4	166	0x0AFE	0xE072	0x0E0720	0x0E0FD0	1112	1	ff/0a ff/08 f9/08 fc/08 ef/08 ff/08 f9/0a fe/22 fc/13 fe/13 ff/11 f6/11 f9/11 fc/01 fc/01 ff/01 f8/11 ff/19 fd/1a ff/1c ff/23 ff/2b ff/2c 00/c5
0	4	167	0x0B30	0xE0FD	0x0E0FD0	0x0E1880	1112	1	ff/11 ff/01 ff/01 fd/01 f2/11 fa/11 ee/11 ff/01 ff/01 fe/0a ff/08 fe/08 ff/0a ff/0a ff/0a fe/1a fd/2d
0	4	168	0x0B54	0xE188	0x0E1880	0x0E29D0	2216	1	ff/08 fd/08 ff/08 ff/08 fe/08 fd/08 fd/08 fd/08 fd/08 f9/08 fd/08 fd/08 fd/08 fd/08 ff/08 fd/08 fe/08 ff/08 fe/08 ff/08 ff/08 ff/08 ff/0a ff/0a fd/0a fe/0a fe/0a fd/0a fc/0a ff/0a f9/1a fd/11 ff/11 ff
0	4	169	0x0BAC	0xE29D	0x0E29D0	0x0E3B20	2216	1	ff/1c f9/0a ff/0a ff/08 f0/08 ff/08 ff/10 fe/08 ff/08 ff/08 ff/08 ff/0a fe/0a ff/0a ff/0a ff/0a ff/0a ff/0a ff/0a ff/0a ff/0a ff/0a ff/0a ff/0a ff/0a ff/0a f7/1a ff/12 ff/11 ff/13 ff/13 ff/13 f6/13 ed
0	4	170	0x0C08	0xE3B2	0x0E3B20	0x0E50C0	2768	1	fc/13 ff/11 f4/01 f9/01 ff/01 fd/01 ff/01 fe/01 ff/01 ff/01 ff/01 fe/01 fe/01 fe/01 ff/01 ff/01 ff/01 ff/01 ff/01 ff/01 ff/01 ff/01 ff/01 ff/01 fc/01 ff/01 ff/01 fe/01 fe/01 fe/01 ff/01 fc/01 ff/01 ff
0	4	171	0x0C82	0xE50C	0x0E50C0	0x0E5B90	1384	1	fe/13 ff/13 ff/23 fb/1d fd/0a f2/08 ff/1a d1/25 ff/0b f2/08 fb/1a fe/1a ff/01 ff/11 fb/23 f9/1d ff/0a fd/1a ff/2c 00/c5
0	4	172	0x0CAC	0xE5B9	0x0E5B90	0x0E6320	968	1	fd/0a eb/10 fd/19 fd/0a fd/0a dd/08 ff/0a ff/0a eb/08 fc/1a fd/2c 00/c5
0	4	173	0x0CC6	0xE632	0x0E6320	0x0E7C20	3200	1	fe/2c fe/23 ff/23 fc/23 fb/13 fc/13 fd/13 ff/13 ff/11 fd/19 fe/0a fb/0a ff/0a ff/0a ff/0a ff/0a ff/0a ff/08 ff/0a f9/11 f6/01 ff/01 fc/11 ff/11 fc/01 fa/01 fd/01 ff/01 ff/01 ff/11 f1/01 fe/01 fb/01 fe
0	4	174	0x1018	0xE7C2	0x0E7C20	0x0E9520	3200	1	fe/08 ff/10 fc/11 ff/11 f6/11 fb/11 ff/11 fb/11 f8/11 ff/11 ff/01 f5/11 ff/11 fc/01 fd/01 fd/01 ff/01 fd/11 ff/01 fe/01 ff/11 fe/11 ff/11 fb/11 f8/11 ff/11 f3/01 f6/01 fc/11 fa/11 fd/10 fe/01 fe/01 fa
0	4	175	0x12D6	0xE952	0x0E9520	0x0EB310	3832	1	f8/08 fe/08 ff/08 ff/08 ff/08 ff/10 ff/01 fb/01 fe/11 fe/01 fa/01 ff/01 ff/01 fd/01 ff/01 fe/01 ff/01 fd/01 ff/01 fd/01 ff/01 ff/01 ff/01 fe/01 ff/0a ff/08 ff/02 fe/01 fe/01 fe/01 ff/01 fa/01 fe/01 fe
0	4	176	0x1500	0xEB31	0x0EB310	0x0EEC30	7312	1	fe/11 f9/01 fa/01 ff/01 fa/01 fc/01 fd/01 fe/01 fa/11 f2/01 fc/11 ea/11 ff/11 fa/11 fd/11 f9/11 fe/11 ff/11 ff/11 ff/0a fe/1a fe/0a f9/0a ff/0a ff/0a f0/1a fc/1a fe/1a ff/1a fb/1a ff/1a fc/1a fe/1a ff
0	4	177	0x165A	0xEEC3	0x0EEC30	0x0F0840	3592	1	ff/0a ff/0a ff/0a ff/08 ff/0a ff/08 fe/0a ff/08 ff/08 ff/0a ff/0a ff/0a fe/0a ff/0a ff/0a ff/0a ff/0a ff/0a ff/0a ff/0a ff/0a ff/0a ff/0a ff/08 fe/0a ff/0a ff/0a ff/0a ff/0a ff/0a ff/0a ff/0a ff/0a fe
0	4	178	0x16E6	0xF084	0x0F0840	0x0F2BD0	4552	1	fd/08 f1/08 ff/08 fd/08 ff/08 ff/08 ff/08 ff/08 fb/08 f8/08 fd/08 fd/40 fd/01 ff/01 ff/01 ff/01 ff/01 ff/01 fb/01 fe/01 ff/01 ff/01 ff/01 fe/01 ff/01 ff/01 ff/01 ff/01 ff/01 ff/01 ff/01 ff/01 ff/01 ff
0	4	179	0x1748	0xF2BD	0x0F2BD0	0x0F4BF0	4112	1	ff/11 ff/13 ff/0b fd/0a fc/0a fa/08 fe/08 fe/0a fb/0a ff/0a ff/13 fe/11 ff/11 ff/11 ff/11 fd/11 fe/11 fe/11 fe/01 ff/01 fe/01 fc/11 ff/0b ff/0a fe/1a fb/0a fe/12 ff/13 fd/13 fc/11 ff/11 fe/01 fe/01 fb
0	4	180	0x182A	0xF4BF	0x0F4BF0	0x0F6040	2600	1	fe/10 ff/01 ff/11 f1/08 f6/08 fe/08 fd/08 ff/08 fa/08 ff/08 fc/08 fd/08 fc/08 ff/08 ff/08 ff/0a ff/08 fb/08 ff/08 ff/08 ff/08 ff/0a ff/08 fe/08 ff/0a ff/0a ff/0a ff/08 ff/0a ff/0a ff/0a ff/0a ff/0a fa
0	4	181	0x1896	0xF604	0x0F6040	0x0F8B60	5520	1	ff/08 fc/08 ff/08 fe/08 ff/0a ff/02 f8/11 ff/01 fd/01 fd/01 fe/01 fe/11 fd/01 ff/11 ff/01 ff/01 fa/11 ff/01 ff/01 fc/01 ff/01 ef/11 fd/01 f3/11 fe/11 fe/01 ff/01 ff/11 fb/11 f5/11 ff/11 fb/11 fe/01 ff
0	4	182	0x199C	0xF8B6	0x0F8B60	0x0FA660	3456	2	40/00 30/00 20/00 10/c0
0	4	183	0x19A6	0xF8B6	0x0F8B60	0x0FA660	3456	2	48/00 38/00 28/00 18/c0
0	4	184	0x19B0	0xFA66	0x0FA660	0x0FCA60	4608	1	40/00 30/00 20/00 10/c0
0	4	185	0x19BA	0xFCA6	0x0FCA60	0x0FEF60	4736	6	40/00 30/00 20/00 10/00
0	4	186	0x19C4	0xFCA6	0x0FCA60	0x0FEF60	4736	6	48/00 38/00 28/00 18/00
0	4	187	0x19CE	0xFCA6	0x0FCA60	0x0FEF60	4736	6	50/00 40/00 30/00 20/00
0	4	188	0x19D8	0xFCA6	0x0FCA60	0x0FEF60	4736	6	58/00 48/00 38/00 28/00
0	4	189	0x19E2	0xFCA6	0x0FCA60	0x0FEF60	4736	6	60/00 50/00 40/00 30/00
0	4	190	0x19EC	0xFCA6	0x0FCA60	0x0FEF60	4736	6	68/00 58/00 48/00 38/00
0	4	191	0x19F6	0xFEF6	0x0FEF60	0x100000	2128	7	38/00 28/00 00/c0
0	4	192	0x19FE	0xFEF6	0x0FEF60	0x100000	2128	7	40/00 30/00 00/c0
0	4	193	0x1A06	0xFEF6	0x0FEF60	0x100000	2128	7	48/00 38/00 00/c0
0	4	194	0x1A0E	0xFEF6	0x0FEF60	0x100000	2128	7	50/00 40/00 00/c0
0	4	195	0x1A16	0xFEF6	0x0FEF60	0x100000	2128	7	58/00 48/00 00/c0
0	4	196	0x1A1E	0xFEF6	0x0FEF60	0x100000	2128	7	60/00 50/00 00/c0
0	4	197	0x1A26	0xFEF6	0x0FEF60	0x100000	2128	7	68/00 58/00 00/c0 00/00
1	5	0	0x02A0	0x0184	0x101840	0x1030B0	3128	1	8e/80
1	5	1	0x02A4	0x030B	0x1030B0	0x105880	5096	1	f5/1c f7/0a ff/08 af/00 80/00
1	5	2	0x02B0	0x0588	0x105880	0x1094B0	7704	1	f4/1c fc/1c f5/0a c0/00 80/00 e7/80
1	5	3	0x02BE	0x094B	0x1094B0	0x10ADC0	3208	1	ce/80
1	5	4	0x02C2	0x0ADC	0x10ADC0	0x10C650	3144	1	fe/2c fa/1c fc/0a ae/40
1	5	5	0x02CC	0x0C65	0x10C650	0x10DC80	2840	1	ff/2c fa/1c f9/0a ad/00 80/00
1	5	6	0x02D8	0x0DC8	0x10DC80	0x110B10	5960	1	fc/1c ff/1a fc/0a a0/00 80/00
1	5	7	0x02E4	0x10B1	0x110B10	0x1125E0	3432	1	fd/1c fc/0a ce/40
1	5	8	0x02EC	0x125E	0x1125E0	0x1139D0	2552	1	ff/1c fd/0a ae/40
1	5	9	0x02F4	0x139D	0x1139D0	0x114D70	2512	1	ff/2c ff/2c ff/2c fc/1c ff/1c ff/1a ff/1a fa/0a ad/00 81/80
1	5	10	0x030A	0x14D7	0x114D70	0x116490	2960	1	f8/1c ff/1c ff/1c fa/0a a3/00 80/00
1	5	11	0x0318	0x1649	0x116490	0x1185F0	4272	1	ff/2c fd/2c fa/1c f6/0a b7/00 c3/40 a8/80
1	5	12	0x0328	0x185F	0x1185F0	0x11A380	3784	1	fd/1c fd/0a c9/40
1	5	13	0x0330	0x1A38	0x11A380	0x11BF10	3528	1	fd/1c fe/0a cc/40
1	5	14	0x0338	0x1BF1	0x11BF10	0x11DAA0	3528	1	f7/1c fb/0a a1/00 a8/80
1	5	15	0x0342	0x1DAA	0x11DAA0	0x11F630	3528	1	f9/1c ff/1c fb/0a 99/00 a8/80
1	5	16	0x034E	0x1F63	0x11F630	0x121040	3336	1	fa/1c fd/0a a1/40
1	5	17	0x0356	0x2104	0x121040	0x124810	7144	1	9d/80
1	5	18	0x035A	0x2481	0x124810	0x126020	3080	1	fe/1c fe/0a a9/40
1	5	19	0x0362	0x2602	0x126020	0x127120	2176	1	fe/13 fe/01 e7/40
1	5	20	0x036A	0x2712	0x127120	0x12ADB0	7752	1	ff/1c fc/0a 8c/00 fa/40 a2/80
1	5	21	0x0376	0x2ADB	0x12ADB0	0x12F250	8784	1	ec/40
1	5	22	0x037A	0x2F25	0x12F250	0x12F4D0	320	1	38/00 28/00
1	5	23	0x0380	0x2F4D	0x12F4D0	0x131820	4520	1	d1/80
1	5	24	0x0384	0x3182	0x131820	0x1333F0	3560	1	fd/1c ff/1c fc/0a d3/40
1	5	25	0x038E	0x333F	0x1333F0	0x1357A0	4568	1	fa/1c fe/0a ff/0a 99/00 a9/80
1	5	26	0x039A	0x357A	0x1357A0	0x137AD0	4504	1	fc/1c fd/1c fc/1c ff/1c ff/1a ff/1a f8/0a ff/08 ab/00 c9/08 fa/08 ff/08 ff/08 ff/08 ff/08 ff/08 ff/08 d7/40 cd/80
1	5	27	0x03C2	0x37AD	0x137AD0	0x13A190	4960	1	ff/2c fe/2c ff/2c ff/2c ff/2c ff/2c ff/2c ff/2c ff/2c ff/2c ff/2c ff/2c ff/2c ff/2c f8/1c fd/1c ff/1c ff/1c f3/0a e5/00 a2/40 80/00
1	5	28	0x03F0	0x3A19	0x13A190	0x13CC60	5480	1	ae/40 fc/80
1	5	29	0x03F6	0x3CC6	0x13CC60	0x13F0B0	4648	1	ff/1c fd/0a 92/00 80/00
1	5	30	0x0400	0x3F0B	0x13F0B0	0x142910	7216	1	97/80
1	5	31	0x0404	0x4291	0x142910	0x145B30	6416	1	9c/80
1	5	32	0x0408	0x45B3	0x145B30	0x148710	5616	1	ea/40 b8/80
1	5	33	0x040E	0x4871	0x148710	0x14CD70	9008	1	fc/40 eb/80
1	5	34	0x0414	0x4CD7	0x14CD70	0x14DB70	1792	1	00/c0
1	5	35	0x0418	0x4DB7	0x14DB70	0x14E720	1496	1	ff/08 fc/10 f5/08 fb/10 ff/13 ff/1c fd/1a fd/0a fa/0a fe/1a ff/0a fd/1a ff/1c fc/1c ff/0a fe/1a fe/1a ff/2c fe/1c fe/1a fd/22 ff/23 ff/15 ff/2b ff/13 fc/23 ff/13 ff/23 fd/23 fd/25 fe/25 f9/25 fc/23 fb
1	5	36	0x0464	0x4E72	0x14E720	0x150480	3760	1	96/00
1	5	37	0x0468	0x5048	0x150480	0x1510A0	1552	1	fc/08 ff/0a fe/10 ff/01 fd/11 ff/01 fd/0a ff/08 ff/0b fe/13 fc/19 ff/0a ff/1a ff/1a fc/11 ff/13 fd/11 fe/13 fe/11 fe/13 fe/13 fe/11 ff/13 ff/14 fe/13 ff/23 ff/13 fd/23 fd/1b fe/1c fc/1c ff/2c ff/1c fc
1	5	38	0x04B8	0x510A	0x1510A0	0x152040	2000	1	00/c0
1	5	39	0x04BC	0x5204	0x152040	0x153500	2656	1	ff/01 fb/11 fd/08 fd/08 fe/0b fe/08 fe/02 fc/19 fb/19 ff/11 fe/13 ff/13 ff/13 fe/11 fe/11 ff/13 fe/11 ff/13 ff/13 ff/01 fe/11 ff/13 fe/19 fe/14 ff/14 fd/11 fe/11 fd/11 fe/13 ff/11 fd/11 ff/23 ff/13 fd
1	5	40	0x054E	0x5350	0x153500	0x1544A0	2000	1	00/c0
1	5	41	0x0552	0x544A	0x1544A0	0x154C20	960	1	00/c0
1	5	42	0x0556	0x54C2	0x154C20	0x155920	1664	1	00/c0
1	5	43	0x055A	0x5592	0x155920	0x156380	1328	1	ff/11 ff/01 fe/11 ff/13 fd/01 ff/11 ff/01 fe/11 ff/01 ff/11 fe/01 ff/11 fc/08 fb/08 fc/10 fc/01 fe/11 ff/13 fd/11 fd/11 ff/01 ff/11 fd/08 fe/08 ff/0a ff/1a ff/0a fe/08 fd/0a ff/13 ff/13 ff/23 fd/23 fc
1	5	44	0x05A4	0x5638	0x156380	0x156C30	1112	1	fc/08 f9/08 fd/08 fc/08 fc/08 fc/08 fd/08 ff/0b ff/0a fd/08 ff/0a fe/08 ff/0a f9/22 fd/1a fe/14 fe/0b fe/1a ff/0a ff/13 fe/11 ff/23 fe/23 ff/23 ff/1d fe/25 fe/23 fc/23 ff/25 ff/25 f8/2d
1	5	45	0x05E4	0x56C3	0x156C30	0x158470	3104	1	ff/01 fe/01 fe/01 ff/01 fd/01 ee/11 fe/11 fe/11 fe/11 ff/11 ff/11 ff/11 ff/13 fd/13 fe/13 fd/13 ff/13 fc/13 fa/23 fe/23 ff/23 ff/23 ff/23 ff/23 ff/25 fd/25 fd/25 df/2d
1	5	46	0x061E	0x5847	0x158470	0x15A550	4208	1	ff/10 ff/08 fd/08 ff/08 fb/08 ff/08 ff/0a ff/0a f5/0a f9/1a ff/1a fe/1a ff/1a ff/1a ff/1a ff/1a ff/1c ff/1c fe/1c ff/1c f7/24 fe/23 fc/23 ff/25 ff/25 fd/25 ff/25 ad/2d 00/c5
1	5	47	0x065A	0x5A55	0x15A550	0x15C630	4208	1	ff/01 ff/01 ff/01 ff/01 ff/01 fe/01 fd/01 fd/01 ff/01 fd/01 fd/11 fa/11 fb/11 fb/11 fc/11 ff/11 ff/11 ff/11 ff/11 fe/11 ff/11 ff/11 ff/13 fb/1a fb/1a fe/1a fc/1a ff/1a ff/1a ff/1c fe/1c ff/1c fd/1c fc
1	5	48	0x06AC	0x5C63	0x15C630	0x15E1F0	3552	1	fd/13 fd/13 f9/23 fd/13 fd/13 ff/13 ff/13 ff/13 ff/13 ff/11 ff/11 ff/11 fe/11 ff/11 fc/11 fc/11 f7/11 fb/09 ff/0a ff/0a ff/0a ff/0a ff/08 ff/08 ff/08 ff/08 ff/08 fc/08 fa/08 fa/08 f9/08 fe/08 ff/08 fb
1	5	49	0x06F4	0x5E1F	0x15E1F0	0x15FA90	3152	1	fc/08 fe/08 ff/08 ff/10 ff/01 f6/11 f9/11 ff/08 fa/0a f2/1a ff/1a ff/1a fe/1a ff/1a ff/1c ff/1c fe/1c ff/1c ff/1c f5/1c fc/2c f6/24 ff/25 fa/25 fc/25 fb/25 d3/2d
1	5	50	0x072C	0x5FA9	0x15FA90	0x161330	3152	1	ff/01 fe/01 ff/01 fb/01 fc/01 fd/01 f6/11 fa/11 fc/11 ff/11 fe/11 ff/11 ff/13 ff/13 ff/13 ff/13 fe/13 f2/23 f8/23 ff/1c fe/1c ff/1c fd/2c fd/1c f6/1c f9/2c fc/2c ff/2c 00/c5
1	5	51	0x0768	0x6133	0x161330	0x163030	3712	1	ff/01 f9/01 ff/01 fd/01 fe/01 fe/01 ff/01 ff/02 f8/11 ff/11 fb/11 fe/11 ff/11 fe/11 ff/11 fe/11 ff/13 fe/13 ff/13 fc/13 ff/13 fb/1b ff/1c fc/1c f4/2c fa/2c fe/2c ff/2c ff/2c ff/2c ff/2c fe/2c 00/c5
1	5	52	0x07AC	0x6303	0x163030	0x1648D0	3152	1	ff/01 ff/01 ff/01 f2/11 f9/11 fa/11 ff/11 ff/11 ff/13 fe/13 ff/13 fe/13 ff/13 ff/13 fd/13 ff/13 fe/13 ff/13 fc/13 ff/13 ff/13 fa/23 ff/23 fd/23 ff/23 ff/23 ff/25 f1/2d
1	5	53	0x07E6	0x648D	0x1648D0	0x167A10	6304	1	ff/01 ff/01 ff/01 fe/01 ff/01 ff/01 fe/01 ff/01 ff/01 f7/01 f2/01 fa/01 f7/01 fa/01 ff/01 ff/01 fe/01 fd/11 fa/01 fe/09 ff/08 ff/08 fe/08 fe/08 ff/08 ff/08 ff/08 ff/08 ff/08 ff/0a ff/0a fe/0a ff/0a ff
1	5	54	0x0868	0x67A1	0x167A10	0x168410	1280	1	ff/01 fe/01 fe/01 f1/11 f7/11 ff/11 fc/23 fa/2d
1	5	55	0x087A	0x6841	0x168410	0x169230	1808	1	ff/01 ff/01 fe/01 f7/11 fb/11 ff/13 ff/13 f0/23 eb/2d
1	5	56	0x088E	0x6923	0x169230	0x169E90	1584	1	ff/01 f4/11 fd/11 fd/11 ff/11 fd/11 fe/11 ff/13 fe/13 fe/13 f7/23 ff/25 f3/2d
1	5	57	0x08AA	0x69E9	0x169E90	0x16B730	3152	1	f5/01 ff/01 ff/01 fa/11 ff/08 fe/0a ff/0a f6/0a fe/0a ff/0a ed/1a fe/1a ff/1c f5/12 ff/13 f6/23 fb/23 ff/25 fb/25 ed/2d
1	5	58	0x08D4	0x6B73	0x16B730	0x16D810	4208	1	ff/01 fe/01 ff/01 ff/01 fd/01 ff/01 e7/11 ff/11 ff/11 fe/11 fe/11 ff/11 ff/11 fe/11 ff/11 fe/11 ff/13 fc/1a f3/1a ff/1a ff/1a fe/1a fd/1a ff/1a fd/1a fc/1a fe/1a ff/1a ff/1c ff/1c ff/1c ff/1c f4/2c fd
1	5	59	0x091C	0x6D81	0x16D810	0x16F0B0	3152	1	ff/01 fc/01 fe/11 fa/11 fe/11 ff/11 ff/13 ff/13 ff/13 fe/13 ff/13 fd/23 f9/23 ff/23 ff/25 ff/25 fd/25 fe/25 fd/25 e5/2d 00/c5
1	5	60	0x0948	0x6F0B	0x16F0B0	0x172DD0	7824	1	80/00 98/00
1	5	61	0x094E	0x72DD	0x172DD0	0x177250	8768	1	80/00 80/00 00/c0
1	5	62	0x0956	0x7725	0x177250	0x179180	3992	1	ff/01 ff/01 ff/01 ff/01 ff/01 ff/01 ff/01 ff/01 ff/01 ff/01 ff/01 ff/01 ff/01 ff/01 ff/01 ff/01 ff/01 ff/01 ff/01 ff/01 fd/01 fc/01 fa/01 ff/0a ff/0a ff/0a ff/0a ff/0a ff/0a ff/0a ff/0a ff/0a ff/0a ff
1	5	63	0x0A06	0x7918	0x179180	0x17A7A0	2832	1	d0/00
1	5	64	0x0A0A	0x7A7A	0x17A7A0	0x17BDC0	2832	1	d0/00
1	5	65	0x0A0E	0x7BDC	0x17BDC0	0x17EE20	6192	1	80/00 fe/00
1	5	66	0x0A14	0x7EE2	0x17EE20	0x183AE0	9824	1	80/00 80/00 00/c0
1	5	67	0x0A1C	0x83AE	0x183AE0	0x187620	7584	1	80/00 a7/00
1	5	68	0x0A22	0x8762	0x187620	0x18C840	10512	1	80/00 80/00 f0/00
1	5	69	0x0A2A	0x8C84	0x18C840	0x18DE40	2816	1	ff/01 fd/01 fe/01 ff/01 ff/01 ff/01 fe/01 fe/01 ff/01 fe/01 fe/01 fe/01 ff/0a ff/08 ff/0a fe/08 ff/0a ff/08 ff/0a fe/08 ff/0a ff/0a ff/0a fe/0a ff/0a ff/0b fe/0a fe/0a fe/0a ff/13 ff/11 ff/13 fe/11 ff
1	5	70	0x0ABA	0x8DE4	0x18DE40	0x18EA80	1568	1	ff/01 fa/11 fc/11 ff/11 ff/11 ff/13 ff/13 ff/11 fd/13 ff/13 ff/13 ff/13 f8/13 f4/23 fd/13 ff/23 fc/23 f1/23 ff/23 ff/23 fe/23 ff/23 ff/25 ff/23 ff/25 fb/25 de/2d
1	5	71	0x0AF2	0x8EA8	0x18EA80	0x18EB10	72	1	ff/29 ff/2c 00/c5
1	5	72	0x0AFA	0x8EB1	0x18EB10	0x18F0D0	736	1	00/c0
1	5	73	0x0AFE	0x8F0D	0x18F0D0	0x18F990	1120	1	ff/01 f5/11 f7/23 f1/2d
1	5	74	0x0B08	0x8F99	0x18F990	0x191390	3328	1	ff/01 ff/01 fe/01 fd/01 fa/01 fc/01 ff/01 ff/01 fd/01 ff/01 fe/01 fe/01 fd/01 ff/01 e4/11 f9/11 fe/11 fe/11 fe/11 ff/11 ff/13 ff/13 fc/13 f3/23 ff/23 ff/23 ff/25 e6/2d
1	5	75	0x0B42	0x9139	0x191390	0x194300	6072	1	ff/01 fc/01 ff/01 fe/01 fb/01 fd/01 fe/01 ff/01 f9/01 ff/01 fe/01 ff/01 ff/01 fb/01 ff/01 fd/01 ff/01 fd/01 fe/01 f3/11 f7/09 ff/0a ff/0a ff/0a ff/0a fc/0a f9/0a fc/0a ed/0a dd/1a fd/52 ff/13 ff/13 fe
1	5	76	0x0BA2	0x9430	0x194300	0x195620	2448	1	fd/0a ea/08 ff/08 e7/1a ff/1c fd/1c ff/1c ff/1c fc/1c ff/1c f8/24 ff/25 fe/25 f4/2d
1	5	77	0x0BC0	0x9562	0x195620	0x195660	32	1	
1	5	78	0x0BC2	0x9566	0x195660	0x198ED0	7224	1	80/00 80/00
1	5	79	0x0BC8	0x6717	0x167170	0x198ED0	102064	1	80/00 80/00 00/c0
1	5	80	0x0BD0	0x98ED	0x198ED0	0x198F10	32	1	
1	5	81	0x0BD2	0x98F1	0x198F10	0x19CB80	7736	1	80/00 80/00
1	5	82	0x0BD8	0x634C	0x1634C0	0x19CB80	117600	1	80/00 80/00 00/c0
1	5	83	0x0BE0	0x9CB8	0x19CB80	0x19CBC0	32	1	
1	5	84	0x0BE2	0x9CBC	0x19CBC0	0x1A1DB0	10488	1	80/00 9e/40 d4/80
1	5	85	0x0BEA	0x5E29	0x15E290	0x1A1DB0	138640	1	80/00 9e/00 d4/00
1	5	86	0x0BF2	0xA1DB	0x1A1DB0	0x1A4740	5320	1	ff/11 ff/01 ff/01 f6/01 fa/01 fc/01 ff/01 ff/01 80/00 ff/01 ff/01 ff/01 fe/01 ff/01 ff/01 ff/01 fe/01 fd/01 ff/01 fe/01 fd/01 ff/01 ff/01 ff/01 ff/01 fe/01 ff/01 ff/01 fe/01 ff/08 fc/08 ff/01 fe/01 fe
1	5	87	0x0CA0	0xA474	0x1A4740	0x1A70D0	5320	1	fe/0a ff/0a ff/08 ff/0a ff/08 ff/08 ff/08 fe/08 9c/00 ff/01 ff/01 ff/01 ff/01 ff/01 fe/01 fd/08 fe/08 f7/08 fc/08 fa/08 ff/08 fd/08 ff/08 fe/08 fc/08 fe/08 ff/08 ff/08 ff/08 fe/08 ff/08 ff/08 ff/08 ff
1	5	88	0x0D72	0xA70D	0x1A70D0	0x1A9A60	5320	1	fe/08 c8/08 fd/08 f5/08 ff/08 f3/08 f2/08 fe/08 ff/08 ff/08 ff/08 ff/08 ff/08 ff/08 fe/08 fd/08 ff/08 fe/08 fe/08 ff/08 ff/08 fe/08 ff/08 ff/08 ff/08 ff/08 ff/08 ff/08 fe/08 ff/08 fe/08 ff/08 ff/08 fc
1	5	89	0x0E44	0xA9A6	0x1A9A60	0x1AC3F0	5320	1	fd/08 8a/00 ff/01 ff/01 ff/01 ff/01 ff/01 ff/01 fe/01 ff/01 ff/01 ff/01 fe/01 fe/01 fc/01 fb/01 fe/01 ff/01 ff/01 fb/01 ff/01 ff/01 f5/01 ff/01 fd/01 f9/01 fc/01 fa/01 f5/11 eb/11 fa/11 fe/11 fc/11 fe
1	5	90	0x0EFE	0xAC3F	0x1AC3F0	0x1AD9F0	2816	1	ff/01 ff/01 fc/01 f7/11 fe/11 ff/11 ff/11 ff/11 f6/01 fc/01 fe/01 fe/01 ff/01 ff/01 ff/01 ff/01 f1/11 fe/11 f2/11 f7/11 fe/11 fe/11 fc/11 ff/11 ff/11 ff/11 ff/11 fe/11 ff/11 ff/11 fe/0a f9/0a f7/0a f1
1	5	91	0x0F70	0xAD9F	0x1AD9F0	0x1AE5A0	1496	1	f8/08 ff/08 ff/08 ff/0a ff/0a fe/1a ff/0a fa/1a f4/1a fd/1a fe/1a ff/1a ff/1a ff/1a fe/1a ff/14 fc/13 f7/13 ff/1c ff/1c ff/1c ff/1c ff/1c ff/1c ff/1c fe/1c f5/1c ff/1c fb/1c f1/2c ff/2c ff/2c 00/c5
1	5	92	0x0FB4	0xAE5A	0x1AE5A0	0x1B01A0	3584	1	38/00
1	5	93	0x0FB8	0xB01A	0x1B01A0	0x1B0DC0	1552	1	fd/01 fd/01 fa/11 ff/11 f7/23 ff/23 ff/25 df/2d
1	5	94	0x0FCA	0xB0DC	0x1B0DC0	0x1B12C0	640	1	fb/11 fe/11 ff/11 ff/13 fc/23 fc/2d
1	5	95	0x0FD8	0xB12C	0x1B12C0	0x1B1A40	960	1	ff/01 f7/11 f5/23 ff/23 f4/2d
1	5	96	0x0FE4	0xB1A4	0x1B1A40	0x1B2060	784	1	f7/11 f9/23 ff/25 fc/2d
1	5	97	0x0FEE	0xB206	0x1B2060	0x1B49D0	5304	1	ff/01 ff/01 fe/01 ff/01 ff/01 ff/01 fc/01 ff/01 ff/01 fd/01 ff/01 ff/01 ff/01 ff/01 fc/01 fe/01 ff/01 ff/01 ff/01 fb/01 ff/01 fe/08 ff/08 fd/08 ff/08 ff/08 fc/08 ff/08 ff/08 ff/08 ff/08 ff/08 fe/08 ff
1	5	98	0x1040	0xB49D	0x1B49D0	0x1B63C0	3320	1	ff/01 fb/11 fb/13 fc/13 ff/13 ff/13 f9/13 ff/13 ff/13 f6/13 ff/13 fa/13 ff/13 ff/13 ad/92
1	5	99	0x1060	0xB63C	0x1B63C0	0x1B8200	3872	1	d3/08 fd/08 ef/08 fc/08 f8/08 fb/08 ff/08 fd/08 ff/0a ff/0a ff/08 ff/08 fe/00 ff/01 fa/01 ff/01 ff/01 ff/01 ff/01 ff/01 fc/01 f2/11 ff/11 fe/13 fa/23 f6/2d
1	5	100	0x1096	0xB820	0x1B8200	0x1B8F00	1664	1	ff/01 fa/11 f7/11 ff/11 fe/13 ee/23 ff/23 ff/23 ff/1b fb/2c fe/1c fa/2c fe/2c ff/2c ff/2c f8/2c fe/2c fe/2c ff/2c 00/c5
1	5	101	0x10C0	0xB8F0	0x1B8F00	0x1C2260	18864	1	80/00 80/00 80/00 80/00 d8/80
1	5	102	0x10CC	0xC226	0x1C2260	0x1C9280	14352	1	80/00 c0/40 80/00 c0/80
1	5	103	0x10D6	0xC928	0x1C9280	0x1C9740	608	1	f9/08 ff/0a fc/1a ff/1a fe/1a fe/1a ff/1c ff/1c ff/1a ff/1c fe/1c ff/1c f3/2c 00/c5
1	5	104	0x10F4	0xC974	0x1C9740	0x1C9A20	368	1	fe/11 fc/13 ff/13 ff/1c ff/14 fb/13 fd/2b fe/2c 00/c5
1	5	105	0x1108	0xC9A2	0x1C9A20	0x1C9FD0	728	1	ef/08 ff/08 fe/0a ff/0a ff/0a ff/0a ff/0a ff/13 fe/11 fe/23 fb/2d
1	5	106	0x1120	0xC9FD	0x1C9FD0	0x1CA850	1088	1	ff/01 fe/01 fe/01 ff/11 fd/11 fe/11 ff/19 ff/1a fc/0a fb/1a fd/1a fe/1c ff/1c fd/1c ff/1c ff/1c fc/2c fd/2c fc/1c ff/1d ff/1c ff/1c fe/1c ff/25 f1/2d 00/c5
1	5	107	0x1156	0xCA85	0x1CA850	0x1CACB0	560	1	fc/19 fe/1a fc/1a fd/1a ff/1a fe/22 ff/1a fd/1a ff/1a fe/1a fe/1a fa/2d
1	5	108	0x1170	0xCACB	0x1CACB0	0x1CB030	448	1	fc/08 ff/08 fe/0a fe/1a ff/14 ff/11 ff/13 ff/14 ff/23 fe/23 fe/2d
1	5	109	0x1188	0xCB03	0x1CB030	0x1CB500	616	1	f9/08 ff/08 fc/0a fe/0a fe/0a f8/0a fb/1a fe/1a ff/1c fd/1c ff/1c ff/1c fc/1c ff/1c fe/2c fe/2c 00/c5
1	5	110	0x11AC	0xCB50	0x1CB500	0x1CCF00	3328	1	f6/40
1	5	111	0x11B0	0xCCF0	0x1CCF00	0x1CD9D0	1384	1	f7/08 ff/0b fe/0a fe/0a ff/0a ff/0a ff/0a fe/0a fe/0a ff/13 fe/11 fe/11 ff/11 fe/11 fc/11 ff/13 fe/11 ff/19 fe/1a fc/1a fe/1a fa/1a ff/1a ff/14 fe/13 ff/1c fe/0a ff/1a fd/1a fa/0a fe/13 ff/13 ff/11 fe
1	5	112	0x11FA	0xCD9D	0x1CD9D0	0x1CDC00	280	1	ff/11 fe/23 fe/25 ff/25 f3/2d
1	5	113	0x1206	0xCDC0	0x1CDC00	0x1CEB20	1936	1	fe/01 ff/01 ff/01 fe/01 ff/01 fe/01 fd/01 ff/01 fc/01 ff/01 ff/01 ff/01 ff/0a ff/08 ff/08 ff/08 ff/02 ff/0a ff/08 ff/0a ff/0a ff/0a ff/0a ff/0a ff/0a fe/0a ff/0a ff/0a ff/0a ff/0a ff/11 fe/11 fb/11 fe
1	5	114	0x126C	0xCEB2	0x1CEB20	0x1CFA40	1936	1	f5/08 fd/08 fc/08 fe/08 e9/08 f1/08 ff/08 ff/08 fe/08 ff/0a ea/11 ff/11 ed/23 ff/23 ff/25 f2/2d
1	5	115	0x128E	0xCFA4	0x1CFA40	0x1D0D20	2416	1	ea/00
1	5	116	0x1292	0xD0D2	0x1D0D20	0x1D1C40	1936	1	00/c0
1	5	117	0x1296	0xD1C4	0x1D1C40	0x1D2CC0	2112	1	fd/08 fe/0a ff/1a fd/0c ff/08 fe/1a fe/0a ff/1a ff/0a fe/1a ff/1a fe/0a fd/1a ff/11 ff/11 fa/13 fd/11 fa/23 fc/1a ff/1c fa/1c ff/1c fc/2c fe/13 fb/23 ff/15 ff/13 fb/13 ff/1b ff/14 ff/13 fc/13 fd/13 ff
1	5	118	0x130E	0xD2CC	0x1D2CC0	0x1D3180	608	1	ff/08 ff/08 ff/0a ff/08 ff/08 ff/08 ff/08 fc/08 ff/08 ff/08 ff/10 fc/11 ff/13 ff/13 fe/13 f8/23 fd/23 ff/23 fa/2d
1	5	119	0x1336	0xD318	0x1D3180	0x1D3800	832	1	ff/01 ff/11 fe/01 fd/01 fe/01 fe/01 ff/01 ff/01 fe/01 ff/01 ff/01 fc/01 ff/01 fd/01 fc/01 fd/11 f6/11 fe/11 ff/11 ff/11 ff/11 ff/11 fa/23 fe/2d
1	5	120	0x1368	0xD380	0x1D3800	0x1D54C0	3680	1	80/00 88/80
1	5	121	0x136E	0xD54C	0x1D54C0	0x1D62F0	1816	1	f3/08 f9/08 ff/08 fe/08 ff/08 fd/0a fd/0a fe/0a ff/1a fe/0a fc/0a fa/0a ff/1a fd/1a fc/1a ff/1a ff/1a fd/1a ff/1a ff/1a fc/22 fb/1a fe/1a fd/1a fe/1a ff/13 ff/13 fd/13 ff/13 ff/0b fc/1a fe/1a ff/1a f9
1	5	122	0x13CA	0xD62F	0x1D62F0	0x1DB160	10040	1	f8/01 ff/01 fe/01 f0/11 ff/11 fd/11 fe/11 fc/11 fb/11 fd/11 ff/11 fe/11 ff/11 ff/11 ff/11 ff/11 ff/11 ff/11 ff/13 e0/0a f4/0a f7/0a eb/0a ff/0a fb/0a fa/0a fe/0a ff/0a fa/0a fe/0a fd/0a fd/0a f6/12 ff
1	5	123	0x1482	0xDB16	0x1DB160	0x1DC9A0	3104	1	ca/08 ff/08 f7/08 fe/08 fe/08 ff/08 fe/08 ff/08 fe/08 fe/08 ff/08 ff/08 ff/08 ff/08 ff/08 f3/11 fc/11 ff/13 f5/23 ff/23 ff/23 f3/2d
1	5	124	0x14B0	0xDC9A	0x1DC9A0	0x1E39C0	14352	1	80/00 80/00 80/00 a7/80
1	5	125	0x14BA	0xE39C	0x1E39C0	0x1E4440	1344	1	ff/0a ff/08 f5/08 fe/1a fd/1a ff/1c ff/1c ff/1c fe/2c ff/2c fa/2c ff/2c ff/2c ff/2c 00/c5
1	5	126	0x14DA	0xE444	0x1E4440	0x1E4EC0	1344	1	fe/1c fb/0a d5/08 fc/1a fe/2c ff/2c 00/c5
1	5	127	0x14EA	0xE4EC	0x1E4EC0	0x1E6100	2336	1	ff/1a ff/0a fd/08 ff/1a fd/1a ff/1c ff/1c fd/1c ff/1c ff/1c ff/1c fd/2c fb/1c ff/25 ff/25 ff/25 f8/25 ff/25 fe/25 f0/25 f2/25 fd/25 ff/25 fa/25 fe/25 fd/25 fd/2d 00/c5
1	5	128	0x1524	0xE610	0x1E6100	0x1E6840	928	1	ed/80
1	5	129	0x1528	0xE684	0x1E6840	0x1E6D80	672	1	f9/08 db/08 fd/08 ff/08 ff/08 ff/0a fd/1a fe/1a ff/1c ff/2c 00/c5
1	5	130	0x1540	0xE6D8	0x1E6D80	0x1E9060	4464	1	c4/40
1	5	131	0x1544	0xE906	0x1E9060	0x1EACA0	3616	1	ea/40
1	5	132	0x1548	0xEACA	0x1EACA0	0x1EB5A0	1152	1	ff/01 ff/01 fd/01 fa/01 f4/01 ee/01 ff/02 fe/11 fd/11 ff/11 fd/11 fd/11 ff/11 ff/13 ff/1a ff/1a ff/1a ff/1c fe/2c 00/c5
1	5	133	0x1572	0xEB5A	0x1EB5A0	0x1EB880	368	1	fa/11 fd/13 ff/13 fe/13 f8/23 fb/23 fa/2d
1	5	134	0x1582	0xEB88	0x1EB880	0x1ECEF0	2872	1	ff/01 ff/01 ff/01 fe/01 f8/01 ff/01 e8/11 fd/11 fe/11 ff/1a ff/0a fd/0a ff/0a fc/0a ff/0a ff/0a fe/0a fe/0a fc/0a f8/0a ff/0a f3/0a fb/1a ff/0a fc/1a fe/1a ff/11 ff/13 ff/13 fc/11
1	5	135	0x15C0	0xECEF	0x1ECEF0	0x1EDBF0	1664	1	f5/08 fe/08 eb/08 fd/08 f8/08 fe/08 fc/08 ff/08 ff/0a ff/0a ff/0a fd/1a ff/1a ff/1c fc/2c 00/c5
1	5	136	0x15E2	0xEDBF	0x1EDBF0	0x1F0C50	6192	1	f6/40
1	5	137	0x15E6	0xF0C5	0x1F0C50	0x1F1430	1008	1	fd/11 ff/11 fc/23 ff/2d
1	5	138	0x15F0	0xF143	0x1F1430	0x1F3E70	5408	1	fe/08 ff/1a fb/1c ff/14 fc/11 fc/0b fb/1a ff/02 fe/01 ff/0a ff/1a fe/01 fe/11 fd/03 fc/11 fd/13 fa/11 ff/13 ff/13 fe/08 ff/1a ff/1c ff/0a fc/1a fb/08 fd/1a ff/02 fc/11 fe/0b ff/08 ff/08 fe/1a fe/01 fc
1	5	139	0x172E	0xF3E7	0x1F3E70	0x1F4590	912	1	fe/01 fe/11 fd/23 fb/13 fe/13 ff/13 f9/23 fe/2d
1	5	140	0x1740	0xF459	0x1F4590	0x1F4870	368	1	fe/11 fe/23 fc/08 fe/22 fe/13 fa/23 ff/23 ff/23 ff/23 ff/25 fc/2d
1	5	141	0x1758	0xF487	0x1F4870	0x1F4B50	368	1	fd/11 ff/13 fe/13 fe/23 ff/13 fa/23 fd/2d
1	5	142	0x1768	0xF4B5	0x1F4B50	0x1F4FA0	552	1	fe/11 fe/11 f8/23 ff/23 ff/25 fd/23 fe/25 ff/85
1	5	143	0x177A	0xF4FA	0x1F4FA0	0x1F5540	720	1	ff/02 f2/11 ff/13 fd/23 fd/2d
1	5	144	0x1786	0xF554	0x1F5540	0x1F9A20	8816	1	d4/40
1	5	145	0x178A	0xF9A2	0x1F9A20	0x1FA660	1568	1	00/c0
1	5	146	0x178E	0xFA66	0x1FA660	0x1FB160	1408	7	38/00 28/00 18/00
1	5	147	0x1796	0xFA66	0x1FA660	0x1FB160	1408	7	30/00 20/00 10/00
1	5	148	0x179E	0xFA66	0x1FA660	0x1FB160	1408	7	40/00 30/00 20/00
1	5	149	0x17A6	0xFA66	0x1FA660	0x1FB160	1408	7	48/00 38/00 28/00
1	5	150	0x17AE	0xFA66	0x1FA660	0x1FB160	1408	7	50/00 40/00 30/00
1	5	151	0x17B6	0xFA66	0x1FA660	0x1FB160	1408	7	58/00 48/00 38/00
1	5	152	0x17BE	0xFA66	0x1FA660	0x1FB160	1408	7	60/00 50/00 40/00
1	5	153	0x17C6	0xFB16	0x1FB160	0x1FC560	2560	7	40/00 30/00 20/c0
1	5	154	0x17CE	0xFB16	0x1FB160	0x1FC560	2560	7	38/00 28/00 18/c0
1	5	155	0x17D6	0xFB16	0x1FB160	0x1FC560	2560	7	48/00 38/00 28/c0
1	5	156	0x17DE	0xFB16	0x1FB160	0x1FC560	2560	7	50/00 40/00 30/c0
1	5	157	0x17E6	0xFB16	0x1FB160	0x1FC560	2560	7	58/00 48/00 38/c0
1	5	158	0x17EE	0xFB16	0x1FB160	0x1FC560	2560	7	60/00 50/00 40/c0
1	5	159	0x17F6	0xFB16	0x1FB160	0x1FC560	2560	7	68/00 58/00 48/c0
1	5	160	0x17FE	0xFC56	0x1FC560	0x1FDD60	3072	1	40/00 30/00 20/00
1	5	161	0x1806	0xFDD6	0x1FDD60	0x1FEB60	1792	1	40/00 30/00 20/00
1	5	162	0x180E	0xFEB6	0x1FEB60	0x200000	2640	6	38/00 28/00
1	5	163	0x1814	0xFEB6	0x1FEB60	0x200000	2640	6	30/00 20/00
1	5	164	0x181A	0xFEB6	0x1FEB60	0x200000	2640	6	40/00 30/00
1	5	165	0x1820	0xFEB6	0x1FEB60	0x200000	2640	6	48/00 38/00
1	5	166	0x1826	0xFEB6	0x1FEB60	0x200000	2640	6	50/00 40/00
1	5	167	0x182C	0xFEB6	0x1FEB60	0x200000	2640	6	58/00 48/00 00/00 00/00 00/00 00/00 00/00 00/00 00/00
2	6	0	0x10C0	0x026A	0x2026A0	0x2028A0	256	1	
2	6	1	0x10C2	0x028A	0x2028A0	0x20EEC0	25360	1	90/80
2	6	2	0x10C6	0x0EEC	0x20EEC0	0x21B2E0	25104	1	9f/40 d9/80
2	6	3	0x10CC	0x1B2E	0x21B2E0	0x21FFB0	9832	1	fc/13 ff/13 f8/01 ff/01 fe/01 ff/01 fe/01 fb/08 f5/40 fe/01 ff/01 d5/01 ee/01 f9/08 fd/08 f6/80
2	6	4	0x10EE	0x1FFB	0x21FFB0	0x225F80	12264	1	fa/13 fc/13 fb/01 ff/01 ff/01 ff/01 fe/01 f4/01 da/08 fe/08 f0/08 fb/08 fc/08 fc/08 fa/00 fc/01 dd/01 f0/01 f3/01 fa/01 fe/01 f7/41 f4/01 fb/01 ff/01 ff/01 fa/01 d1/01 ec/08 fc/0a fd/0a d2/00 f9/01 f7
2	6	5	0x1134	0x25F8	0x225F80	0x229E10	8008	1	fb/1c fa/1a ff/1c fc/0a fe/08 ff/0a f7/08 e9/08 fe/00 fa/01 fa/01 f8/01 f8/01 e8/01 fd/08 f6/08 f4/08 f3/08 f7/08 e9/08 f0/01 f4/01 e9/01 ff/01 f8/01 f2/09 f8/80
2	6	6	0x116C	0x29E1	0x229E10	0x232E40	18456	1	fb/1c f9/0a e8/08 e7/08 f2/11 f8/01 fa/01 f7/01 f9/01 fb/01 f7/01 fe/09 ff/0a fd/08 f0/08 ed/08 fb/08 ff/08 ff/0a f9/11 fb/01 f4/01 c4/01 f8/11 fe/09 ed/08 f1/08 ee/08 df/08 ea/08 fd/00 fc/11 f6/11 e2
2	6	7	0x11DA	0x32E4	0x232E40	0x23F760	25744	1	a2/80
2	6	8	0x11DE	0x3F76	0x23F760	0x24C580	26384	1	a8/80
2	6	9	0x11E2	0x4C58	0x24C580	0x259720	26832	1	85/40 d8/80
2	6	10	0x11E8	0x5972	0x259720	0x25F070	11432	1	fd/14 ff/13 fb/01 fd/01 ff/01 fe/01 f9/01 ff/01 ff/01 e2/08 fa/08 fb/08 f4/08 fe/40 fe/01 ff/01 ff/01 fe/01 ff/01 f6/01 fc/01 f5/01 fe/01 ff/08 f6/08 fe/08 fe/80
2	6	11	0x1220	0x5F07	0x25F070	0x265620	13016	1	fa/13 ff/13 ff/13 ff/11 f8/01 fc/01 ff/01 ff/01 fb/01 ff/01 ff/01 fa/01 ea/08 ee/08 e8/08 db/00 fd/01 fe/01 ff/01 fe/01 e6/08 c8/08 fa/40 fc/01 fe/01 ff/01 e4/11 ec/01 f5/11 fc/01 fc/08 d3/08 f6/08 e7
2	6	12	0x126A	0x6562	0x265620	0x26BD50	13208	1	f9/1c fd/1a ff/0a ff/08 9f/00 fb/01 ec/01 f4/01 fe/01 f8/08 fc/0a f3/08 e3/00 c8/01 fe/08 fe/0a f9/11 d3/11 d6/11 f8/11 ff/11 ff/11 ea/01 ea/01 f9/01 ff/01 f8/11 fa/09
2	6	13	0x12A4	0x6BD5	0x26BD50	0x277B70	24336	1	d4/80
2	6	14	0x12A8	0x77B7	0x277B70	0x282B90	22544	1	a8/80
2	6	15	0x12AC	0x82B9	0x282B90	0x28EDB0	24848	1	ad/80
2	6	16	0x12B0	0x8EDB	0x28EDB0	0x294A00	11816	1	ff/1c ff/1c f7/0a fe/0a f8/08 fe/08 b8/00 f7/01 df/08 fa/08 fe/08 fe/08 ec/08 fd/08 d8/00
2	6	17	0x12D0	0x94A0	0x294A00	0x298D90	8648	1	fd/1c ff/1a ff/1a fb/0a fe/0a fb/08 fc/08 e5/08 f5/08 ef/00 fe/01 ff/08 fc/08 98/08 f3/00 fe/01
2	6	18	0x12F2	0x98D9	0x298D90	0x2A49B0	24080	1	eb/80
2	6	19	0x12F6	0xA49B	0x2A49B0	0x2B05D0	24080	1	d6/80
2	6	20	0x12FA	0xB05D	0x2B05D0	0x2BA9F0	21008	1	d7/80
2	6	21	0x12FE	0xBA9F	0x2BA9F0	0x2C5A10	22544	1	ae/80
2	6	22	0x1302	0xC5A1	0x2C5A10	0x2C6E10	2560	1	38/00 28/00 18/00 00/c0
2	6	23	0x130C	0xC6E1	0x2C6E10	0x2C8410	2816	2	40/00 30/00 20/00 00/c0
2	6	24	0x1316	0xC6E1	0x2C6E10	0x2C8410	2816	2	38/00 28/00 18/00 00/c0
2	6	25	0x1320	0xC841	0x2C8410	0x2C9010	1536	5	40/00 30/00 20/00 00/c0
2	6	26	0x132A	0xC841	0x2C8410	0x2C9010	1536	5	48/00 38/00 28/00 00/c0
2	6	27	0x1334	0xC841	0x2C8410	0x2C9010	1536	5	50/00 40/00 30/00 00/c0
2	6	28	0x133E	0xC841	0x2C8410	0x2C9010	1536	5	58/00 48/00 38/00 00/c0
2	6	29	0x1348	0xC841	0x2C8410	0x2C9010	1536	5	60/00 50/00 40/00 00/c0
2	6	30	0x1352	0xC901	0x2C9010	0x2C9D10	1664	3	40/00 30/00 20/00 10/00
2	6	31	0x135C	0xC901	0x2C9010	0x2C9D10	1664	3	38/00 28/00 18/00 08/00
2	6	32	0x1366	0xC901	0x2C9010	0x2C9D10	1664	3	48/00 38/00 28/00 18/00
2	6	33	0x1370	0xC9D1	0x2C9D10	0x2CAB10	1792	7	38/00 28/00
2	6	34	0x1376	0xC9D1	0x2C9D10	0x2CAB10	1792	7	40/00 30/00
2	6	35	0x137C	0xC9D1	0x2C9D10	0x2CAB10	1792	7	48/00 38/00
2	6	36	0x1382	0xC9D1	0x2C9D10	0x2CAB10	1792	7	50/00 40/00
2	6	37	0x1388	0xC9D1	0x2C9D10	0x2CAB10	1792	7	58/00 48/00
2	6	38	0x138E	0xC9D1	0x2C9D10	0x2CAB10	1792	7	60/00 50/00
2	6	39	0x1394	0xC9D1	0x2C9D10	0x2CAB10	1792	7	68/00 58/00
2	6	40	0x139A	0xCAB1	0x2CAB10	0x2CAC30	144	2	fe/11 ff/01 ff/01 ff/01 fd/01 fd/19 ff/1c fd/1a ff/1a fb/1a f9/1a fe/1c fe/64 fe/13 fe/23 ff/23 fc/13 fe/23 fc/1a ff/25 ff/1d fe/a4
2	6	41	0x13C8	0xCAB1	0x2CAB10	0x2CAC30	144	2	fe/11 ff/01 ff/01 ff/01 fd/01 fd/19 ff/1c fd/1a ff/1a fb/1a f9/1a fe/1c fe/64 fe/13 fe/23 ff/23 fc/13 fe/23 fc/1a ff/25 ff/1d fe/a4
2	6	42	0x13F6	0xCAC3	0x2CAC30	0x2CACF0	96	2	ff/01 fd/01 fd/19 ff/1c fd/1a ff/1a fb/1a f9/1a fe/1c fe/64 fe/13 fe/23 ff/23 fc/13 fe/23 fc/1a ff/25 ff/1d fe/a4
2	6	43	0x141E	0xCAC3	0x2CAC30	0x2CACF0	96	2	ff/01 fd/01 fd/19 ff/1c fd/1a ff/1a fb/1a f9/1a fe/1c fe/64 fe/13 fe/23 ff/23 fc/13 fe/23 fc/1a ff/25 ff/1d fe/a4
2	6	44	0x1446	0xCACF	0x2CACF0	0x2CAD50	48	2	fd/01 fd/19 ff/1c fd/1a ff/1a fb/1a f9/1a fe/1c fe/64 fe/13 fe/23 ff/23 fc/13 fe/23 fc/1a ff/25 ff/1d fe/a4
2	6	45	0x146C	0xCACF	0x2CACF0	0x2CAD50	48	2	fd/01 fd/19 ff/1c fd/1a ff/1a fb/1a f9/1a fe/1c fe/64 fe/13 fe/23 ff/23 fc/13 fe/23 fc/1a ff/25 ff/1d fe/a4
2	6	46	0x1492	0xCAD5	0x2CAD50	0x2CADB0	48	1	fd/01 fd/19 ff/1c fd/1a ff/1a fb/1a f9/1a fe/1c fe/64 fe/13 fe/23 ff/23 fc/13 fe/23 fc/1a ff/25 ff/1d fe/a4
2	6	47	0x14B8	0xCADB	0x2CADB0	0x2CB740	1224	1	fe/08 fe/23 fc/13 ff/13 ff/13 ff/13 ff/23 ff/23 ff/1c fe/1a fe/1c ff/1c fe/1a ff/14 ff/2b ff/2c ff/23
2	6	48	0x14DC	0xCB74	0x2CB740	0x2CB780	32	1	fe/08 fe/08 ff/1a fe/0a fe/1a fb/22 ff/23 fd/13 ff/1c ff/1a ff/14 ff/14 ff/23 fc/13 ff/5b ff/1a ff/2c fe/23 ff/13 fd/13 fe/13 fe/1c fe/1a
2	6	49	0x150C	0xCB78	0x2CB780	0x2CB7A0	16	1	fe/08 fe/08 ff/1a fe/0a fe/1a fb/22 ff/23 fd/13 ff/1c ff/1a ff/14 ff/14 ff/23 fc/13 ff/5b ff/1a ff/2c fe/23 ff/13 fd/13 fe/13 fe/1c fe/1a
2	6	50	0x153C	0xCB7A	0x2CB7A0	0x2CB7C0	16	1	fe/08 fe/08 ff/1a fe/0a fe/1a fb/22 ff/23 fd/13 ff/1c ff/1a ff/14 ff/14 ff/23 fc/13 ff/5b ff/1a ff/2c fe/23 ff/13 fd/13 fe/13 fe/1c fe/1a
2	6	51	0x156C	0xCB7C	0x2CB7C0	0x2CB7E0	16	1	ff/01 fd/11 ff/13 ff/11 ff/13 ff/1c fe/1c ff/22 ff/13 fa/23 fd/22 fe/1a fe/1c fe/1a ff/13 fe/23 ff/1d ff/1c fe/1a fe/1a fe/22 fb/13 ff/9b
2	6	52	0x159C	0xCB7E	0x2CB7E0	0x2CB840	48	2	ff/01 fd/11 ff/13 ff/11 ff/13 ff/1c fe/1c ff/22 ff/13 fa/23 fd/22 fe/1a fe/1c fe/1a ff/13 fe/23 ff/1d ff/1c fe/1a fe/1a fe/22 fb/13 ff/9b
2	6	53	0x15CC	0xCB7E	0x2CB7E0	0x2CB840	48	2	ff/01 fd/11 ff/13 ff/11 ff/13 ff/1c fe/1c ff/22 ff/13 fa/23 fd/22 fe/1a fe/1c fe/1a ff/13 fe/23 ff/1d ff/1c fe/1a fe/1a fe/22 fb/13 ff/9b
2	6	54	0x15FC	0xCB84	0x2CB840	0x2CC370	1432	2	fd/11 ff/13 ff/11 ff/13 ff/1c fe/1c ff/22 ff/13 fa/23 fd/22 fe/1a fe/1c fe/1a ff/13 fe/23 ff/1d ff/1c fe/1a fe/1a fe/22 fb/13 ff/9b
2	6	55	0x162A	0xCB84	0x2CB840	0x2CC370	1432	2	fd/11 ff/13 ff/11 ff/13 ff/1c fe/1c ff/22 ff/13 fa/23 fd/22 fe/1a fe/1c fe/1a ff/13 fe/23 ff/1d ff/1c fe/1a fe/1a fe/22 fb/13 ff/9b
2	6	56	0x1658	0xCC37	0x2CC370	0x2CC3B0	32	1	ff/01 ff/11 ff/19 fe/11 fd/11 ff/11 fe/14 ff/2b ff/13 ff/0c ff/1a ff/1a ff/1a ff/1a fe/1c fd/1a fe/22 ff/13 ff/1a fb/1a fe/22 fd/1a fd/1a fe/22 fe/22 ff/13 ff/13 ff/1c ff/92
2	6	57	0x1694	0xCC3B	0x2CC3B0	0x2CC3D0	16	1	ff/01 ff/11 ff/19 fe/11 fd/11 ff/11 fe/14 ff/2b ff/13 ff/0c ff/1a ff/1a ff/1a ff/1a fe/1c fd/1a fe/22 ff/13 ff/1a fb/1a fe/22 fd/1a fd/1a fe/22 fe/22 ff/13 ff/13 ff/1c ff/92
2	6	58	0x16D0	0xCC3D	0x2CC3D0	0x2CC3F0	16	1	ff/01 ff/11 ff/19 fe/11 fd/11 ff/11 fe/14 ff/2b ff/13 ff/0c ff/1a ff/1a ff/1a ff/1a fe/1c fd/1a fe/22 ff/13 ff/1a fb/1a fe/22 fd/1a fd/1a fe/22 fe/22 ff/13 ff/13 ff/1c ff/92
2	6	59	0x170C	0xCC3F	0x2CC3F0	0x2CC410	16	1	ff/01 ff/11 ff/19 fe/11 fd/11 ff/11 fe/14 ff/2b ff/13 ff/0c ff/1a ff/1a ff/1a ff/1a fe/1c fd/1a fe/22 ff/13 ff/1a fb/1a fe/22 fd/1a fd/1a fe/22 fe/22 ff/13 ff/13 ff/1c ff/92
2	6	60	0x1748	0xCC41	0x2CC410	0x2CC470	48	2	ff/01 ff/11 ff/19 fe/11 fd/11 ff/11 fe/14 ff/2b ff/13 ff/0c ff/1a ff/1a ff/1a ff/1a fe/1c fd/1a fe/22 ff/13 ff/1a fb/1a fe/22 fd/1a fd/1a fe/22 fe/22 ff/13 ff/13 ff/1c ff/92
2	6	61	0x1784	0xCC41	0x2CC410	0x2CC470	48	2	ff/01 ff/11 ff/19 fe/11 fd/11 ff/11 fe/14 ff/2b ff/13 ff/0c ff/1a ff/1a ff/1a ff/1a fe/1c fd/1a fe/22 ff/13 ff/1a fb/1a fe/22 fd/1a fd/1a fe/22 fe/22 ff/13 ff/13 ff/1c ff/92
2	6	62	0x17C0	0xCC47	0x2CC470	0x2CD180	1672	2	ff/11 ff/19 fe/11 fd/11 ff/11 fe/14 ff/2b ff/13 ff/0c ff/1a ff/1a ff/1a ff/1a fe/1c fd/1a fe/22 ff/13 ff/1a fb/1a fe/22 fd/1a fd/1a fe/22 fe/22 ff/13 ff/13 ff/1c ff/92
2	6	63	0x17FA	0xCC47	0x2CC470	0x2CD180	1672	2	ff/11 ff/19 fe/11 fd/11 ff/11 fe/14 ff/2b ff/13 ff/0c ff/1a ff/1a ff/1a ff/1a fe/1c fd/1a fe/22 ff/13 ff/1a fb/1a fe/22 fd/1a fd/1a fe/22 fe/22 ff/13 ff/13 ff/1c ff/92
2	6	64	0x1834	0xCD18	0x2CD180	0x2CD1C0	32	1	fe/0a fc/08 f7/0a ff/13 ff/14 fe/23 fe/1a fd/1a ff/1c ff/1c fc/1a fe/2c ff/14 ff/23 ff/1c ff/25 fc/1a fe/1d fe/1a fe/2c fe/1a fd/a4
2	6	65	0x1862	0xCD1C	0x2CD1C0	0x2CD240	64	2	ff/01 ff/11 ff/19 ff/22 ff/1a ff/14 ff/13 fe/23 ff/23 ff/13 fd/23 fe/25 fc/1a fd/64 ff/2b ff/14 ff/2b fb/13 fe/23 ff/15 fd/23
2	6	66	0x188E	0xCD1C	0x2CD1C0	0x2CD240	64	2	ff/01 ff/11 ff/19 ff/22 ff/1a ff/14 ff/13 fe/23 ff/23 ff/13 fd/23 fe/25 fc/1a fd/64 ff/2b ff/14 ff/2b fb/13 fe/23 ff/15 fd/23
2	6	67	0x18BA	0xCD24	0x2CD240	0x2CD280	32	2	ff/11 ff/19 ff/22 ff/1a ff/14 ff/13 fe/23 ff/23 ff/13 fd/23 fe/25 fc/1a fd/64 ff/2b ff/14 ff/2b fb/13 fe/23 ff/15 fd/23
2	6	68	0x18E4	0xCD24	0x2CD240	0x2CD280	32	2	ff/11 ff/19 ff/22 ff/1a ff/14 ff/13 fe/23 ff/23 ff/13 fd/23 fe/25 fc/1a fd/64 ff/2b ff/14 ff/2b fb/13 fe/23 ff/15 fd/23
2	6	69	0x190E	0xCD28	0x2CD280	0x2CDDB0	1432	3	ff/11 ff/19 ff/22 ff/1a ff/14 ff/13 fe/23 ff/23 ff/13 fd/23 fe/25 fc/1a fd/64 ff/2b ff/14 ff/2b fb/13 fe/23 ff/15 fd/23
2	6	70	0x1938	0xCD28	0x2CD280	0x2CDDB0	1432	3	ff/11 ff/19 ff/22 ff/1a ff/14 ff/13 fe/23 ff/23 ff/13 fd/23 fe/25 fc/1a fd/64 ff/2b ff/14 ff/2b fb/13 fe/23 ff/15 fd/23
2	6	71	0x1962	0xCD28	0x2CD280	0x2CDDB0	1432	3	ff/11 ff/19 ff/22 ff/1a ff/14 ff/13 fe/23 ff/23 ff/13 fd/23 fe/25 fc/1a fd/64 ff/2b ff/14 ff/2b fb/13 fe/23 ff/15 fd/23
2	6	72	0x198C	0xCDDB	0x2CDDB0	0x2CDDD0	16	1	fd/10 fd/11 ff/13 fc/13 fc/2b fa/1c ff/1c fc/1c ff/1a fe/1c ff/1d ff/64 ff/23 fc/2b ff/23 fa/23 ff/23 fe/23 fe/2b
2	6	73	0x19B4	0xCDDD	0x2CDDD0	0x2CDDF0	16	1	fd/10 fd/11 ff/13 fc/13 fc/2b fa/1c ff/1c fc/1c ff/1a fe/1c ff/1d ff/64 ff/23 fc/2b ff/23 fa/23 ff/23 fe/23 fe/2b
2	6	74	0x19DC	0xCDDF	0x2CDDF0	0x2CDE10	16	1	fd/10 fd/11 ff/13 fc/13 fc/2b fa/1c ff/1c fc/1c ff/1a fe/1c ff/1d ff/64 ff/23 fc/2b ff/23 fa/23 ff/23 fe/23 fe/2b
2	6	75	0x1A04	0xCDE1	0x2CDE10	0x2CDE30	16	1	ff/0a fe/1a fe/1a fe/1a ff/25 fa/23 ff/23 fd/13 ff/23 ff/2b fb/23 fc/1c fe/1c ff/1d fe/1c fe/1c ff/1c ff/1c ff/a5
2	6	76	0x1A2C	0xCDE3	0x2CDE30	0x2CDE50	16	1	ff/0a fe/1a fe/1a fe/1a ff/25 fa/23 ff/23 fd/13 ff/23 ff/2b fb/23 fc/1c fe/1c ff/1d fe/1c fe/1c ff/1c ff/1c ff/a5
2	6	77	0x1A54	0xCDE5	0x2CDE50	0x2CE9E0	1480	3	ff/0a fe/1a fe/1a fe/1a ff/25 fa/23 ff/23 fd/13 ff/23 ff/2b fb/23 fc/1c fe/1c ff/1d fe/1c fe/1c ff/1c ff/1c ff/a5
2	6	78	0x1A7C	0xCDE5	0x2CDE50	0x2CE9E0	1480	3	ff/0a fe/1a fe/1a fe/1a ff/25 fa/23 ff/23 fd/13 ff/23 ff/2b fb/23 fc/1c fe/1c ff/1d fe/1c fe/1c ff/1c ff/1c ff/a5
2	6	79	0x1AA4	0xCDE5	0x2CDE50	0x2CE9E0	1480	3	ff/0a fe/1a fe/1a fe/1a ff/25 fa/23 ff/23 fd/13 ff/23 ff/2b fb/23 fc/1c fe/1c ff/1d fe/1c fe/1c ff/1c ff/1c ff/a5
2	6	80	0x1ACC	0xCE9E	0x2CE9E0	0x2CEA00	16	1	fe/10 ff/23 ff/23 fe/23 fd/2b fe/2c fb/2c fc/2c fe/2b fe/2c ff/2c fe/2c fb/6c fd/2c ff/2c fe/2c fe/2c fe/2c ff/2c fe/ac
2	6	81	0x1AF6	0xCEA0	0x2CEA00	0x2CEA20	16	1	fd/1a fe/1c fd/1c fe/1c ff/25 fe/25 ff/25 fe/1d f9/25 ff/25 ff/25 ff/25 ff/25 fe/25 ff/25 fc/25 fc/25 fe/25 fc/25
2	6	82	0x1B1E	0xCEA2	0x2CEA20	0x2CEA60	32	2	fd/1a fe/1c fd/1c fe/1c ff/25 fe/25 ff/25 fe/1d f9/25 ff/25 ff/25 ff/25 ff/25 fe/25 ff/25 fc/25 fc/25 fe/25 fc/25
2	6	83	0x1B46	0xCEA2	0x2CEA20	0x2CEA60	32	2	fd/1a fe/1c fd/1c fe/1c ff/25 fe/25 ff/25 fe/1d f9/25 ff/25 ff/25 ff/25 ff/25 fe/25 ff/25 fc/25 fc/25 fe/25 fc/25
2	6	84	0x1B6E	0xCEA6	0x2CEA60	0x2CEA80	16	1	ff/23 ff/23 fe/23 fd/2b fe/2c fb/2c fc/2c fe/2b fe/2c ff/2c fe/2c fb/6c fd/2c ff/2c fe/2c fe/2c fe/2c ff/2c fe/ac
2	6	85	0x1B96	0xCEA8	0x2CEA80	0x2CF610	1480	3	ff/23 ff/23 fe/23 fd/2b fe/2c fb/2c fc/2c fe/2b fe/2c ff/2c fe/2c fb/6c fd/2c ff/2c fe/2c fe/2c fe/2c ff/2c fe/ac
2	6	86	0x1BBE	0xCEA8	0x2CEA80	0x2CF610	1480	3	ff/23 ff/23 fe/23 fd/2b fe/2c fb/2c fc/2c fe/2b fe/2c ff/2c fe/2c fb/6c fd/2c ff/2c fe/2c fe/2c fe/2c ff/2c fe/ac
2	6	87	0x1BE6	0xCEA8	0x2CEA80	0x2CF610	1480	3	ff/23 ff/23 fe/23 fd/2b fe/2c fb/2c fc/2c fe/2b fe/2c ff/2c fe/2c fb/6c fd/2c ff/2c fe/2c fe/2c fe/2c ff/2c fe/ac
2	6	88	0x1C0E	0xCF61	0x2CF610	0x2CF630	16	1	fc/08 fe/1a ff/1c ff/1c f8/2c ff/2c f9/2c f8/1c ff/25 ff/25 fe/25 fa/25 ff/25 fd/25 ff/25 fc/25 fe/25 fe/25
2	6	89	0x1C34	0xCF63	0x2CF630	0x2CF650	16	1	ff/11 fd/23 ff/23 fd/23 ff/25 ff/25 fe/25 fc/2b ff/2c f9/2c fe/6c ff/2c fe/2c ff/2c fc/2c fd/2c ff/2c fe/ac
2	6	90	0x1C5A	0xCF65	0x2CF650	0x2CF670	16	1	ff/11 fd/23 ff/23 fd/23 ff/25 ff/25 fe/25 fc/2b ff/2c f9/2c fe/6c ff/2c fe/2c ff/2c fc/2c fd/2c ff/2c fe/ac
2	6	91	0x1C80	0xCF67	0x2CF670	0x2CF690	16	1	ff/11 fd/23 ff/23 fd/23 ff/25 ff/25 fe/25 fc/2b ff/2c f9/2c fe/6c ff/2c fe/2c ff/2c fc/2c fd/2c ff/2c fe/ac
2	6	92	0x1CA6	0xCF69	0x2CF690	0x2CF6F0	48	2	ff/11 fd/23 ff/23 fd/23 ff/25 ff/25 fe/25 fc/2b ff/2c f9/2c fe/6c ff/2c fe/2c ff/2c fc/2c fd/2c ff/2c fe/ac
2	6	93	0x1CCC	0xCF69	0x2CF690	0x2CF6F0	48	2	ff/11 fd/23 ff/23 fd/23 ff/25 ff/25 fe/25 fc/2b ff/2c f9/2c fe/6c ff/2c fe/2c ff/2c fc/2c fd/2c ff/2c fe/ac
2	6	94	0x1CF2	0xCF6F	0x2CF6F0	0x2D0300	1544	2	fd/23 ff/23 fd/23 ff/25 ff/25 fe/25 fc/2b ff/2c f9/2c fe/6c ff/2c fe/2c ff/2c fc/2c fd/2c ff/2c fe/ac
2	6	95	0x1D16	0xCF6F	0x2CF6F0	0x2D0300	1544	2	fd/23 ff/23 fd/23 ff/25 ff/25 fe/25 fc/2b ff/2c f9/2c fe/6c ff/2c fe/2c ff/2c fc/2c fd/2c ff/2c fe/ac
2	6	96	0x1D3A	0xD030	0x2D0300	0x2D0320	16	1	ff/08 fe/08 fe/23 fe/23 fe/25 ff/25 fd/25 e0/25 fe/6d ff/2c fe/2c fe/2c ff/2c ff/2c
2	6	97	0x1D58	0xD032	0x2D0320	0x2D0380	48	3	ff/01 ff/19 fe/1c fe/2c ff/2c ff/2c ff/2c fe/2c f8/25 fd/25 ff/25 fd/25 f9/25 fe/ad
2	6	98	0x1D76	0xD032	0x2D0320	0x2D0380	48	3	ff/01 ff/19 fe/1c fe/2c ff/2c ff/2c ff/2c fe/2c f8/25 fd/25 ff/25 fd/25 f9/25 fe/ad
2	6	99	0x1D94	0xD032	0x2D0320	0x2D0380	48	3	ff/01 ff/19 fe/1c fe/2c ff/2c ff/2c ff/2c fe/2c f8/25 fd/25 ff/25 fd/25 f9/25 fe/ad
2	6	100	0x1DB2	0xD038	0x2D0380	0x2D03E0	48	2	ff/19 fe/1c fe/2c ff/2c ff/2c ff/2c fe/2c f8/25 fd/25 ff/25 fd/25 f9/25 fe/ad
2	6	101	0x1DCE	0xD038	0x2D0380	0x2D03E0	48	2	ff/19 fe/1c fe/2c ff/2c ff/2c ff/2c fe/2c f8/25 fd/25 ff/25 fd/25 f9/25 fe/ad
2	6	102	0x1DEA	0xD03E	0x2D03E0	0x2D0F30	1448	2	fe/1c fe/2c ff/2c ff/2c ff/2c fe/2c f8/25 fd/25 ff/25 fd/25 f9/25 fe/ad
2	6	103	0x1E04	0xD03E	0x2D03E0	0x2D0F30	1448	2	fe/1c fe/2c ff/2c ff/2c ff/2c fe/2c f8/25 fd/25 ff/25 fd/25 f9/25 fe/ad
2	6	104	0x1E1E	0xD0F3	0x2D0F30	0x2D0F50	16	1	ff/11 ff/13 f8/13 fa/13 ff/1c fe/14 f9/23 fc/23 fa/13 ff/13 fc/5b fe/1c ff/1c ff/1c fe/1a
2	6	105	0x1E3E	0xD0F5	0x2D0F50	0x2D0F70	16	1	ff/11 ff/13 f8/13 fa/13 ff/1c fe/14 f9/23 fc/23 fa/13 ff/13 fc/5b fe/1c ff/1c ff/1c fe/1a
2	6	106	0x1E5E	0xD0F7	0x2D0F70	0x2D0FF0	64	4	ff/1a fd/1a ff/1a ff/22 fe/23 ff/1a ff/1c fe/1c fe/1a fe/1a ff/23 f2/23 ff/23 fe/13 f9/9b
2	6	107	0x1E7E	0xD0F7	0x2D0F70	0x2D0FF0	64	4	ff/1a fd/1a ff/1a ff/22 fe/23 ff/1a ff/1c fe/1c fe/1a fe/1a ff/23 f2/23 ff/23 fe/13 f9/9b
2	6	108	0x1E9E	0xD0F7	0x2D0F70	0x2D0FF0	64	4	ff/1a fd/1a ff/1a ff/22 fe/23 ff/1a ff/1c fe/1c fe/1a fe/1a ff/23 f2/23 ff/23 fe/13 f9/9b
2	6	109	0x1EBE	0xD0F7	0x2D0F70	0x2D0FF0	64	4	ff/1a fd/1a ff/1a ff/22 fe/23 ff/1a ff/1c fe/1c fe/1a fe/1a ff/23 f2/23 ff/23 fe/13 f9/9b
2	6	110	0x1EDE	0xD0FF	0x2D0FF0	0x2D1010	16	1	f8/13 fa/13 ff/1c fe/14 f9/23 fc/23 fa/13 ff/13 fc/5b fe/1c ff/1c ff/1c fe/1a
2	6	111	0x1EFA	0xD101	0x2D1010	0x2D1B60	1448	1	f8/13 fa/13 ff/1c fe/14 f9/23 fc/23 fa/13 ff/13 fc/5b fe/1c ff/1c ff/1c fe/1a
2	6	112	0x1F16	0xD1B6	0x2D1B60	0x2D1BE0	64	1	
2	6	113	0x1F18	0xD1BE	0x2D1BE0	0x2D1C60	64	1	
2	6	114	0x1F1A	0xD1C6	0x2D1C60	0x2D1CE0	64	1	
2	6	115	0x1F1C	0xD1CE	0x2D1CE0	0x2D1D60	64	1	
2	6	116	0x1F1E	0xD1D6	0x2D1D60	0x2D1DE0	64	1	
2	6	117	0x1F20	0xD1DE	0x2D1DE0	0x2D1E60	64	1	
2	6	118	0x1F22	0xD1E6	0x2D1E60	0x2D1EE0	64	1	
2	6	119	0x1F24	0xD1EE	0x2D1EE0	0x2D1F60	64	1	
2	6	120	0x1F26	0xD1F6	0x2D1F60	0x2D1FE0	64	1	
2	6	121	0x1F28	0xD1FE	0x2D1FE0	0x2D2060	64	1	
2	6	122	0x1F2A	0xD206	0x2D2060	0x2D20E0	64	1	
2	6	123	0x1F2C	0xD20E	0x2D20E0	0x2D2160	64	1	
2	6	124	0x1F2E	0xD216	0x2D2160	0x2D21E0	64	1	
2	6	125	0x1F30	0xD21E	0x2D21E0	0x2D2260	64	1	
2	6	126	0x1F32	0xD226	0x2D2260	0x2D22E0	64	1	
2	6	127	0x1F34	0xD22E	0x2D22E0	0x2D2360	64	1	
2	6	128	0x1F36	0xD236	0x2D2360	0x2D23E0	64	1	
2	6	129	0x1F38	0xD23E	0x2D23E0	0x2D2460	64	1	
2	6	130	0x1F3A	0xD246	0x2D2460	0x2D24E0	64	1	
2	6	131	0x1F3C	0xD24E	0x2D24E0	0x2D2560	64	1	
2	6	132	0x1F3E	0xD256	0x2D2560	0x2D25E0	64	1	
2	6	133	0x1F40	0xD25E	0x2D25E0	0x2D2660	64	1	
2	6	134	0x1F42	0xD266	0x2D2660	0x2D26E0	64	1	
2	6	135	0x1F44	0xD26E	0x2D26E0	0x2D2760	64	1	
2	6	136	0x1F46	0xD276	0x2D2760	0x2D27E0	64	1	
2	6	137	0x1F48	0xD27E	0x2D27E0	0x2D2860	64	1	
2	6	138	0x1F4A	0xD286	0x2D2860	0x2D28E0	64	1	
2	6	139	0x1F4C	0xD28E	0x2D28E0	0x2D2960	64	1	
2	6	140	0x1F4E	0xD296	0x2D2960	0x2D29E0	64	1	
2	6	141	0x1F50	0xD29E	0x2D29E0	0x2D2A60	64	1	
2	6	142	0x1F52	0xD2A6	0x2D2A60	0x2D2AE0	64	1	
2	6	143	0x1F54	0xD2AE	0x2D2AE0	0x2D2B60	64	1	
2	6	144	0x1F56	0xD2B6	0x2D2B60	0x2D2BE0	64	1	
2	6	145	0x1F58	0xD2BE	0x2D2BE0	0x2D2C60	64	1	
2	6	146	0x1F5A	0xD2C6	0x2D2C60	0x2D2CE0	64	1	
2	6	147	0x1F5C	0xD2CE	0x2D2CE0	0x2D2D60	64	1	
2	6	148	0x1F5E	0xD2D6	0x2D2D60	0x2D2DE0	64	1	
2	6	149	0x1F60	0xD2DE	0x2D2DE0	0x2D2E60	64	1	
2	6	150	0x1F62	0xD2E6	0x2D2E60	0x2D2EE0	64	1	
2	6	151	0x1F64	0xD2EE	0x2D2EE0	0x2D2F60	64	1	
2	6	152	0x1F66	0xD2F6	0x2D2F60	0x2D2FE0	64	1	
2	6	153	0x1F68	0xD2FE	0x2D2FE0	0x2D3060	64	1	
2	6	154	0x1F6A	0xD306	0x2D3060	0x2D30E0	64	1	
2	6	155	0x1F6C	0xD30E	0x2D30E0	0x2D3160	64	1	
2	6	156	0x1F6E	0xD316	0x2D3160	0x2D31E0	64	1	
2	6	157	0x1F70	0xD31E	0x2D31E0	0x2D3260	64	1	
2	6	158	0x1F72	0xD326	0x2D3260	0x2D32E0	64	1	
2	6	159	0x1F74	0xD32E	0x2D32E0	0x2D3360	64	1	
2	6	160	0x1F76	0xD336	0x2D3360	0x2D33E0	64	1	
2	6	161	0x1F78	0xD33E	0x2D33E0	0x2D3460	64	1	
2	6	162	0x1F7A	0xD346	0x2D3460	0x2D34E0	64	1	
2	6	163	0x1F7C	0xD34E	0x2D34E0	0x2D3560	64	1	
2	6	164	0x1F7E	0xD356	0x2D3560	0x2D35E0	64	1	
2	6	165	0x1F80	0xD35E	0x2D35E0	0x2D36E0	128	1	
2	6	166	0x1F82	0xD36E	0x2D36E0	0x2D3760	64	1	
2	6	167	0x1F84	0xD376	0x2D3760	0x2D37E0	64	1	
2	6	168	0x1F86	0xD37E	0x2D37E0	0x2D3860	64	1	
2	6	169	0x1F88	0xD386	0x2D3860	0x2D38E0	64	1	
2	6	170	0x1F8A	0xD38E	0x2D38E0	0x2D3960	64	1	
2	6	171	0x1F8C	0xD396	0x2D3960	0x2D39E0	64	1	
2	6	172	0x1F8E	0xD39E	0x2D39E0	0x2D3A60	64	1	
2	6	173	0x1F90	0xD3A6	0x2D3A60	0x2D3AE0	64	1	
2	6	174	0x1F92	0xD3AE	0x2D3AE0	0x2D3BE0	128	1	
2	6	175	0x1F94	0xD3BE	0x2D3BE0	0x2D3C60	64	1	
2	6	176	0x1F96	0xD3C6	0x2D3C60	0x2D3CE0	64	1	
2	6	177	0x1F98	0xD3CE	0x2D3CE0	0x2D3D60	64	1	
2	6	178	0x1F9A	0xD3D6	0x2D3D60	0x2D3DE0	64	1	
2	6	179	0x1F9C	0xD3DE	0x2D3DE0	0x2D3E60	64	1	
2	6	180	0x1F9E	0xD3E6	0x2D3E60	0x2D3EE0	64	1	
2	6	181	0x1FA0	0xD3EE	0x2D3EE0	0x2D3F60	64	1	
2	6	182	0x1FA2	0xD3F6	0x2D3F60	0x2D3FE0	64	1	
2	6	183	0x1FA4	0xD3FE	0x2D3FE0	0x2D40E0	128	1	
2	6	184	0x1FA6	0xD40E	0x2D40E0	0x2D4160	64	1	
2	6	185	0x1FA8	0xD416	0x2D4160	0x2D41E0	64	1	
2	6	186	0x1FAA	0xD41E	0x2D41E0	0x2D4260	64	1	
2	6	187	0x1FAC	0xD426	0x2D4260	0x2D42E0	64	1	
2	6	188	0x1FAE	0xD42E	0x2D42E0	0x2D4360	64	1	
2	6	189	0x1FB0	0xD436	0x2D4360	0x2D43E0	64	1	
2	6	190	0x1FB2	0xD43E	0x2D43E0	0x2D4460	64	1	
2	6	191	0x1FB4	0xD446	0x2D4460	0x2D44E0	64	1	
2	6	192	0x1FB6	0xD44E	0x2D44E0	0x2D45E0	128	1	
2	6	193	0x1FB8	0xD45E	0x2D45E0	0x2D4660	64	1	
2	6	194	0x1FBA	0xD466	0x2D4660	0x2D46E0	64	1	
2	6	195	0x1FBC	0xD46E	0x2D46E0	0x2D4760	64	1	
2	6	196	0x1FBE	0xD476	0x2D4760	0x2D47E0	64	1	
2	6	197	0x1FC0	0xD47E	0x2D47E0	0x2D4860	64	1	
2	6	198	0x1FC2	0xD486	0x2D4860	0x2D48E0	64	1	
2	6	199	0x1FC4	0xD48E	0x2D48E0	0x2D4960	64	1	
2	6	200	0x1FC6	0xD496	0x2D4960	0x2D49E0	64	1	
2	6	201	0x1FC8	0xD49E	0x2D49E0	0x2D4AE0	128	1	
2	6	202	0x1FCA	0xD4AE	0x2D4AE0	0x2D4B60	64	1	
2	6	203	0x1FCC	0xD4B6	0x2D4B60	0x2D4BE0	64	1	
2	6	204	0x1FCE	0xD4BE	0x2D4BE0	0x2D4C60	64	1	
2	6	205	0x1FD0	0xD4C6	0x2D4C60	0x2D4CE0	64	1	
2	6	206	0x1FD2	0xD4CE	0x2D4CE0	0x2D4D60	64	1	
2	6	207	0x1FD4	0xD4D6	0x2D4D60	0x2D4DE0	64	1	
2	6	208	0x1FD6	0xD4DE	0x2D4DE0	0x2D4E60	64	1	
2	6	209	0x1FD8	0xD4E6	0x2D4E60	0x2D4EE0	64	1	
2	6	210	0x1FDA	0xD4EE	0x2D4EE0	0x2D4FE0	128	1	
2	6	211	0x1FDC	0xD4FE	0x2D4FE0	0x2D5060	64	1	
2	6	212	0x1FDE	0xD506	0x2D5060	0x2D50E0	64	1	
2	6	213	0x1FE0	0xD50E	0x2D50E0	0x2D5160	64	1	
2	6	214	0x1FE2	0xD516	0x2D5160	0x2D51E0	64	1	
2	6	215	0x1FE4	0xD51E	0x2D51E0	0x2D5260	64	1	
2	6	216	0x1FE6	0xD526	0x2D5260	0x2D52E0	64	1	
2	6	217	0x1FE8	0xD52E	0x2D52E0	0x2D5360	64	1	
2	6	218	0x1FEA	0xD536	0x2D5360	0x2D53E0	64	1	
2	6	219	0x1FEC	0xD53E	0x2D53E0	0x2D54E0	128	1	
2	6	220	0x1FEE	0xD54E	0x2D54E0	0x2D5560	64	1	
2	6	221	0x1FF0	0xD556	0x2D5560	0x2D55E0	64	1	
2	6	222	0x1FF2	0xD55E	0x2D55E0	0x2D5660	64	1	
2	6	223	0x1FF4	0xD566	0x2D5660	0x2D56E0	64	1	
2	6	224	0x1FF6	0xD56E	0x2D56E0	0x2D5760	64	1	
2	6	225	0x1FF8	0xD576	0x2D5760	0x2D57E0	64	1	
2	6	226	0x1FFA	0xD57E	0x2D57E0	0x2D5860	64	1	
2	6	227	0x1FFC	0xD586	0x2D5860	0x2D58E0	64	1	
2	6	228	0x1FFE	0xD58E	0x2D58E0	0x2D59E0	128	1	
2	6	229	0x2000	0xD59E	0x2D59E0	0x2D5A60	64	1	
2	6	230	0x2002	0xD5A6	0x2D5A60	0x2D5AE0	64	1	
2	6	231	0x2004	0xD5AE	0x2D5AE0	0x2D5B60	64	1	
2	6	232	0x2006	0xD5B6	0x2D5B60	0x2D5BE0	64	1	
2	6	233	0x2008	0xD5BE	0x2D5BE0	0x2D5C60	64	1	
2	6	234	0x200A	0xD5C6	0x2D5C60	0x2D5CE0	64	1	
2	6	235	0x200C	0xD5CE	0x2D5CE0	0x2D5DE0	128	1	
2	6	236	0x200E	0xD5DE	0x2D5DE0	0x2D5EE0	128	1	
2	6	237	0x2010	0xD5EE	0x2D5EE0	0x2D5FE0	128	1	
2	6	238	0x2012	0xD5FE	0x2D5FE0	0x2D6060	64	1	
2	6	239	0x2014	0xD606	0x2D6060	0x2D60E0	64	1	
2	6	240	0x2016	0xD60E	0x2D60E0	0x2D6160	64	1	
2	6	241	0x2018	0xD616	0x2D6160	0x2D61E0	64	1	
2	6	242	0x201A	0xD61E	0x2D61E0	0x2D6260	64	1	
2	6	243	0x201C	0xD626	0x2D6260	0x2D62E0	64	1	
2	6	244	0x201E	0xD62E	0x2D62E0	0x2D63E0	128	1	
2	6	245	0x2020	0xD63E	0x2D63E0	0x2D6460	64	1	
2	6	246	0x2022	0xD646	0x2D6460	0x2D64E0	64	1	
2	6	247	0x2024	0xD64E	0x2D64E0	0x2D6560	64	1	
2	6	248	0x2026	0xD656	0x2D6560	0x2D65E0	64	1	
2	6	249	0x2028	0xD65E	0x2D65E0	0x2D6660	64	1	
2	6	250	0x202A	0xD666	0x2D6660	0x2D66E0	64	1	
2	6	251	0x202C	0xD66E	0x2D66E0	0x2D67E0	128	1	
2	6	252	0x202E	0xD67E	0x2D67E0	0x2D6860	64	1	
2	6	253	0x2030	0xD686	0x2D6860	0x2D68E0	64	1	
2	6	254	0x2032	0xD68E	0x2D68E0	0x2D6960	64	1	
2	6	255	0x2034	0xD696	0x2D6960	0x2D69E0	64	1	
2	6	256	0x2036	0xD69E	0x2D69E0	0x2D6A60	64	1	
2	6	257	0x2038	0xD6A6	0x2D6A60	0x2D6AE0	64	1	
2	6	258	0x203A	0xD6AE	0x2D6AE0	0x2D6B60	64	1	
2	6	259	0x203C	0xD6B6	0x2D6B60	0x2D6BE0	64	1	
2	6	260	0x203E	0xD6BE	0x2D6BE0	0x2D6CE0	128	1	
2	6	261	0x2040	0xD6CE	0x2D6CE0	0x2D6D60	64	1	
2	6	262	0x2042	0xD6D6	0x2D6D60	0x2D6DE0	64	1	
2	6	263	0x2044	0xD6DE	0x2D6DE0	0x2D6E60	64	1	
2	6	264	0x2046	0xD6E6	0x2D6E60	0x2D6EE0	64	1	
2	6	265	0x2048	0xD6EE	0x2D6EE0	0x2D6F60	64	1	
2	6	266	0x204A	0xD6F6	0x2D6F60	0x2D6FE0	64	1	
2	6	267	0x204C	0xD6FE	0x2D6FE0	0x2D7060	64	1	
2	6	268	0x204E	0xD706	0x2D7060	0x2D70E0	64	1	
2	6	269	0x2050	0xD70E	0x2D70E0	0x2D71E0	128	1	
2	6	270	0x2052	0xD71E	0x2D71E0	0x2D7260	64	1	
2	6	271	0x2054	0xD726	0x2D7260	0x2D72E0	64	1	
2	6	272	0x2056	0xD72E	0x2D72E0	0x2D7360	64	1	
2	6	273	0x2058	0xD736	0x2D7360	0x2D73E0	64	1	
2	6	274	0x205A	0xD73E	0x2D73E0	0x2D7460	64	1	
2	6	275	0x205C	0xD746	0x2D7460	0x2D74E0	64	1	
2	6	276	0x205E	0xD74E	0x2D74E0	0x2D7560	64	1	
2	6	277	0x2060	0xD756	0x2D7560	0x2D75E0	64	1	
2	6	278	0x2062	0xD75E	0x2D75E0	0x2D76E0	128	1	
2	6	279	0x2064	0xD76E	0x2D76E0	0x2D7760	64	1	
2	6	280	0x2066	0xD776	0x2D7760	0x2D77E0	64	1	
2	6	281	0x2068	0xD77E	0x2D77E0	0x2D7860	64	1	
2	6	282	0x206A	0xD786	0x2D7860	0x2D78E0	64	1	
2	6	283	0x206C	0xD78E	0x2D78E0	0x2D7960	64	1	
2	6	284	0x206E	0xD796	0x2D7960	0x2D79E0	64	1	
2	6	285	0x2070	0xD79E	0x2D79E0	0x2D7A60	64	1	
2	6	286	0x2072	0xD7A6	0x2D7A60	0x2D7AE0	64	1	
2	6	287	0x2074	0xD7AE	0x2D7AE0	0x2D7BE0	128	1	
2	6	288	0x2076	0xD7BE	0x2D7BE0	0x2D7C60	64	1	
2	6	289	0x2078	0xD7C6	0x2D7C60	0x2D7CE0	64	1	
2	6	290	0x207A	0xD7CE	0x2D7CE0	0x2D7D60	64	1	
2	6	291	0x207C	0xD7D6	0x2D7D60	0x2D7DE0	64	1	
2	6	292	0x207E	0xD7DE	0x2D7DE0	0x2D7E60	64	1	
2	6	293	0x2080	0xD7E6	0x2D7E60	0x2D7EE0	64	1	
2	6	294	0x2082	0xD7EE	0x2D7EE0	0x2D7F60	64	1	
2	6	295	0x2084	0xD7F6	0x2D7F60	0x2D7FE0	64	1	
2	6	296	0x2086	0xD7FE	0x2D7FE0	0x2D80E0	128	1	
2	6	297	0x2088	0xD80E	0x2D80E0	0x2D8160	64	1	
2	6	298	0x208A	0xD816	0x2D8160	0x2D81E0	64	1	
2	6	299	0x208C	0xD81E	0x2D81E0	0x2D8260	64	1	
2	6	300	0x208E	0xD826	0x2D8260	0x2D82E0	64	1	
2	6	301	0x2090	0xD82E	0x2D82E0	0x2D8360	64	1	
2	6	302	0x2092	0xD836	0x2D8360	0x2D83E0	64	1	
2	6	303	0x2094	0xD83E	0x2D83E0	0x2D8460	64	1	
2	6	304	0x2096	0xD846	0x2D8460	0x2D84E0	64	1	
2	6	305	0x2098	0xD84E	0x2D84E0	0x2D85E0	128	1	
2	6	306	0x209A	0xD85E	0x2D85E0	0x2D86E0	128	1	
2	6	307	0x209C	0xD86E	0x2D86E0	0x2D8760	64	1	
2	6	308	0x209E	0xD876	0x2D8760	0x2D8860	128	1	
2	6	309	0x20A0	0xD886	0x2D8860	0x2D8960	128	1	
2	6	310	0x20A2	0xD896	0x2D8960	0x2D8A60	128	1	
2	6	311	0x20A4	0xD8A6	0x2D8A60	0x2D8AE0	64	1	
2	6	312	0x20A6	0xD8AE	0x2D8AE0	0x2D8B60	64	1	
2	6	313	0x20A8	0xD8B6	0x2D8B60	0x2D8BE0	64	1	
2	6	314	0x20AA	0xD8BE	0x2D8BE0	0x2D8C60	64	1	
2	6	315	0x20AC	0xD8C6	0x2D8C60	0x2D8CE0	64	1	
2	6	316	0x20AE	0xD8CE	0x2D8CE0	0x2D8D60	64	1	
2	6	317	0x20B0	0xD8D6	0x2D8D60	0x2D8E60	128	1	
2	6	318	0x20B2	0xD8E6	0x2D8E60	0x2D8F60	128	1	
2	6	319	0x20B4	0xD8F6	0x2D8F60	0x2D9060	128	1	
2	6	320	0x20B6	0xD906	0x2D9060	0x2D90E0	64	1	
2	6	321	0x20B8	0xD90E	0x2D90E0	0x2D9160	64	1	
2	6	322	0x20BA	0xD916	0x2D9160	0x2D91E0	64	1	
2	6	323	0x20BC	0xD91E	0x2D91E0	0x2D9260	64	1	
2	6	324	0x20BE	0xD926	0x2D9260	0x2D92E0	64	1	
2	6	325	0x20C0	0xD92E	0x2D92E0	0x2D9360	64	1	
2	6	326	0x20C2	0xD936	0x2D9360	0x2D9460	128	1	
2	6	327	0x20C4	0xD946	0x2D9460	0x2D9560	128	1	
2	6	328	0x20C6	0xD956	0x2D9560	0x2D95E0	64	1	
2	6	329	0x20C8	0xD95E	0x2D95E0	0x2D9660	64	1	
2	6	330	0x20CA	0xD966	0x2D9660	0x2D96E0	64	1	
2	6	331	0x20CC	0xD96E	0x2D96E0	0x2D9760	64	1	
2	6	332	0x20CE	0xD976	0x2D9760	0x2D97E0	64	1	
2	6	333	0x20D0	0xD97E	0x2D97E0	0x2D9860	64	1	
2	6	334	0x20D2	0xD986	0x2D9860	0x2D98E0	64	1	
2	6	335	0x20D4	0xD98E	0x2D98E0	0x2D9960	64	1	
2	6	336	0x20D6	0xD996	0x2D9960	0x2D99E0	64	1	
2	6	337	0x20D8	0xD99E	0x2D99E0	0x2D9A60	64	1	
2	6	338	0x20DA	0xD9A6	0x2D9A60	0x2D9AE0	64	1	
2	6	339	0x20DC	0xD9AE	0x2D9AE0	0x2D9B60	64	1	
2	6	340	0x20DE	0xD9B6	0x2D9B60	0x2D9BE0	64	1	
2	6	341	0x20E0	0xD9BE	0x2D9BE0	0x2D9CE0	128	1	
2	6	342	0x20E2	0xD9CE	0x2D9CE0	0x2D9D60	64	1	
2	6	343	0x20E4	0xD9D6	0x2D9D60	0x2D9DE0	64	1	
2	6	344	0x20E6	0xD9DE	0x2D9DE0	0x2D9E60	64	1	
2	6	345	0x20E8	0xD9E6	0x2D9E60	0x2D9EE0	64	1	
2	6	346	0x20EA	0xD9EE	0x2D9EE0	0x2D9F60	64	1	
2	6	347	0x20EC	0xD9F6	0x2D9F60	0x2D9FE0	64	1	
2	6	348	0x20EE	0xD9FE	0x2D9FE0	0x2DA060	64	1	
2	6	349	0x20F0	0xDA06	0x2DA060	0x2DA0E0	64	1	
2	6	350	0x20F2	0xDA0E	0x2DA0E0	0x2DA1E0	128	1	
2	6	351	0x20F4	0xDA1E	0x2DA1E0	0x2DA2E0	128	1	
2	6	352	0x20F6	0xDA2E	0x2DA2E0	0x2DA360	64	1	
2	6	353	0x20F8	0xDA36	0x2DA360	0x2DA560	256	1	
2	6	354	0x20FA	0xDA56	0x2DA560	0x2DA660	128	1	
2	6	355	0x20FC	0xDA66	0x2DA660	0x2DA760	128	1	
2	6	356	0x20FE	0xDA76	0x2DA760	0x2DA7E0	64	1	
2	6	357	0x2100	0xDA7E	0x2DA7E0	0x2DA860	64	1	
2	6	358	0x2102	0xDA86	0x2DA860	0x2DA8E0	64	1	
2	6	359	0x2104	0xDA8E	0x2DA8E0	0x2DA960	64	1	
2	6	360	0x2106	0xDA96	0x2DA960	0x2DA9E0	64	1	
2	6	361	0x2108	0xDA9E	0x2DA9E0	0x2DAA60	64	1	
2	6	362	0x210A	0xDAA6	0x2DAA60	0x2DAB60	128	1	
2	6	363	0x210C	0xDAB6	0x2DAB60	0x2DAC60	128	1	
2	6	364	0x210E	0xDAC6	0x2DAC60	0x2DAD60	128	1	
2	6	365	0x2110	0xDAD6	0x2DAD60	0x2DADE0	64	1	
2	6	366	0x2112	0xDADE	0x2DADE0	0x2DAE60	64	1	
2	6	367	0x2114	0xDAE6	0x2DAE60	0x2DAEE0	64	1	
2	6	368	0x2116	0xDAEE	0x2DAEE0	0x2DAF60	64	1	
2	6	369	0x2118	0xDAF6	0x2DAF60	0x2DAFE0	64	1	
2	6	370	0x211A	0xDAFE	0x2DAFE0	0x2DB060	64	1	
2	6	371	0x211C	0xDB06	0x2DB060	0x2DB160	128	1	
2	6	372	0x211E	0xDB16	0x2DB160	0x2DB260	128	1	
2	6	373	0x2120	0xDB26	0x2DB260	0x2DB2E0	64	1	
2	6	374	0x2122	0xDB2E	0x2DB2E0	0x2DB360	64	1	
2	6	375	0x2124	0xDB36	0x2DB360	0x2DB3E0	64	1	
2	6	376	0x2126	0xDB3E	0x2DB3E0	0x2DB460	64	1	
2	6	377	0x2128	0xDB46	0x2DB460	0x2DB4E0	64	1	
2	6	378	0x212A	0xDB4E	0x2DB4E0	0x2DB560	64	1	
2	6	379	0x212C	0xDB56	0x2DB560	0x2DB5E0	64	1	
2	6	380	0x212E	0xDB5E	0x2DB5E0	0x2DB660	64	1	
2	6	381	0x2130	0xDB66	0x2DB660	0x2DB6E0	64	1	
2	6	382	0x2132	0xDB6E	0x2DB6E0	0x2DB760	64	1	
2	6	383	0x2134	0xDB76	0x2DB760	0x2DB7E0	64	1	
2	6	384	0x2136	0xDB7E	0x2DB7E0	0x2DB860	64	1	
2	6	385	0x2138	0xDB86	0x2DB860	0x2DB8E0	64	1	
2	6	386	0x213A	0xDB8E	0x2DB8E0	0x2DB9E0	128	1	
2	6	387	0x213C	0xDB9E	0x2DB9E0	0x2DBA60	64	1	
2	6	388	0x213E	0xDBA6	0x2DBA60	0x2DBAE0	64	1	
2	6	389	0x2140	0xDBAE	0x2DBAE0	0x2DBB60	64	1	
2	6	390	0x2142	0xDBB6	0x2DBB60	0x2DBBE0	64	1	
2	6	391	0x2144	0xDBBE	0x2DBBE0	0x2DBC60	64	1	
2	6	392	0x2146	0xDBC6	0x2DBC60	0x2DBCE0	64	1	
2	6	393	0x2148	0xDBCE	0x2DBCE0	0x2DBD60	64	1	
2	6	394	0x214A	0xDBD6	0x2DBD60	0x2DBDE0	64	1	
2	6	395	0x214C	0xDBDE	0x2DBDE0	0x2DBFE0	256	1	
2	6	396	0x214E	0xDBFE	0x2DBFE0	0x2DC1E0	256	1	
2	6	397	0x2150	0xDC1E	0x2DC1E0	0x2DC2E0	128	1	
2	6	398	0x2152	0xDC2E	0x2DC2E0	0x2DC4E0	256	1	
2	6	399	0x2154	0xDC4E	0x2DC4E0	0x2DC6E0	256	1	
2	6	400	0x2156	0xDC6E	0x2DC6E0	0x2DC8E0	256	1	
2	6	401	0x2158	0xDC8E	0x2DC8E0	0x2DCAE0	256	1	
2	6	402	0x215A	0xDCAE	0x2DCAE0	0x2DCBE0	128	1	
2	6	403	0x215C	0xDCBE	0x2DCBE0	0x2DCCE0	128	1	
2	6	404	0x215E	0xDCCE	0x2DCCE0	0x2DCDE0	128	1	
2	6	405	0x2160	0xDCDE	0x2DCDE0	0x2DCEE0	128	1	
2	6	406	0x2162	0xDCEE	0x2DCEE0	0x2DCFE0	128	1	
2	6	407	0x2164	0xDCFE	0x2DCFE0	0x2DD1E0	256	1	
2	6	408	0x2166	0xDD1E	0x2DD1E0	0x2DD3E0	256	1	
2	6	409	0x2168	0xDD3E	0x2DD3E0	0x2DD5E0	256	1	
2	6	410	0x216A	0xDD5E	0x2DD5E0	0x2DD7E0	256	1	
2	6	411	0x216C	0xDD7E	0x2DD7E0	0x2DD8E0	128	1	
2	6	412	0x216E	0xDD8E	0x2DD8E0	0x2DD9E0	128	1	
2	6	413	0x2170	0xDD9E	0x2DD9E0	0x2DDAE0	128	1	
2	6	414	0x2172	0xDDAE	0x2DDAE0	0x2DDBE0	128	1	
2	6	415	0x2174	0xDDBE	0x2DDBE0	0x2DDCE0	128	1	
2	6	416	0x2176	0xDDCE	0x2DDCE0	0x2DDEE0	256	1	
2	6	417	0x2178	0xDDEE	0x2DDEE0	0x2DDFE0	128	1	
2	6	418	0x217A	0xDDFE	0x2DDFE0	0x2DE0E0	128	1	
2	6	419	0x217C	0xDE0E	0x2DE0E0	0x2DE1E0	128	1	
2	6	420	0x217E	0xDE1E	0x2DE1E0	0x2DE2E0	128	1	
2	6	421	0x2180	0xDE2E	0x2DE2E0	0x2DE3E0	128	1	
2	6	422	0x2182	0xDE3E	0x2DE3E0	0x2DE4E0	128	1	
2	6	423	0x2184	0xDE4E	0x2DE4E0	0x2DE5E0	128	1	
2	6	424	0x2186	0xDE5E	0x2DE5E0	0x2DE660	64	1	
2	6	425	0x2188	0xDE66	0x2DE660	0x2DE760	128	1	
2	6	426	0x218A	0xDE76	0x2DE760	0x2DE860	128	1	
2	6	427	0x218C	0xDE86	0x2DE860	0x2DE8E0	64	1	
2	6	428	0x218E	0xDE8E	0x2DE8E0	0x2DE9E0	128	1	
2	6	429	0x2190	0xDE9E	0x2DE9E0	0x2DEAE0	128	1	
2	6	430	0x2192	0xDEAE	0x2DEAE0	0x2DEB60	64	1	
2	6	431	0x2194	0xDEB6	0x2DEB60	0x2DEC60	128	1	
2	6	432	0x2196	0xDEC6	0x2DEC60	0x2DED60	128	1	
2	6	433	0x2198	0xDED6	0x2DED60	0x2DEE60	128	1	
2	6	434	0x219A	0xDEE6	0x2DEE60	0x2DEF60	128	1	
2	6	435	0x219C	0xDEF6	0x2DEF60	0x2DF060	128	1	
2	6	436	0x219E	0xDF06	0x2DF060	0x2DF0E0	64	1	
2	6	437	0x21A0	0xDF0E	0x2DF0E0	0x2DF160	64	1	
2	6	438	0x21A2	0xDF16	0x2DF160	0x2DF1E0	64	1	
2	6	439	0x21A4	0xDF1E	0x2DF1E0	0x2DF260	64	1	
2	6	440	0x21A6	0xDF26	0x2DF260	0x2DF460	256	1	
2	6	441	0x21A8	0xDF46	0x2DF460	0x2DF660	256	1	
2	6	442	0x21AA	0xDF66	0x2DF660	0x2DF760	128	1	
2	6	443	0x21AC	0xDF76	0x2DF760	0x2DF960	256	1	
2	6	444	0x21AE	0xDF96	0x2DF960	0x2DFB60	256	1	
2	6	445	0x21B0	0xDFB6	0x2DFB60	0x2DFD60	256	1	
2	6	446	0x21B2	0xDFD6	0x2DFD60	0x2DFE60	128	1	
2	6	447	0x21B4	0xDFE6	0x2DFE60	0x2DFF60	128	1	
2	6	448	0x21B6	0xDFF6	0x2DFF60	0x2E0060	128	1	
2	6	449	0x21B8	0xE006	0x2E0060	0x2E0160	128	1	
2	6	450	0x21BA	0xE016	0x2E0160	0x2E0260	128	1	
2	6	451	0x21BC	0xE026	0x2E0260	0x2E0360	128	1	
2	6	452	0x21BE	0xE036	0x2E0360	0x2E0560	256	1	
2	6	453	0x21C0	0xE056	0x2E0560	0x2E0760	256	1	
2	6	454	0x21C2	0xE076	0x2E0760	0x2E0960	256	1	
2	6	455	0x21C4	0xE096	0x2E0960	0x2E0A60	128	1	
2	6	456	0x21C6	0xE0A6	0x2E0A60	0x2E0B60	128	1	
2	6	457	0x21C8	0xE0B6	0x2E0B60	0x2E0C60	128	1	
2	6	458	0x21CA	0xE0C6	0x2E0C60	0x2E0D60	128	1	
2	6	459	0x21CC	0xE0D6	0x2E0D60	0x2E0E60	128	1	
2	6	460	0x21CE	0xE0E6	0x2E0E60	0x2E0F60	128	1	
2	6	461	0x21D0	0xE0F6	0x2E0F60	0x2E1060	128	1	
2	6	462	0x21D2	0xE106	0x2E1060	0x2E1160	128	1	
2	6	463	0x21D4	0xE116	0x2E1160	0x2E11E0	64	1	
2	6	464	0x21D6	0xE11E	0x2E11E0	0x2E12E0	128	1	
2	6	465	0x21D8	0xE12E	0x2E12E0	0x2E13E0	128	1	
2	6	466	0x21DA	0xE13E	0x2E13E0	0x2E1460	64	1	
2	6	467	0x21DC	0xE146	0x2E1460	0x2E1560	128	1	
2	6	468	0x21DE	0xE156	0x2E1560	0x2E1660	128	1	
2	6	469	0x21E0	0xE166	0x2E1660	0x2E16E0	64	1	
2	6	470	0x21E2	0xE16E	0x2E16E0	0x2E17E0	128	1	
2	6	471	0x21E4	0xE17E	0x2E17E0	0x2E18E0	128	1	
2	6	472	0x21E6	0xE18E	0x2E18E0	0x2E1960	64	1	
2	6	473	0x21E8	0xE196	0x2E1960	0x2E1A60	128	1	
2	6	474	0x21EA	0xE1A6	0x2E1A60	0x2E1B60	128	1	
2	6	475	0x21EC	0xE1B6	0x2E1B60	0x2E1BE0	64	1	
2	6	476	0x21EE	0xE1BE	0x2E1BE0	0x2E1CE0	128	1	
2	6	477	0x21F0	0xE1CE	0x2E1CE0	0x2E1DE0	128	1	
2	6	478	0x21F2	0xE1DE	0x2E1DE0	0x2E1EE0	128	1	
2	6	479	0x21F4	0xE1EE	0x2E1EE0	0x2E1FE0	128	1	
2	6	480	0x21F6	0xE1FE	0x2E1FE0	0x2E20E0	128	1	
2	6	481	0x21F8	0xE20E	0x2E20E0	0x2E21E0	128	1	
2	6	482	0x21FA	0xE21E	0x2E21E0	0x2E22E0	128	1	
2	6	483	0x21FC	0xE22E	0x2E22E0	0x2E2360	64	1	
2	6	484	0x21FE	0xE236	0x2E2360	0x2E23E0	64	1	
2	6	485	0x2200	0xE23E	0x2E23E0	0x2E25E0	256	1	
2	6	486	0x2202	0xE25E	0x2E25E0	0x2E27E0	256	1	
2	6	487	0x2204	0xE27E	0x2E27E0	0x2E28E0	128	1	
2	6	488	0x2206	0xE28E	0x2E28E0	0x2E2AE0	256	1	
2	6	489	0x2208	0xE2AE	0x2E2AE0	0x2E2CE0	256	1	
2	6	490	0x220A	0xE2CE	0x2E2CE0	0x2E2EE0	256	1	
2	6	491	0x220C	0xE2EE	0x2E2EE0	0x2E30E0	256	1	
2	6	492	0x220E	0xE30E	0x2E30E0	0x2E32E0	256	1	
2	6	493	0x2210	0xE32E	0x2E32E0	0x2E33E0	128	1	
2	6	494	0x2212	0xE33E	0x2E33E0	0x2E34E0	128	1	
2	6	495	0x2214	0xE34E	0x2E34E0	0x2E35E0	128	1	
2	6	496	0x2216	0xE35E	0x2E35E0	0x2E36E0	128	1	
2	6	497	0x2218	0xE36E	0x2E36E0	0x2E38E0	256	1	
2	6	498	0x221A	0xE38E	0x2E38E0	0x2E3AE0	256	1	
2	6	499	0x221C	0xE3AE	0x2E3AE0	0x2E3CE0	256	1	
2	6	500	0x221E	0xE3CE	0x2E3CE0	0x2E3EE0	256	1	
2	6	501	0x2220	0xE3EE	0x2E3EE0	0x2E40E0	256	1	
2	6	502	0x2222	0xE40E	0x2E40E0	0x2E41E0	128	1	
2	6	503	0x2224	0xE41E	0x2E41E0	0x2E42E0	128	1	
2	6	504	0x2226	0xE42E	0x2E42E0	0x2E43E0	128	1	
2	6	505	0x2228	0xE43E	0x2E43E0	0x2E44E0	128	1	
2	6	506	0x222A	0xE44E	0x2E44E0	0x2E46E0	256	1	
2	6	507	0x222C	0xE46E	0x2E46E0	0x2E48E0	256	1	
2	6	508	0x222E	0xE48E	0x2E48E0	0x2E49E0	128	1	
2	6	509	0x2230	0xE49E	0x2E49E0	0x2E4BE0	256	1	
2	6	510	0x2232	0xE4BE	0x2E4BE0	0x2E4CE0	128	1	
2	6	511	0x2234	0xE4CE	0x2E4CE0	0x2E4DE0	128	1	
2	6	512	0x2236	0xE4DE	0x2E4DE0	0x2E4FE0	256	1	
2	6	513	0x2238	0xE4FE	0x2E4FE0	0x2E50E0	128	1	
2	6	514	0x223A	0xE50E	0x2E50E0	0x2E5160	64	1	
2	6	515	0x223C	0xE516	0x2E5160	0x2E5360	256	1	
2	6	516	0x223E	0xE536	0x2E5360	0x2E5460	128	1	
2	6	517	0x2240	0xE546	0x2E5460	0x2E54E0	64	1	
2	6	518	0x2242	0xE54E	0x2E54E0	0x2E55E0	128	1	
2	6	519	0x2244	0xE55E	0x2E55E0	0x2E56E0	128	1	
2	6	520	0x2246	0xE56E	0x2E56E0	0x2E57E0	128	1	
2	6	521	0x2248	0xE57E	0x2E57E0	0x2E58E0	128	1	
2	6	522	0x224A	0xE58E	0x2E58E0	0x2E59E0	128	1	
2	6	523	0x224C	0xE59E	0x2E59E0	0x2E5AE0	128	1	
2	6	524	0x224E	0xE5AE	0x2E5AE0	0x2E5BE0	128	1	
2	6	525	0x2250	0xE5BE	0x2E5BE0	0x2E5C60	64	1	
2	6	526	0x2252	0xE5C6	0x2E5C60	0x2E5CE0	64	1	
2	6	527	0x2254	0xE5CE	0x2E5CE0	0x2E5D60	64	1	
2	6	528	0x2256	0xE5D6	0x2E5D60	0x2E5DE0	64	1	
2	6	529	0x2258	0xE5DE	0x2E5DE0	0x2E5E60	64	1	
2	6	530	0x225A	0xE5E6	0x2E5E60	0x2E6060	256	1	
2	6	531	0x225C	0xE606	0x2E6060	0x2E6260	256	1	
2	6	532	0x225E	0xE626	0x2E6260	0x2E6460	256	1	
2	6	533	0x2260	0xE646	0x2E6460	0x2E6660	256	1	
2	6	534	0x2262	0xE666	0x2E6660	0x2E6860	256	1	
2	6	535	0x2264	0xE686	0x2E6860	0x2E6A60	256	1	
2	6	536	0x2266	0xE6A6	0x2E6A60	0x2E6B60	128	1	
2	6	537	0x2268	0xE6B6	0x2E6B60	0x2E6C60	128	1	
2	6	538	0x226A	0xE6C6	0x2E6C60	0x2E6D60	128	1	
2	6	539	0x226C	0xE6D6	0x2E6D60	0x2E6F60	256	1	
2	6	540	0x226E	0xE6F6	0x2E6F60	0x2E7160	256	1	
2	6	541	0x2270	0xE716	0x2E7160	0x2E7360	256	1	
2	6	542	0x2272	0xE736	0x2E7360	0x2E7560	256	1	
2	6	543	0x2274	0xE756	0x2E7560	0x2E7760	256	1	
2	6	544	0x2276	0xE776	0x2E7760	0x2E7960	256	1	
2	6	545	0x2278	0xE796	0x2E7960	0x2E7A60	128	1	
2	6	546	0x227A	0xE7A6	0x2E7A60	0x2E7B60	128	1	
2	6	547	0x227C	0xE7B6	0x2E7B60	0x2E7C60	128	1	
2	6	548	0x227E	0xE7C6	0x2E7C60	0x2E7E60	256	1	
2	6	549	0x2280	0xE7E6	0x2E7E60	0x2E8060	256	1	
2	6	550	0x2282	0xE806	0x2E8060	0x2E8260	256	1	
2	6	551	0x2284	0xE826	0x2E8260	0x2E8460	256	1	
2	6	552	0x2286	0xE846	0x2E8460	0x2E8660	256	1	
2	6	553	0x2288	0xE866	0x2E8660	0x2E8860	256	1	
2	6	554	0x228A	0xE886	0x2E8860	0x2E8960	128	1	
2	6	555	0x228C	0xE896	0x2E8960	0x2E8A60	128	1	
2	6	556	0x228E	0xE8A6	0x2E8A60	0x2E8B60	128	1	
2	6	557	0x2290	0xE8B6	0x2E8B60	0x2E8D60	256	1	
2	6	558	0x2292	0xE8D6	0x2E8D60	0x2E8F60	256	1	
2	6	559	0x2294	0xE8F6	0x2E8F60	0x2E9160	256	1	
2	6	560	0x2296	0xE916	0x2E9160	0x2E9360	256	1	
2	6	561	0x2298	0xE936	0x2E9360	0x2E9560	256	1	
2	6	562	0x229A	0xE956	0x2E9560	0x2E9660	128	1	
2	6	563	0x229C	0xE966	0x2E9660	0x2E9760	128	1	
2	6	564	0x229E	0xE976	0x2E9760	0x2E9860	128	1	
2	6	565	0x22A0	0xE986	0x2E9860	0x2E9960	128	1	
2	6	566	0x22A2	0xE996	0x2E9960	0x2E9B60	256	1	
2	6	567	0x22A4	0xE9B6	0x2E9B60	0x2E9D60	256	1	
2	6	568	0x22A6	0xE9D6	0x2E9D60	0x2E9F60	256	1	
2	6	569	0x22A8	0xE9F6	0x2E9F60	0x2EA060	128	1	
2	6	570	0x22AA	0xEA06	0x2EA060	0x2EA160	128	1	
2	6	571	0x22AC	0xEA16	0x2EA160	0x2EA260	128	1	
2	6	572	0x22AE	0xEA26	0x2EA260	0x2EA360	128	1	
2	6	573	0x22B0	0xEA36	0x2EA360	0x2EA460	128	1	
2	6	574	0x22B2	0xEA46	0x2EA460	0x2EA560	128	1	
2	6	575	0x22B4	0xEA56	0x2EA560	0x2EA760	256	1	
2	6	576	0x22B6	0xEA76	0x2EA760	0x2EA960	256	1	
2	6	577	0x22B8	0xEA96	0x2EA960	0x2EAB60	256	1	
2	6	578	0x22BA	0xEAB6	0x2EAB60	0x2EAC60	128	1	
2	6	579	0x22BC	0xEAC6	0x2EAC60	0x2EAD60	128	1	
2	6	580	0x22BE	0xEAD6	0x2EAD60	0x2EAE60	128	1	
2	6	581	0x22C0	0xEAE6	0x2EAE60	0x2EAF60	128	1	
2	6	582	0x22C2	0xEAF6	0x2EAF60	0x2EB060	128	1	
2	6	583	0x22C4	0xEB06	0x2EB060	0x2EB160	128	1	
2	6	584	0x22C6	0xEB16	0x2EB160	0x2EB360	256	1	
2	6	585	0x22C8	0xEB36	0x2EB360	0x2EB560	256	1	
2	6	586	0x22CA	0xEB56	0x2EB560	0x2EB760	256	1	
2	6	587	0x22CC	0xEB76	0x2EB760	0x2EB860	128	1	
2	6	588	0x22CE	0xEB86	0x2EB860	0x2EB960	128	1	
2	6	589	0x22D0	0xEB96	0x2EB960	0x2EBA60	128	1	
2	6	590	0x22D2	0xEBA6	0x2EBA60	0x2EBB60	128	1	
2	6	591	0x22D4	0xEBB6	0x2EBB60	0x2EBC60	128	1	
2	6	592	0x22D6	0xEBC6	0x2EBC60	0x2EBD60	128	1	
2	6	593	0x22D8	0xEBD6	0x2EBD60	0x2EBF60	256	1	
2	6	594	0x22DA	0xEBF6	0x2EBF60	0x2EC060	128	1	
2	6	595	0x22DC	0xEC06	0x2EC060	0x2EC160	128	1	
2	6	596	0x22DE	0xEC16	0x2EC160	0x2EC260	128	1	
2	6	597	0x22E0	0xEC26	0x2EC260	0x2EC360	128	1	
2	6	598	0x22E2	0xEC36	0x2EC360	0x2EC3E0	64	1	
2	6	599	0x22E4	0xEC3E	0x2EC3E0	0x2EC460	64	1	
2	6	600	0x22E6	0xEC46	0x2EC460	0x2EC4E0	64	1	
2	6	601	0x22E8	0xEC4E	0x2EC4E0	0x2EC560	64	1	
2	6	602	0x22EA	0xEC56	0x2EC560	0x2EC660	128	1	
2	6	603	0x22EC	0xEC66	0x2EC660	0x2EC760	128	1	
2	6	604	0x22EE	0xEC76	0x2EC760	0x2EC860	128	1	
2	6	605	0x22F0	0xEC86	0x2EC860	0x2EC960	128	1	
2	6	606	0x22F2	0xEC96	0x2EC960	0x2EC9E0	64	1	
2	6	607	0x22F4	0xEC9E	0x2EC9E0	0x2ECA60	64	1	
2	6	608	0x22F6	0xECA6	0x2ECA60	0x2ECAE0	64	1	
2	6	609	0x22F8	0xECAE	0x2ECAE0	0x2ECB60	64	1	
2	6	610	0x22FA	0xECB6	0x2ECB60	0x2ECBE0	64	1	
2	6	611	0x22FC	0xECBE	0x2ECBE0	0x2ECC60	64	1	
2	6	612	0x22FE	0xECC6	0x2ECC60	0x2ECCE0	64	1	
2	6	613	0x2300	0xECCE	0x2ECCE0	0x2ECD60	64	1	
2	6	614	0x2302	0xECD6	0x2ECD60	0x2ECDE0	64	1	
2	6	615	0x2304	0xECDE	0x2ECDE0	0x2ECE60	64	1	
2	6	616	0x2306	0xECE6	0x2ECE60	0x2ECEE0	64	1	
2	6	617	0x2308	0xECEE	0x2ECEE0	0x2ECF60	64	1	
2	6	618	0x230A	0xECF6	0x2ECF60	0x2ECFE0	64	1	
2	6	619	0x230C	0xECFE	0x2ECFE0	0x2ED060	64	1	
2	6	620	0x230E	0xED06	0x2ED060	0x2ED0E0	64	1	
2	6	621	0x2310	0xED0E	0x2ED0E0	0x2ED160	64	1	
2	6	622	0x2312	0xED16	0x2ED160	0x2ED1E0	64	1	
2	6	623	0x2314	0xED1E	0x2ED1E0	0x2ED260	64	1	
2	6	624	0x2316	0xED26	0x2ED260	0x2ED2E0	64	1	
2	6	625	0x2318	0xED2E	0x2ED2E0	0x2ED360	64	1	
2	6	626	0x231A	0xED36	0x2ED360	0x2ED460	128	1	
2	6	627	0x231C	0xED46	0x2ED460	0x2ED4E0	64	1	
2	6	628	0x231E	0xED4E	0x2ED4E0	0x2ED560	64	1	
2	6	629	0x2320	0xED56	0x2ED560	0x2ED660	128	1	
2	6	630	0x2322	0xED66	0x2ED660	0x2ED760	128	1	
2	6	631	0x2324	0xED76	0x2ED760	0x2ED7E0	64	1	
2	6	632	0x2326	0xED7E	0x2ED7E0	0x2ED8E0	128	1	
2	6	633	0x2328	0xED8E	0x2ED8E0	0x2ED9E0	128	1	
2	6	634	0x232A	0xED9E	0x2ED9E0	0x2EDA60	64	1	
2	6	635	0x232C	0xEDA6	0x2EDA60	0x2EDB60	128	1	
2	6	636	0x232E	0xEDB6	0x2EDB60	0x2EDC60	128	1	
2	6	637	0x2330	0xEDC6	0x2EDC60	0x2EDCE0	64	1	
2	6	638	0x2332	0xEDCE	0x2EDCE0	0x2EDDE0	128	1	
2	6	639	0x2334	0xEDDE	0x2EDDE0	0x2EDEE0	128	1	
2	6	640	0x2336	0xEDEE	0x2EDEE0	0x2EDF60	64	1	
2	6	641	0x2338	0xEDF6	0x2EDF60	0x2EE060	128	1	
2	6	642	0x233A	0xEE06	0x2EE060	0x2EE160	128	1	
2	6	643	0x233C	0xEE16	0x2EE160	0x2EE260	128	1	
2	6	644	0x233E	0xEE26	0x2EE260	0x2EE360	128	1	
2	6	645	0x2340	0xEE36	0x2EE360	0x2EE460	128	1	
2	6	646	0x2342	0xEE46	0x2EE460	0x2EE560	128	1	
2	6	647	0x2344	0xEE56	0x2EE560	0x2EE660	128	1	
2	6	648	0x2346	0xEE66	0x2EE660	0x2EE760	128	1	
2	6	649	0x2348	0xEE76	0x2EE760	0x2EE7E0	64	1	
2	6	650	0x234A	0xEE7E	0x2EE7E0	0x2EE860	64	1	
2	6	651	0x234C	0xEE86	0x2EE860	0x2EE8E0	64	1	
2	6	652	0x234E	0xEE8E	0x2EE8E0	0x2EE960	64	1	
2	6	653	0x2350	0xEE96	0x2EE960	0x2EE9E0	64	1	
2	6	654	0x2352	0xEE9E	0x2EE9E0	0x2EEA60	64	1	
2	6	655	0x2354	0xEEA6	0x2EEA60	0x2EEAE0	64	1	
2	6	656	0x2356	0xEEAE	0x2EEAE0	0x2EEB60	64	1	
2	6	657	0x2358	0xEEB6	0x2EEB60	0x2EEBE0	64	1	
2	6	658	0x235A	0xEEBE	0x2EEBE0	0x2EEC60	64	1	
2	6	659	0x235C	0xEEC6	0x2EEC60	0x2EECE0	64	1	
2	6	660	0x235E	0xEECE	0x2EECE0	0x2EED60	64	1	
2	6	661	0x2360	0xEED6	0x2EED60	0x2EEDE0	64	1	
2	6	662	0x2362	0xEEDE	0x2EEDE0	0x2EEE60	64	1	
2	6	663	0x2364	0xEEE6	0x2EEE60	0x2EEEE0	64	1	
2	6	664	0x2366	0xEEEE	0x2EEEE0	0x2EEF60	64	1	
2	6	665	0x2368	0xEEF6	0x2EEF60	0x2EEFE0	64	1	
2	6	666	0x236A	0xEEFE	0x2EEFE0	0x2EF060	64	1	
2	6	667	0x236C	0xEF06	0x2EF060	0x2EF0E0	64	1	
2	6	668	0x236E	0xEF0E	0x2EF0E0	0x2EF160	64	1	
2	6	669	0x2370	0xEF16	0x2EF160	0x2EF1E0	64	1	
2	6	670	0x2372	0xEF1E	0x2EF1E0	0x2EF260	64	1	
2	6	671	0x2374	0xEF26	0x2EF260	0x2EF2E0	64	1	
2	6	672	0x2376	0xEF2E	0x2EF2E0	0x2EF360	64	1	
2	6	673	0x2378	0xEF36	0x2EF360	0x2EF3E0	64	1	
2	6	674	0x237A	0xEF3E	0x2EF3E0	0x2EF460	64	1	
2	6	675	0x237C	0xEF46	0x2EF460	0x2EF4E0	64	1	
2	6	676	0x237E	0xEF4E	0x2EF4E0	0x2EF560	64	1	
2	6	677	0x2380	0xEF56	0x2EF560	0x2EF5E0	64	1	
2	6	678	0x2382	0xEF5E	0x2EF5E0	0x2EF660	64	1	
2	6	679	0x2384	0xEF66	0x2EF660	0x2EF6E0	64	1	
2	6	680	0x2386	0xEF6E	0x2EF6E0	0x2EF760	64	1	
2	6	681	0x2388	0xEF76	0x2EF760	0x2EF7E0	64	1	
2	6	682	0x238A	0xEF7E	0x2EF7E0	0x2EF860	64	1	
2	6	683	0x238C	0xEF86	0x2EF860	0x2EF8E0	64	1	
2	6	684	0x238E	0xEF8E	0x2EF8E0	0x2EF960	64	1	
2	6	685	0x2390	0xEF96	0x2EF960	0x2EF9E0	64	1	
2	6	686	0x2392	0xEF9E	0x2EF9E0	0x2EFA60	64	1	
2	6	687	0x2394	0xEFA6	0x2EFA60	0x2EFAE0	64	1	
2	6	688	0x2396	0xEFAE	0x2EFAE0	0x2EFB60	64	1	
2	6	689	0x2398	0xEFB6	0x2EFB60	0x2EFBE0	64	1	
2	6	690	0x239A	0xEFBE	0x2EFBE0	0x2EFC60	64	1	
2	6	691	0x239C	0xEFC6	0x2EFC60	0x2EFCE0	64	1	
2	6	692	0x239E	0xEFCE	0x2EFCE0	0x2EFD60	64	1	
2	6	693	0x23A0	0xEFD6	0x2EFD60	0x2EFDE0	64	1	
2	6	694	0x23A2	0xEFDE	0x2EFDE0	0x2EFE60	64	1	
2	6	695	0x23A4	0xEFE6	0x2EFE60	0x2EFEE0	64	1	
2	6	696	0x23A6	0xEFEE	0x2EFEE0	0x2EFF60	64	1	
2	6	697	0x23A8	0xEFF6	0x2EFF60	0x2EFFE0	64	1	
2	6	698	0x23AA	0xEFFE	0x2EFFE0	0x2F0060	64	1	
2	6	699	0x23AC	0xF006	0x2F0060	0x2F00E0	64	1	
2	6	700	0x23AE	0xF00E	0x2F00E0	0x2F0160	64	1	
2	6	701	0x23B0	0xF016	0x2F0160	0x2F01E0	64	1	
2	6	702	0x23B2	0xF01E	0x2F01E0	0x2F0260	64	1	
2	6	703	0x23B4	0xF026	0x2F0260	0x2F02E0	64	1	
2	6	704	0x23B6	0xF02E	0x2F02E0	0x2F0360	64	1	
2	6	705	0x23B8	0xF036	0x2F0360	0x2F03E0	64	1	
2	6	706	0x23BA	0xF03E	0x2F03E0	0x2F0460	64	1	
2	6	707	0x23BC	0xF046	0x2F0460	0x2F04E0	64	1	
2	6	708	0x23BE	0xF04E	0x2F04E0	0x2F0560	64	1	
2	6	709	0x23C0	0xF056	0x2F0560	0x2F05E0	64	1	
2	6	710	0x23C2	0xF05E	0x2F05E0	0x2F0660	64	1	
2	6	711	0x23C4	0xF066	0x2F0660	0x2F06E0	64	1	
2	6	712	0x23C6	0xF06E	0x2F06E0	0x2F0760	64	1	
2	6	713	0x23C8	0xF076	0x2F0760	0x2F07E0	64	1	
2	6	714	0x23CA	0xF07E	0x2F07E0	0x2F0860	64	1	
2	6	715	0x23CC	0xF086	0x2F0860	0x2F08E0	64	1	
2	6	716	0x23CE	0xF08E	0x2F08E0	0x2F0960	64	1	
2	6	717	0x23D0	0xF096	0x2F0960	0x2F09E0	64	1	
2	6	718	0x23D2	0xF09E	0x2F09E0	0x2F0A60	64	1	
2	6	719	0x23D4	0xF0A6	0x2F0A60	0x2F0AE0	64	1	
2	6	720	0x23D6	0xF0AE	0x2F0AE0	0x2F0B60	64	1	
2	6	721	0x23D8	0xF0B6	0x2F0B60	0x2F0BE0	64	1	
2	6	722	0x23DA	0xF0BE	0x2F0BE0	0x2F0C60	64	1	
2	6	723	0x23DC	0xF0C6	0x2F0C60	0x2F0CE0	64	1	
2	6	724	0x23DE	0xF0CE	0x2F0CE0	0x2F0D60	64	1	
2	6	725	0x23E0	0xF0D6	0x2F0D60	0x2F0DE0	64	1	
2	6	726	0x23E2	0xF0DE	0x2F0DE0	0x2F0E60	64	1	
2	6	727	0x23E4	0xF0E6	0x2F0E60	0x2F0EE0	64	1	
2	6	728	0x23E6	0xF0EE	0x2F0EE0	0x2F0F60	64	1	
2	6	729	0x23E8	0xF0F6	0x2F0F60	0x2F0FE0	64	1	
2	6	730	0x23EA	0xF0FE	0x2F0FE0	0x2F1060	64	1	
2	6	731	0x23EC	0xF106	0x2F1060	0x2F10E0	64	1	
2	6	732	0x23EE	0xF10E	0x2F10E0	0x2F1160	64	1	
2	6	733	0x23F0	0xF116	0x2F1160	0x2F11E0	64	1	
2	6	734	0x23F2	0xF11E	0x2F11E0	0x2F1260	64	1	
2	6	735	0x23F4	0xF126	0x2F1260	0x2F12E0	64	1	
2	6	736	0x23F6	0xF12E	0x2F12E0	0x2F1360	64	1	
2	6	737	0x23F8	0xF136	0x2F1360	0x2F13E0	64	1	
2	6	738	0x23FA	0xF13E	0x2F13E0	0x2F1460	64	1	
2	6	739	0x23FC	0xF146	0x2F1460	0x2F14E0	64	1	
2	6	740	0x23FE	0xF14E	0x2F14E0	0x2F1560	64	1	
2	6	741	0x2400	0xF156	0x2F1560	0x2F15E0	64	1	
2	6	742	0x2402	0xF15E	0x2F15E0	0x2F1660	64	1	
2	6	743	0x2404	0xF166	0x2F1660	0x2F16E0	64	1	
2	6	744	0x2406	0xF16E	0x2F16E0	0x2F1760	64	1	
2	6	745	0x2408	0xF176	0x2F1760	0x2F17E0	64	1	
2	6	746	0x240A	0xF17E	0x2F17E0	0x2F1860	64	1	
2	6	747	0x240C	0xF186	0x2F1860	0x2F18E0	64	1	
2	6	748	0x240E	0xF18E	0x2F18E0	0x2F1960	64	1	
2	6	749	0x2410	0xF196	0x2F1960	0x2F19E0	64	1	
2	6	750	0x2412	0xF19E	0x2F19E0	0x2F1A60	64	1	
2	6	751	0x2414	0xF1A6	0x2F1A60	0x2F1AE0	64	1	
2	6	752	0x2416	0xF1AE	0x2F1AE0	0x2F1B60	64	1	
2	6	753	0x2418	0xF1B6	0x2F1B60	0x2F1BE0	64	1	
2	6	754	0x241A	0xF1BE	0x2F1BE0	0x2F1C60	64	1	
2	6	755	0x241C	0xF1C6	0x2F1C60	0x2F1CE0	64	1	
2	6	756	0x241E	0xF1CE	0x2F1CE0	0x2F1D60	64	1	
2	6	757	0x2420	0xF1D6	0x2F1D60	0x2F1DE0	64	1	
2	6	758	0x2422	0xF1DE	0x2F1DE0	0x2F1E60	64	1	
2	6	759	0x2424	0xF1E6	0x2F1E60	0x2F1EE0	64	1	
2	6	760	0x2426	0xF1EE	0x2F1EE0	0x2F1F60	64	1	
2	6	761	0x2428	0xF1F6	0x2F1F60	0x2F1FE0	64	1	
2	6	762	0x242A	0xF1FE	0x2F1FE0	0x2F2060	64	1	
2	6	763	0x242C	0xF206	0x2F2060	0x2F20E0	64	1	
2	6	764	0x242E	0xF20E	0x2F20E0	0x2F2160	64	1	
2	6	765	0x2430	0xF216	0x2F2160	0x2F21E0	64	1	
2	6	766	0x2432	0xF21E	0x2F21E0	0x2F2260	64	1	
2	6	767	0x2434	0xF226	0x2F2260	0x2F22E0	64	1	
2	6	768	0x2436	0xF22E	0x2F22E0	0x2F2360	64	1	
2	6	769	0x2438	0xF236	0x2F2360	0x2F23E0	64	1	
2	6	770	0x243A	0xF23E	0x2F23E0	0x2F2460	64	1	
2	6	771	0x243C	0xF246	0x2F2460	0x2F24E0	64	1	
2	6	772	0x243E	0xF24E	0x2F24E0	0x2F2560	64	1	
2	6	773	0x2440	0xF256	0x2F2560	0x2F25E0	64	1	
2	6	774	0x2442	0xF25E	0x2F25E0	0x2F2660	64	1	
2	6	775	0x2444	0xF266	0x2F2660	0x2F26E0	64	1	
2	6	776	0x2446	0xF26E	0x2F26E0	0x2F2760	64	1	
2	6	777	0x2448	0xF276	0x2F2760	0x2F27E0	64	1	
2	6	778	0x244A	0xF27E	0x2F27E0	0x2F2860	64	1	
2	6	779	0x244C	0xF286	0x2F2860	0x2F28E0	64	1	
2	6	780	0x244E	0xF28E	0x2F28E0	0x2F2960	64	1	
2	6	781	0x2450	0xF296	0x2F2960	0x2F29E0	64	1	
2	6	782	0x2452	0xF29E	0x2F29E0	0x2F2A60	64	1	
2	6	783	0x2454	0xF2A6	0x2F2A60	0x2F2AE0	64	1	
2	6	784	0x2456	0xF2AE	0x2F2AE0	0x2F2B60	64	1	
2	6	785	0x2458	0xF2B6	0x2F2B60	0x2F2BE0	64	1	
2	6	786	0x245A	0xF2BE	0x2F2BE0	0x2F2C60	64	1	
2	6	787	0x245C	0xF2C6	0x2F2C60	0x2F2CE0	64	1	
2	6	788	0x245E	0xF2CE	0x2F2CE0	0x2F2D60	64	1	
2	6	789	0x2460	0xF2D6	0x2F2D60	0x2F2DE0	64	1	
2	6	790	0x2462	0xF2DE	0x2F2DE0	0x2F2E60	64	1	
2	6	791	0x2464	0xF2E6	0x2F2E60	0x2F2EE0	64	1	
2	6	792	0x2466	0xF2EE	0x2F2EE0	0x2F2F60	64	1	
2	6	793	0x2468	0xF2F6	0x2F2F60	0x2F2FE0	64	1	
2	6	794	0x246A	0xF2FE	0x2F2FE0	0x2F3060	64	1	
2	6	795	0x246C	0xF306	0x2F3060	0x2F30E0	64	1	
2	6	796	0x246E	0xF30E	0x2F30E0	0x2F3160	64	1	
2	6	797	0x2470	0xF316	0x2F3160	0x2F31E0	64	1	
2	6	798	0x2472	0xF31E	0x2F31E0	0x2F3260	64	1	
2	6	799	0x2474	0xF326	0x2F3260	0x2F32E0	64	1	
2	6	800	0x2476	0xF32E	0x2F32E0	0x2F3360	64	1	
2	6	801	0x2478	0xF336	0x2F3360	0x2F33E0	64	1	
2	6	802	0x247A	0xF33E	0x2F33E0	0x2F3460	64	1	
2	6	803	0x247C	0xF346	0x2F3460	0x2F34E0	64	1	
2	6	804	0x247E	0xF34E	0x2F34E0	0x2F3560	64	1	
2	6	805	0x2480	0xF356	0x2F3560	0x2F35E0	64	1	
2	6	806	0x2482	0xF35E	0x2F35E0	0x2F3660	64	1	
2	6	807	0x2484	0xF366	0x2F3660	0x2F36E0	64	1	
2	6	808	0x2486	0xF36E	0x2F36E0	0x2F3760	64	1	
2	6	809	0x2488	0xF376	0x2F3760	0x2F37E0	64	1	
2	6	810	0x248A	0xF37E	0x2F37E0	0x2F3860	64	1	
2	6	811	0x248C	0xF386	0x2F3860	0x2F38E0	64	1	
2	6	812	0x248E	0xF38E	0x2F38E0	0x2F3960	64	1	
2	6	813	0x2490	0xF396	0x2F3960	0x2F39E0	64	1	
2	6	814	0x2492	0xF39E	0x2F39E0	0x2F3A60	64	1	
2	6	815	0x2494	0xF3A6	0x2F3A60	0x2F3AE0	64	1	
2	6	816	0x2496	0xF3AE	0x2F3AE0	0x2F3B60	64	1	
2	6	817	0x2498	0xF3B6	0x2F3B60	0x2F3BE0	64	1	
2	6	818	0x249A	0xF3BE	0x2F3BE0	0x2F3C60	64	1	
2	6	819	0x249C	0xF3C6	0x2F3C60	0x2F3CE0	64	1	
2	6	820	0x249E	0xF3CE	0x2F3CE0	0x2F3D60	64	1	
2	6	821	0x24A0	0xF3D6	0x2F3D60	0x2F3DE0	64	1	
2	6	822	0x24A2	0xF3DE	0x2F3DE0	0x2F3E60	64	1	
2	6	823	0x24A4	0xF3E6	0x2F3E60	0x2F3EE0	64	1	
2	6	824	0x24A6	0xF3EE	0x2F3EE0	0x2F3F60	64	1	
2	6	825	0x24A8	0xF3F6	0x2F3F60	0x2F3FE0	64	1	
2	6	826	0x24AA	0xF3FE	0x2F3FE0	0x2F4060	64	1	
2	6	827	0x24AC	0xF406	0x2F4060	0x2F40E0	64	1	
2	6	828	0x24AE	0xF40E	0x2F40E0	0x2F4160	64	1	
2	6	829	0x24B0	0xF416	0x2F4160	0x2F41E0	64	1	
2	6	830	0x24B2	0xF41E	0x2F41E0	0x2F4260	64	1	
2	6	831	0x24B4	0xF426	0x2F4260	0x2F42E0	64	1	
2	6	832	0x24B6	0xF42E	0x2F42E0	0x2F4360	64	1	
2	6	833	0x24B8	0xF436	0x2F4360	0x2F43E0	64	1	
2	6	834	0x24BA	0xF43E	0x2F43E0	0x2F4460	64	1	
2	6	835	0x24BC	0xF446	0x2F4460	0x2F44E0	64	1	
2	6	836	0x24BE	0xF44E	0x2F44E0	0x2F4560	64	1	
2	6	837	0x24C0	0xF456	0x2F4560	0x2F45E0	64	1	
2	6	838	0x24C2	0xF45E	0x2F45E0	0x2F4660	64	1	
2	6	839	0x24C4	0xF466	0x2F4660	0x2F46E0	64	1	
2	6	840	0x24C6	0xF46E	0x2F46E0	0x2F4760	64	1	
2	6	841	0x24C8	0xF476	0x2F4760	0x2F47E0	64	1	
2	6	842	0x24CA	0xF47E	0x2F47E0	0x2F4860	64	1	
2	6	843	0x24CC	0xF486	0x2F4860	0x2F48E0	64	1	
2	6	844	0x24CE	0xF48E	0x2F48E0	0x2F4960	64	1	
2	6	845	0x24D0	0xF496	0x2F4960	0x2F49E0	64	1	
2	6	846	0x24D2	0xF49E	0x2F49E0	0x2F4A60	64	1	
2	6	847	0x24D4	0xF4A6	0x2F4A60	0x2F4AE0	64	1	
2	6	848	0x24D6	0xF4AE	0x2F4AE0	0x2F4B60	64	1	
2	6	849	0x24D8	0xF4B6	0x2F4B60	0x2F4BE0	64	1	
2	6	850	0x24DA	0xF4BE	0x2F4BE0	0x2F4C60	64	1	
2	6	851	0x24DC	0xF4C6	0x2F4C60	0x2F4CE0	64	1	
2	6	852	0x24DE	0xF4CE	0x2F4CE0	0x2F4D60	64	1	
2	6	853	0x24E0	0xF4D6	0x2F4D60	0x2F4DE0	64	1	
2	6	854	0x24E2	0xF4DE	0x2F4DE0	0x2F4E60	64	1	
2	6	855	0x24E4	0xF4E6	0x2F4E60	0x2F4EE0	64	1	
2	6	856	0x24E6	0xF4EE	0x2F4EE0	0x2F4F60	64	1	
2	6	857	0x24E8	0xF4F6	0x2F4F60	0x2F4FE0	64	1	
2	6	858	0x24EA	0xF4FE	0x2F4FE0	0x2F5060	64	1	
2	6	859	0x24EC	0xF506	0x2F5060	0x2F50E0	64	1	
2	6	860	0x24EE	0xF50E	0x2F50E0	0x2F5160	64	1	
2	6	861	0x24F0	0xF516	0x2F5160	0x2F51E0	64	1	
2	6	862	0x24F2	0xF51E	0x2F51E0	0x2F5260	64	1	
2	6	863	0x24F4	0xF526	0x2F5260	0x2F52E0	64	1	
2	6	864	0x24F6	0xF52E	0x2F52E0	0x2F5360	64	1	
2	6	865	0x24F8	0xF536	0x2F5360	0x2F53E0	64	1	
2	6	866	0x24FA	0xF53E	0x2F53E0	0x2F5460	64	1	
2	6	867	0x24FC	0xF546	0x2F5460	0x2F54E0	64	1	
2	6	868	0x24FE	0xF54E	0x2F54E0	0x2F5560	64	1	
2	6	869	0x2500	0xF556	0x2F5560	0x2F55E0	64	1	
2	6	870	0x2502	0xF55E	0x2F55E0	0x2F5660	64	1	
2	6	871	0x2504	0xF566	0x2F5660	0x2F56E0	64	1	
2	6	872	0x2506	0xF56E	0x2F56E0	0x2F5760	64	1	
2	6	873	0x2508	0xF576	0x2F5760	0x2F5860	128	1	
2	6	874	0x250A	0xF586	0x2F5860	0x2F5960	128	1	
2	6	875	0x250C	0xF596	0x2F5960	0x2F59E0	64	1	
2	6	876	0x250E	0xF59E	0x2F59E0	0x2F5AE0	128	1	
2	6	877	0x2510	0xF5AE	0x2F5AE0	0x2F5BE0	128	1	
2	6	878	0x2512	0xF5BE	0x2F5BE0	0x2F5CE0	128	1	
2	6	879	0x2514	0xF5CE	0x2F5CE0	0x2F5DE0	128	1	
2	6	880	0x2516	0xF5DE	0x2F5DE0	0x2F5E60	64	1	
2	6	881	0x2518	0xF5E6	0x2F5E60	0x2F5EE0	64	1	
2	6	882	0x251A	0xF5EE	0x2F5EE0	0x2F5F60	64	1	
2	6	883	0x251C	0xF5F6	0x2F5F60	0x2F5FE0	64	1	
2	6	884	0x251E	0xF5FE	0x2F5FE0	0x2F60E0	128	1	
2	6	885	0x2520	0xF60E	0x2F60E0	0x2F61E0	128	1	
2	6	886	0x2522	0xF61E	0x2F61E0	0x2F62E0	128	1	
2	6	887	0x2524	0xF62E	0x2F62E0	0x2F63E0	128	1	
2	6	888	0x2526	0xF63E	0x2F63E0	0x2F6460	64	1	
2	6	889	0x2528	0xF646	0x2F6460	0x2F64E0	64	1	
2	6	890	0x252A	0xF64E	0x2F64E0	0x2F6560	64	1	
2	6	891	0x252C	0xF656	0x2F6560	0x2F65E0	64	1	
2	6	892	0x252E	0xF65E	0x2F65E0	0x2F66E0	128	1	
2	6	893	0x2530	0xF66E	0x2F66E0	0x2F67E0	128	1	
2	6	894	0x2532	0xF67E	0x2F67E0	0x2F6860	64	1	
2	6	895	0x2534	0xF686	0x2F6860	0x2F6960	128	1	
2	6	896	0x2536	0xF696	0x2F6960	0x2F6A60	128	1	
2	6	897	0x2538	0xF6A6	0x2F6A60	0x2F6AE0	64	1	
2	6	898	0x253A	0xF6AE	0x2F6AE0	0x2F6BE0	128	1	
2	6	899	0x253C	0xF6BE	0x2F6BE0	0x2F6CE0	128	1	
2	6	900	0x253E	0xF6CE	0x2F6CE0	0x2F6D60	64	1	
2	6	901	0x2540	0xF6D6	0x2F6D60	0x2F6E60	128	1	
2	6	902	0x2542	0xF6E6	0x2F6E60	0x2F6F60	128	1	
2	6	903	0x2544	0xF6F6	0x2F6F60	0x2F6FE0	64	1	
2	6	904	0x2546	0xF6FE	0x2F6FE0	0x2F70E0	128	1	
2	6	905	0x2548	0xF70E	0x2F70E0	0x2F71E0	128	1	
2	6	906	0x254A	0xF71E	0x2F71E0	0x2F7260	64	1	
2	6	907	0x254C	0xF726	0x2F7260	0x2F72E0	64	1	
2	6	908	0x254E	0xF72E	0x2F72E0	0x2F7360	64	1	
2	6	909	0x2550	0xF736	0x2F7360	0x2F73E0	64	1	
2	6	910	0x2552	0xF73E	0x2F73E0	0x2F7460	64	1	
2	6	911	0x2554	0xF746	0x2F7460	0x2F74E0	64	1	
2	6	912	0x2556	0xF74E	0x2F74E0	0x2F7560	64	1	
2	6	913	0x2558	0xF756	0x2F7560	0x2F75E0	64	1	
2	6	914	0x255A	0xF75E	0x2F75E0	0x2F7660	64	1	
2	6	915	0x255C	0xF766	0x2F7660	0x2F7760	128	1	
2	6	916	0x255E	0xF776	0x2F7760	0x2F7860	128	1	
2	6	917	0x2560	0xF786	0x2F7860	0x2F78E0	64	1	
2	6	918	0x2562	0xF78E	0x2F78E0	0x2F79E0	128	1	
2	6	919	0x2564	0xF79E	0x2F79E0	0x2F7AE0	128	1	
2	6	920	0x2566	0xF7AE	0x2F7AE0	0x2F7BE0	128	1	
2	6	921	0x2568	0xF7BE	0x2F7BE0	0x2F7CE0	128	1	
2	6	922	0x256A	0xF7CE	0x2F7CE0	0x2F7DE0	128	1	
2	6	923	0x256C	0xF7DE	0x2F7DE0	0x2F7E60	64	1	
2	6	924	0x256E	0xF7E6	0x2F7E60	0x2F7EE0	64	1	
2	6	925	0x2570	0xF7EE	0x2F7EE0	0x2F7F60	64	1	
2	6	926	0x2572	0xF7F6	0x2F7F60	0x2F8060	128	1	
2	6	927	0x2574	0xF806	0x2F8060	0x2F8160	128	1	
2	6	928	0x2576	0xF816	0x2F8160	0x2F8260	128	1	
2	6	929	0x2578	0xF826	0x2F8260	0x2F8360	128	1	
2	6	930	0x257A	0xF836	0x2F8360	0x2F8460	128	1	
2	6	931	0x257C	0xF846	0x2F8460	0x2F84E0	64	1	
2	6	932	0x257E	0xF84E	0x2F84E0	0x2F8560	64	1	
2	6	933	0x2580	0xF856	0x2F8560	0x2F85E0	64	1	
2	6	934	0x2582	0xF85E	0x2F85E0	0x2F86E0	128	1	
2	6	935	0x2584	0xF86E	0x2F86E0	0x2F87E0	128	1	
2	6	936	0x2586	0xF87E	0x2F87E0	0x2F8860	64	1	
2	6	937	0x2588	0xF886	0x2F8860	0x2F8960	128	1	
2	6	938	0x258A	0xF896	0x2F8960	0x2F8A60	128	1	
2	6	939	0x258C	0xF8A6	0x2F8A60	0x2F8AE0	64	1	
2	6	940	0x258E	0xF8AE	0x2F8AE0	0x2F8BE0	128	1	
2	6	941	0x2590	0xF8BE	0x2F8BE0	0x2F8CE0	128	1	
2	6	942	0x2592	0xF8CE	0x2F8CE0	0x2F8D60	64	1	
2	6	943	0x2594	0xF8D6	0x2F8D60	0x2F8E60	128	1	
2	6	944	0x2596	0xF8E6	0x2F8E60	0x2F8F60	128	1	
2	6	945	0x2598	0xF8F6	0x2F8F60	0x2F8FE0	64	1	
2	6	946	0x259A	0xF8FE	0x2F8FE0	0x2F90E0	128	1	
2	6	947	0x259C	0xF90E	0x2F90E0	0x2F91E0	128	1	
2	6	948	0x259E	0xF91E	0x2F91E0	0x2F9260	64	1	
2	6	949	0x25A0	0xF926	0x2F9260	0x2F9360	128	1	
2	6	950	0x25A2	0xF936	0x2F9360	0x2F9460	128	1	
2	6	951	0x25A4	0xF946	0x2F9460	0x2F9560	128	1	
2	6	952	0x25A6	0xF956	0x2F9560	0x2F95E0	64	1	
2	6	953	0x25A8	0xF95E	0x2F95E0	0x2F9660	64	1	
2	6	954	0x25AA	0xF966	0x2F9660	0x2F96E0	64	1	
2	6	955	0x25AC	0xF96E	0x2F96E0	0x2F9760	64	1	
2	6	956	0x25AE	0xF976	0x2F9760	0x2F97E0	64	1	
2	6	957	0x25B0	0xF97E	0x2F97E0	0x2F98E0	128	1	
2	6	958	0x25B2	0xF98E	0x2F98E0	0x2F99E0	128	1	
2	6	959	0x25B4	0xF99E	0x2F99E0	0x2F9A60	64	1	
2	6	960	0x25B6	0xF9A6	0x2F9A60	0x2F9B60	128	1	
2	6	961	0x25B8	0xF9B6	0x2F9B60	0x2F9C60	128	1	
2	6	962	0x25BA	0xF9C6	0x2F9C60	0x2F9D60	128	1	
2	6	963	0x25BC	0xF9D6	0x2F9D60	0x2F9E60	128	1	
2	6	964	0x25BE	0xF9E6	0x2F9E60	0x2F9F60	128	1	
2	6	965	0x25C0	0xF9F6	0x2F9F60	0x2FA060	128	1	
2	6	966	0x25C2	0xFA06	0x2FA060	0x2FA0E0	64	1	
2	6	967	0x25C4	0xFA0E	0x2FA0E0	0x2FA160	64	1	
2	6	968	0x25C6	0xFA16	0x2FA160	0x2FA260	128	1	
2	6	969	0x25C8	0xFA26	0x2FA260	0x2FA360	128	1	
2	6	970	0x25CA	0xFA36	0x2FA360	0x2FA460	128	1	
2	6	971	0x25CC	0xFA46	0x2FA460	0x2FA560	128	1	
2	6	972	0x25CE	0xFA56	0x2FA560	0x2FA660	128	1	
2	6	973	0x25D0	0xFA66	0x2FA660	0x2FA760	128	1	
2	6	974	0x25D2	0xFA76	0x2FA760	0x2FA7E0	64	1	
2	6	975	0x25D4	0xFA7E	0x2FA7E0	0x2FA860	64	1	
2	6	976	0x25D6	0xFA86	0x2FA860	0x2FA960	128	1	
2	6	977	0x25D8	0xFA96	0x2FA960	0x2FAA60	128	1	
2	6	978	0x25DA	0xFAA6	0x2FAA60	0x2FAAE0	64	1	
2	6	979	0x25DC	0xFAAE	0x2FAAE0	0x2FABE0	128	1	
2	6	980	0x25DE	0xFABE	0x2FABE0	0x2FACE0	128	1	
2	6	981	0x25E0	0xFACE	0x2FACE0	0x2FAD60	64	1	
2	6	982	0x25E2	0xFAD6	0x2FAD60	0x2FAE60	128	1	
2	6	983	0x25E4	0xFAE6	0x2FAE60	0x2FAF60	128	1	
2	6	984	0x25E6	0xFAF6	0x2FAF60	0x2FAFE0	64	1	
2	6	985	0x25E8	0xFAFE	0x2FAFE0	0x2FB0E0	128	1	
2	6	986	0x25EA	0xFB0E	0x2FB0E0	0x2FB1E0	128	1	
2	6	987	0x25EC	0xFB1E	0x2FB1E0	0x2FB260	64	1	
2	6	988	0x25EE	0xFB26	0x2FB260	0x2FB360	128	1	
2	6	989	0x25F0	0xFB36	0x2FB360	0x2FB460	128	1	
2	6	990	0x25F2	0xFB46	0x2FB460	0x2FB4E0	64	1	
2	6	991	0x25F4	0xFB4E	0x2FB4E0	0x2FB5E0	128	1	
2	6	992	0x25F6	0xFB5E	0x2FB5E0	0x2FB6E0	128	1	
2	6	993	0x25F8	0xFB6E	0x2FB6E0	0x2FB7E0	128	1	
2	6	994	0x25FA	0xFB7E	0x2FB7E0	0x2FB8E0	128	1	
2	6	995	0x25FC	0xFB8E	0x2FB8E0	0x2FB9E0	128	1	
2	6	996	0x25FE	0xFB9E	0x2FB9E0	0x2FBA60	64	1	
2	6	997	0x2600	0xFBA6	0x2FBA60	0x2FBAE0	64	1	
2	6	998	0x2602	0xFBAE	0x2FBAE0	0x2FBB60	64	1	
2	6	999	0x2604	0xFBB6	0x2FBB60	0x2FBC60	128	1	
2	6	1000	0x2606	0xFBC6	0x2FBC60	0x2FBD60	128	1	
2	6	1001	0x2608	0xFBD6	0x2FBD60	0x2FBE60	128	1	
2	6	1002	0x260A	0xFBE6	0x2FBE60	0x2FBF60	128	1	
2	6	1003	0x260C	0xFBF6	0x2FBF60	0x2FC060	128	1	
2	6	1004	0x260E	0xFC06	0x2FC060	0x2FC160	128	1	
2	6	1005	0x2610	0xFC16	0x2FC160	0x2FC260	128	1	
2	6	1006	0x2612	0xFC26	0x2FC260	0x2FC2E0	64	1	
2	6	1007	0x2614	0xFC2E	0x2FC2E0	0x2FC3E0	128	1	
2	6	1008	0x2616	0xFC3E	0x2FC3E0	0x2FC4E0	128	1	
2	6	1009	0x2618	0xFC4E	0x2FC4E0	0x2FC5E0	128	1	
2	6	1010	0x261A	0xFC5E	0x2FC5E0	0x2FC6E0	128	1	
2	6	1011	0x261C	0xFC6E	0x2FC6E0	0x2FC7E0	128	1	
2	6	1012	0x261E	0xFC7E	0x2FC7E0	0x2FC8E0	128	1	
2	6	1013	0x2620	0xFC8E	0x2FC8E0	0x2FC9E0	128	1	
2	6	1014	0x2622	0xFC9E	0x2FC9E0	0x2FCA60	64	1	
2	6	1015	0x2624	0xFCA6	0x2FCA60	0x2FCB60	128	1	
2	6	1016	0x2626	0xFCB6	0x2FCB60	0x2FCC60	128	1	
2	6	1017	0x2628	0xFCC6	0x2FCC60	0x2FCD60	128	1	
2	6	1018	0x262A	0xFCD6	0x2FCD60	0x2FCE60	128	1	
2	6	1019	0x262C	0xFCE6	0x2FCE60	0x2FCF60	128	1	
2	6	1020	0x262E	0xFCF6	0x2FCF60	0x2FD060	128	1	
2	6	1021	0x2630	0xFD06	0x2FD060	0x2FD160	128	1	
2	6	1022	0x2632	0xFD16	0x2FD160	0x2FD1E0	64	1	
2	6	1023	0x2634	0xFD1E	0x2FD1E0	0x2FD2E0	128	1	
2	6	1024	0x2636	0xFD2E	0x2FD2E0	0x2FD3E0	128	1	
2	6	1025	0x2638	0xFD3E	0x2FD3E0	0x2FD4E0	128	1	
2	6	1026	0x263A	0xFD4E	0x2FD4E0	0x2FD5E0	128	1	
2	6	1027	0x263C	0xFD5E	0x2FD5E0	0x2FD6E0	128	1	
2	6	1028	0x263E	0xFD6E	0x2FD6E0	0x2FD7E0	128	1	
2	6	1029	0x2640	0xFD7E	0x2FD7E0	0x2FD8E0	128	1	
2	6	1030	0x2642	0xFD8E	0x2FD8E0	0x2FD960	64	1	
2	6	1031	0x2644	0xFD96	0x2FD960	0x2FDA60	128	1	
2	6	1032	0x2646	0xFDA6	0x2FDA60	0x2FDB60	128	1	
2	6	1033	0x2648	0xFDB6	0x2FDB60	0x2FDC60	128	1	
2	6	1034	0x264A	0xFDC6	0x2FDC60	0x2FDD60	128	1	
2	6	1035	0x264C	0xFDD6	0x2FDD60	0x2FDE60	128	1	
2	6	1036	0x264E	0xFDE6	0x2FDE60	0x2FDF60	128	1	
2	6	1037	0x2650	0xFDF6	0x2FDF60	0x2FE060	128	1	
2	6	1038	0x2652	0xFE06	0x2FE060	0x2FE0E0	64	1	
2	6	1039	0x2654	0xFE0E	0x2FE0E0	0x2FE1E0	128	1	
2	6	1040	0x2656	0xFE1E	0x2FE1E0	0x2FE2E0	128	1	
2	6	1041	0x2658	0xFE2E	0x2FE2E0	0x2FE3E0	128	1	
2	6	1042	0x265A	0xFE3E	0x2FE3E0	0x2FE4E0	128	1	
2	6	1043	0x265C	0xFE4E	0x2FE4E0	0x2FE5E0	128	1	
2	6	1044	0x265E	0xFE5E	0x2FE5E0	0x2FE6E0	128	1	
2	6	1045	0x2660	0xFE6E	0x2FE6E0	0x2FE7E0	128	1	
2	6	1046	0x2662	0xFE7E	0x2FE7E0	0x2FE860	64	1	
2	6	1047	0x2664	0xFE86	0x2FE860	0x2FE960	128	1	
2	6	1048	0x2666	0xFE96	0x2FE960	0x2FEA60	128	1	
2	6	1049	0x2668	0xFEA6	0x2FEA60	0x2FEB60	128	1	
2	6	1050	0x266A	0xFEB6	0x2FEB60	0x2FEC60	128	1	
2	6	1051	0x266C	0xFEC6	0x2FEC60	0x2FED60	128	1	
2	6	1052	0x266E	0xFED6	0x2FED60	0x2FEE60	128	1	
2	6	1053	0x2670	0xFEE6	0x2FEE60	0x2FEF60	128	1	
2	6	1054	0x2672	0xFEF6	0x2FEF60	0x2FEFE0	64	1	
2	6	1055	0x2674	0xFEFE	0x2FEFE0	0x2FF0E0	128	1	
2	6	1056	0x2676	0xFF0E	0x2FF0E0	0x2FF1E0	128	1	
2	6	1057	0x2678	0xFF1E	0x2FF1E0	0x2FF2E0	128	1	
2	6	1058	0x267A	0xFF2E	0x2FF2E0	0x2FF3E0	128	1	
2	6	1059	0x267C	0xFF3E	0x2FF3E0	0x2FF4E0	128	1	
2	6	1060	0x267E	0xFF4E	0x2FF4E0	0x2FF5E0	128	1	
2	6	1061	0x2680	0xFF5E	0x2FF5E0	0x2FF6E0	128	1	
2	6	1062	0x2682	0xFF6E	0x2FF6E0	0x2FF760	64	1	
2	6	1063	0x2684	0xFF76	0x2FF760	0x2FF860	128	1	
2	6	1064	0x2686	0xFF86	0x2FF860	0x2FF960	128	1	
2	6	1065	0x2688	0xFF96	0x2FF960	0x2FFA60	128	1	
2	6	1066	0x268A	0xFFA6	0x2FFA60	0x2FFB60	128	1	
2	6	1067	0x268C	0xFFB6	0x2FFB60	0x2FFC60	128	1	
2	6	1068	0x268E	0xFFC6	0x2FFC60	0x2FFD60	128	1	
2	6	1069	0x2690	0xFFD6	0x2FFD60	0x2FFE60	128	1	
2	6	1070	0x2692	0xFFE6	0x2FFE60	0x2FFEE0	64	1	
2	6	1071	0x2694	0xFFEE	0x2FFEE0	0x300000	144	1	00/00 00/00 00/00 00/00 00/00
3	7	0	0x00E4	0x0024	0x300240	0x30CE60	26128	1	eb/80
3	7	1	0x00E8	0x0CE6	0x30CE60	0x317E80	22544	1	dc/80
3	7	2	0x00EC	0x17E8	0x317E80	0x322CA0	22288	1	dc/80
3	7	3	0x00F0	0x22CA	0x322CA0	0x32D2C0	21264	1	dd/80
3	7	4	0x00F4	0x2D2C	0x32D2C0	0x336FE0	20112	1	bb/80
3	7	5	0x00F8	0x36FE	0x336FE0	0x340600	19216	1	be/80
3	7	6	0x00FC	0x4060	0x340600	0x349920	18832	1	c0/80
3	7	7	0x0100	0x4992	0x349920	0x351B40	16656	1	e1/40
3	7	8	0x0104	0x51B4	0x351B40	0x359460	15504	1	ed/40
3	7	9	0x0108	0x5946	0x359460	0x35F680	12560	1	fb/40
3	7	10	0x010C	0x5F68	0x35F680	0x365360	11888	1	85/40
3	7	11	0x0110	0x6536	0x365360	0x36AD80	11536	1	90/40
3	7	12	0x0114	0x6AD8	0x36AD80	0x370060	10608	1	9e/40
3	7	13	0x0118	0x7006	0x370060	0x374820	9184	1	80/00 80/00
3	7	14	0x011E	0x7482	0x374820	0x3784C0	7760	1	80/00 80/00
3	7	15	0x0124	0x784C	0x3784C0	0x37C6C0	8448	1	80/00 80/00
3	7	16	0x012A	0x7C6C	0x37C6C0	0x3892E0	26128	1	eb/80
3	7	17	0x012E	0x892E	0x3892E0	0x394300	22544	1	dc/80
3	7	18	0x0132	0x9430	0x394300	0x39F120	22288	1	dc/80
3	7	19	0x0136	0x9F12	0x39F120	0x3A9740	21264	1	dd/80
3	7	20	0x013A	0xA974	0x3A9740	0x3B3460	20112	1	bb/80
3	7	21	0x013E	0xB346	0x3B3460	0x3BCA80	19216	1	be/80
3	7	22	0x0142	0xBCA8	0x3BCA80	0x3C5DA0	18832	1	c0/80
3	7	23	0x0146	0xC5DA	0x3C5DA0	0x3CDFC0	16656	1	e1/40
3	7	24	0x014A	0xCDFC	0x3CDFC0	0x3D58E0	15504	1	ed/40
3	7	25	0x014E	0xD58E	0x3D58E0	0x3DBB00	12560	1	fb/40
3	7	26	0x0152	0xDBB0	0x3DBB00	0x3E17E0	11888	1	85/40
3	7	27	0x0156	0xE17E	0x3E17E0	0x3E7200	11536	1	90/40
3	7	28	0x015A	0xE720	0x3E7200	0x3EC4E0	10608	1	9e/40
3	7	29	0x015E	0xEC4E	0x3EC4E0	0x3F0CA0	9184	1	80/00 80/00
3	7	30	0x0164	0xF0CA	0x3F0CA0	0x3F4940	7760	1	80/00 80/00
3	7	31	0x016A	0xF494	0x3F4940	0x3F8B40	8448	1	80/00 80/00
3	7	32	0x0170	0xF8B4	0x3F8B40	0x3FA140	2816	1	38/00 28/00 18/00 00/c0
3	7	33	0x017A	0xFA14	0x3FA140	0x3FBB40	3328	7	40/00 30/00 20/00 10/c0
3	7	34	0x0184	0xFA14	0x3FA140	0x3FBB40	3328	7	38/00 28/00 18/00 08/c0
3	7	35	0x018E	0xFA14	0x3FA140	0x3FBB40	3328	7	48/00 38/00 28/00 18/c0
3	7	36	0x0198	0xFA14	0x3FA140	0x3FBB40	3328	7	50/00 40/00 30/00 20/c0
3	7	37	0x01A2	0xFA14	0x3FA140	0x3FBB40	3328	7	58/00 48/00 38/00 28/c0
3	7	38	0x01AC	0xFA14	0x3FA140	0x3FBB40	3328	7	60/00 50/00 40/00 30/c0
3	7	39	0x01B6	0xFA14	0x3FA140	0x3FBB40	3328	7	68/00 58/00 48/00 38/c0
3	7	40	0x01C0	0xFBB4	0x3FBB40	0x3FD140	2816	4	40/00 38/00 28/00
3	7	41	0x01C8	0xFBB4	0x3FBB40	0x3FD140	2816	4	38/00 30/00 20/00
3	7	42	0x01D0	0xFBB4	0x3FBB40	0x3FD140	2816	4	48/00 40/00 30/00
3	7	43	0x01D8	0xFBB4	0x3FBB40	0x3FD140	2816	4	50/00 48/00 38/00
3	7	44	0x01E0	0xFD14	0x3FD140	0x3FD940	1024	1	00/c0
3	7	45	0x01E4	0xFD94	0x3FD940	0x3FDF40	768	1	00/c0
3	7	46	0x01E8	0xFDF4	0x3FDF40	0x3FE1C0	320	1	00/c0
3	7	47	0x01EC	0xFE1C	0x3FE1C0	0x3FE3C0	256	1	00/c0
3	7	48	0x01F0	0xFE3C	0x3FE3C0	0x3FE5C0	256	1	00/c0
3	7	49	0x01F4	0xFE5C	0x3FE5C0	0x3FF5C0	2048	2	38/00 28/00 00/c0
3	7	50	0x01FC	0xFE5C	0x3FE5C0	0x3FF5C0	2048	2	40/00 30/00 00/c0
3	7	51	0x0204	0xFF5C	0x3FF5C0	0x400000	1312	6	40/00 30/00 20/c0
3	7	52	0x020C	0xFF5C	0x3FF5C0	0x400000	1312	6	48/00 38/00 28/c0
3	7	53	0x0214	0xFF5C	0x3FF5C0	0x400000	1312	6	50/00 40/00 30/c0
3	7	54	0x021C	0xFF5C	0x3FF5C0	0x400000	1312	6	58/00 48/00 38/c0
3	7	55	0x0224	0xFF5C	0x3FF5C0	0x400000	1312	6	60/00 50/00 40/c0
3	7	56	0x022C	0xFF5C	0x3FF5C0	0x400000	1312	6	68/00 58/00 48/c0 00/00 00/00 00/00 00/00 00/00 00/00
